"Id (int)";"CreatedAt (datetime2)";"Payload (nvarchar)"
"1";"01/01/2020 00:00:00";"test;""Ä…"
"2";"01/01/2020 00:00:00";"test;""Ä…"
"3";"01/01/2020 00:00:00";"test;""Ä…"
"4";"01/01/2020 00:00:00";"test;""Ä…"
"5";"01/01/2020 00:00:00";"test;""Ä…"
"6";"01/01/2020 00:00:00";"test;""Ä…"
"7";"01/01/2020 00:00:00";"test;""Ä…"
"8";"01/01/2020 00:00:00";"test;""Ä…"
"9";"01/01/2020 00:00:00";"test;""Ä…"
"10";"01/01/2020 00:00:00";"test;""Ä…"
"11";"01/01/2020 00:00:00";"test;""Ä…"
"12";"01/01/2020 00:00:00";"test;""Ä…"
"13";"01/01/2020 00:00:00";"test;""Ä…"
"14";"01/01/2020 00:00:00";"test;""Ä…"
"15";"01/01/2020 00:00:00";"test;""Ä…"
"16";"01/01/2020 00:00:00";"test;""Ä…"
"17";"01/01/2020 00:00:00";"test;""Ä…"
"18";"01/01/2020 00:00:00";"test;""Ä…"
"19";"01/01/2020 00:00:00";"test;""Ä…"
"20";"01/01/2020 00:00:00";"test;""Ä…"
"21";"01/01/2020 00:00:00";"test;""Ä…"
"22";"01/01/2020 00:00:00";"test;""Ä…"
"23";"01/01/2020 00:00:00";"test;""Ä…"
"24";"01/01/2020 00:00:00";"test;""Ä…"
"25";"01/01/2020 00:00:00";"test;""Ä…"
"26";"01/01/2020 00:00:00";"test;""Ä…"
"27";"01/01/2020 00:00:00";"test;""Ä…"
"28";"01/01/2020 00:00:00";"test;""Ä…"
"29";"01/01/2020 00:00:00";"test;""Ä…"
"30";"01/01/2020 00:00:00";"test;""Ä…"
"31";"01/01/2020 00:00:00";"test;""Ä…"
"32";"01/01/2020 00:00:00";"test;""Ä…"
"33";"01/01/2020 00:00:00";"test;""Ä…"
"34";"01/01/2020 00:00:00";"test;""Ä…"
"35";"01/01/2020 00:00:00";"test;""Ä…"
"36";"01/01/2020 00:00:00";"test;""Ä…"
"37";"01/01/2020 00:00:00";"test;""Ä…"
"38";"01/01/2020 00:00:00";"test;""Ä…"
"39";"01/01/2020 00:00:00";"test;""Ä…"
"40";"01/01/2020 00:00:00";"test;""Ä…"
"41";"01/01/2020 00:00:00";"test;""Ä…"
"42";"01/01/2020 00:00:00";"test;""Ä…"
"43";"01/01/2020 00:00:00";"test;""Ä…"
"44";"01/01/2020 00:00:00";"test;""Ä…"
"45";"01/01/2020 00:00:00";"test;""Ä…"
"46";"01/01/2020 00:00:00";"test;""Ä…"
"47";"01/01/2020 00:00:00";"test;""Ä…"
"48";"01/01/2020 00:00:00";"test;""Ä…"
"49";"01/01/2020 00:00:00";"test;""Ä…"
"50";"01/01/2020 00:00:00";"test;""Ä…"
"51";"01/01/2020 00:00:00";"test;""Ä…"
"52";"01/01/2020 00:00:00";"test;""Ä…"
"53";"01/01/2020 00:00:00";"test;""Ä…"
"54";"01/01/2020 00:00:00";"test;""Ä…"
"55";"01/01/2020 00:00:00";"test;""Ä…"
"56";"01/01/2020 00:00:00";"test;""Ä…"
"57";"01/01/2020 00:00:00";"test;""Ä…"
"58";"01/01/2020 00:00:00";"test;""Ä…"
"59";"01/01/2020 00:00:00";"test;""Ä…"
"60";"01/01/2020 00:00:00";"test;""Ä…"
"61";"01/01/2020 00:00:00";"test;""Ä…"
"62";"01/01/2020 00:00:00";"test;""Ä…"
"63";"01/01/2020 00:00:00";"test;""Ä…"
"64";"01/01/2020 00:00:00";"test;""Ä…"
"65";"01/01/2020 00:00:00";"test;""Ä…"
"66";"01/01/2020 00:00:00";"test;""Ä…"
"67";"01/01/2020 00:00:00";"test;""Ä…"
"68";"01/01/2020 00:00:00";"test;""Ä…"
"69";"01/01/2020 00:00:00";"test;""Ä…"
"70";"01/01/2020 00:00:00";"test;""Ä…"
"71";"01/01/2020 00:00:00";"test;""Ä…"
"72";"01/01/2020 00:00:00";"test;""Ä…"
"73";"01/01/2020 00:00:00";"test;""Ä…"
"74";"01/01/2020 00:00:00";"test;""Ä…"
"75";"01/01/2020 00:00:00";"test;""Ä…"
"76";"01/01/2020 00:00:00";"test;""Ä…"
"77";"01/01/2020 00:00:00";"test;""Ä…"
"78";"01/01/2020 00:00:00";"test;""Ä…"
"79";"01/01/2020 00:00:00";"test;""Ä…"
"80";"01/01/2020 00:00:00";"test;""Ä…"
"81";"01/01/2020 00:00:00";"test;""Ä…"
"82";"01/01/2020 00:00:00";"test;""Ä…"
"83";"01/01/2020 00:00:00";"test;""Ä…"
"84";"01/01/2020 00:00:00";"test;""Ä…"
"85";"01/01/2020 00:00:00";"test;""Ä…"
"86";"01/01/2020 00:00:00";"test;""Ä…"
"87";"01/01/2020 00:00:00";"test;""Ä…"
"88";"01/01/2020 00:00:00";"test;""Ä…"
"89";"01/01/2020 00:00:00";"test;""Ä…"
"90";"01/01/2020 00:00:00";"test;""Ä…"
"91";"01/01/2020 00:00:00";"test;""Ä…"
"92";"01/01/2020 00:00:00";"test;""Ä…"
"93";"01/01/2020 00:00:00";"test;""Ä…"
"94";"01/01/2020 00:00:00";"test;""Ä…"
"95";"01/01/2020 00:00:00";"test;""Ä…"
"96";"01/01/2020 00:00:00";"test;""Ä…"
"97";"01/01/2020 00:00:00";"test;""Ä…"
"98";"01/01/2020 00:00:00";"test;""Ä…"
"99";"01/01/2020 00:00:00";"test;""Ä…"
"100";"01/01/2020 00:00:00";"test;""Ä…"
"101";"01/01/2020 00:00:00";"test;""Ä…"
"102";"01/01/2020 00:00:00";"test;""Ä…"
"103";"01/01/2020 00:00:00";"test;""Ä…"
"104";"01/01/2020 00:00:00";"test;""Ä…"
"105";"01/01/2020 00:00:00";"test;""Ä…"
"106";"01/01/2020 00:00:00";"test;""Ä…"
"107";"01/01/2020 00:00:00";"test;""Ä…"
"108";"01/01/2020 00:00:00";"test;""Ä…"
"109";"01/01/2020 00:00:00";"test;""Ä…"
"110";"01/01/2020 00:00:00";"test;""Ä…"
"111";"01/01/2020 00:00:00";"test;""Ä…"
"112";"01/01/2020 00:00:00";"test;""Ä…"
"113";"01/01/2020 00:00:00";"test;""Ä…"
"114";"01/01/2020 00:00:00";"test;""Ä…"
"115";"01/01/2020 00:00:00";"test;""Ä…"
"116";"01/01/2020 00:00:00";"test;""Ä…"
"117";"01/01/2020 00:00:00";"test;""Ä…"
"118";"01/01/2020 00:00:00";"test;""Ä…"
"119";"01/01/2020 00:00:00";"test;""Ä…"
"120";"01/01/2020 00:00:00";"test;""Ä…"
"121";"01/01/2020 00:00:00";"test;""Ä…"
"122";"01/01/2020 00:00:00";"test;""Ä…"
"123";"01/01/2020 00:00:00";"test;""Ä…"
"124";"01/01/2020 00:00:00";"test;""Ä…"
"125";"01/01/2020 00:00:00";"test;""Ä…"
"126";"01/01/2020 00:00:00";"test;""Ä…"
"127";"01/01/2020 00:00:00";"test;""Ä…"
"128";"01/01/2020 00:00:00";"test;""Ä…"
"129";"01/01/2020 00:00:00";"test;""Ä…"
"130";"01/01/2020 00:00:00";"test;""Ä…"
"131";"01/01/2020 00:00:00";"test;""Ä…"
"132";"01/01/2020 00:00:00";"test;""Ä…"
"133";"01/01/2020 00:00:00";"test;""Ä…"
"134";"01/01/2020 00:00:00";"test;""Ä…"
"135";"01/01/2020 00:00:00";"test;""Ä…"
"136";"01/01/2020 00:00:00";"test;""Ä…"
"137";"01/01/2020 00:00:00";"test;""Ä…"
"138";"01/01/2020 00:00:00";"test;""Ä…"
"139";"01/01/2020 00:00:00";"test;""Ä…"
"140";"01/01/2020 00:00:00";"test;""Ä…"
"141";"01/01/2020 00:00:00";"test;""Ä…"
"142";"01/01/2020 00:00:00";"test;""Ä…"
"143";"01/01/2020 00:00:00";"test;""Ä…"
"144";"01/01/2020 00:00:00";"test;""Ä…"
"145";"01/01/2020 00:00:00";"test;""Ä…"
"146";"01/01/2020 00:00:00";"test;""Ä…"
"147";"01/01/2020 00:00:00";"test;""Ä…"
"148";"01/01/2020 00:00:00";"test;""Ä…"
"149";"01/01/2020 00:00:00";"test;""Ä…"
"150";"01/01/2020 00:00:00";"test;""Ä…"
"151";"01/01/2020 00:00:00";"test;""Ä…"
"152";"01/01/2020 00:00:00";"test;""Ä…"
"153";"01/01/2020 00:00:00";"test;""Ä…"
"154";"01/01/2020 00:00:00";"test;""Ä…"
"155";"01/01/2020 00:00:00";"test;""Ä…"
"156";"01/01/2020 00:00:00";"test;""Ä…"
"157";"01/01/2020 00:00:00";"test;""Ä…"
"158";"01/01/2020 00:00:00";"test;""Ä…"
"159";"01/01/2020 00:00:00";"test;""Ä…"
"160";"01/01/2020 00:00:00";"test;""Ä…"
"161";"01/01/2020 00:00:00";"test;""Ä…"
"162";"01/01/2020 00:00:00";"test;""Ä…"
"163";"01/01/2020 00:00:00";"test;""Ä…"
"164";"01/01/2020 00:00:00";"test;""Ä…"
"165";"01/01/2020 00:00:00";"test;""Ä…"
"166";"01/01/2020 00:00:00";"test;""Ä…"
"167";"01/01/2020 00:00:00";"test;""Ä…"
"168";"01/01/2020 00:00:00";"test;""Ä…"
"169";"01/01/2020 00:00:00";"test;""Ä…"
"170";"01/01/2020 00:00:00";"test;""Ä…"
"171";"01/01/2020 00:00:00";"test;""Ä…"
"172";"01/01/2020 00:00:00";"test;""Ä…"
"173";"01/01/2020 00:00:00";"test;""Ä…"
"174";"01/01/2020 00:00:00";"test;""Ä…"
"175";"01/01/2020 00:00:00";"test;""Ä…"
"176";"01/01/2020 00:00:00";"test;""Ä…"
"177";"01/01/2020 00:00:00";"test;""Ä…"
"178";"01/01/2020 00:00:00";"test;""Ä…"
"179";"01/01/2020 00:00:00";"test;""Ä…"
"180";"01/01/2020 00:00:00";"test;""Ä…"
"181";"01/01/2020 00:00:00";"test;""Ä…"
"182";"01/01/2020 00:00:00";"test;""Ä…"
"183";"01/01/2020 00:00:00";"test;""Ä…"
"184";"01/01/2020 00:00:00";"test;""Ä…"
"185";"01/01/2020 00:00:00";"test;""Ä…"
"186";"01/01/2020 00:00:00";"test;""Ä…"
"187";"01/01/2020 00:00:00";"test;""Ä…"
"188";"01/01/2020 00:00:00";"test;""Ä…"
"189";"01/01/2020 00:00:00";"test;""Ä…"
"190";"01/01/2020 00:00:00";"test;""Ä…"
"191";"01/01/2020 00:00:00";"test;""Ä…"
"192";"01/01/2020 00:00:00";"test;""Ä…"
"193";"01/01/2020 00:00:00";"test;""Ä…"
"194";"01/01/2020 00:00:00";"test;""Ä…"
"195";"01/01/2020 00:00:00";"test;""Ä…"
"196";"01/01/2020 00:00:00";"test;""Ä…"
"197";"01/01/2020 00:00:00";"test;""Ä…"
"198";"01/01/2020 00:00:00";"test;""Ä…"
"199";"01/01/2020 00:00:00";"test;""Ä…"
"200";"01/01/2020 00:00:00";"test;""Ä…"
"201";"01/01/2020 00:00:00";"test;""Ä…"
"202";"01/01/2020 00:00:00";"test;""Ä…"
"203";"01/01/2020 00:00:00";"test;""Ä…"
"204";"01/01/2020 00:00:00";"test;""Ä…"
"205";"01/01/2020 00:00:00";"test;""Ä…"
"206";"01/01/2020 00:00:00";"test;""Ä…"
"207";"01/01/2020 00:00:00";"test;""Ä…"
"208";"01/01/2020 00:00:00";"test;""Ä…"
"209";"01/01/2020 00:00:00";"test;""Ä…"
"210";"01/01/2020 00:00:00";"test;""Ä…"
"211";"01/01/2020 00:00:00";"test;""Ä…"
"212";"01/01/2020 00:00:00";"test;""Ä…"
"213";"01/01/2020 00:00:00";"test;""Ä…"
"214";"01/01/2020 00:00:00";"test;""Ä…"
"215";"01/01/2020 00:00:00";"test;""Ä…"
"216";"01/01/2020 00:00:00";"test;""Ä…"
"217";"01/01/2020 00:00:00";"test;""Ä…"
"218";"01/01/2020 00:00:00";"test;""Ä…"
"219";"01/01/2020 00:00:00";"test;""Ä…"
"220";"01/01/2020 00:00:00";"test;""Ä…"
"221";"01/01/2020 00:00:00";"test;""Ä…"
"222";"01/01/2020 00:00:00";"test;""Ä…"
"223";"01/01/2020 00:00:00";"test;""Ä…"
"224";"01/01/2020 00:00:00";"test;""Ä…"
"225";"01/01/2020 00:00:00";"test;""Ä…"
"226";"01/01/2020 00:00:00";"test;""Ä…"
"227";"01/01/2020 00:00:00";"test;""Ä…"
"228";"01/01/2020 00:00:00";"test;""Ä…"
"229";"01/01/2020 00:00:00";"test;""Ä…"
"230";"01/01/2020 00:00:00";"test;""Ä…"
"231";"01/01/2020 00:00:00";"test;""Ä…"
"232";"01/01/2020 00:00:00";"test;""Ä…"
"233";"01/01/2020 00:00:00";"test;""Ä…"
"234";"01/01/2020 00:00:00";"test;""Ä…"
"235";"01/01/2020 00:00:00";"test;""Ä…"
"236";"01/01/2020 00:00:00";"test;""Ä…"
"237";"01/01/2020 00:00:00";"test;""Ä…"
"238";"01/01/2020 00:00:00";"test;""Ä…"
"239";"01/01/2020 00:00:00";"test;""Ä…"
"240";"01/01/2020 00:00:00";"test;""Ä…"
"241";"01/01/2020 00:00:00";"test;""Ä…"
"242";"01/01/2020 00:00:00";"test;""Ä…"
"243";"01/01/2020 00:00:00";"test;""Ä…"
"244";"01/01/2020 00:00:00";"test;""Ä…"
"245";"01/01/2020 00:00:00";"test;""Ä…"
"246";"01/01/2020 00:00:00";"test;""Ä…"
"247";"01/01/2020 00:00:00";"test;""Ä…"
"248";"01/01/2020 00:00:00";"test;""Ä…"
"249";"01/01/2020 00:00:00";"test;""Ä…"
"250";"01/01/2020 00:00:00";"test;""Ä…"
"251";"01/01/2020 00:00:00";"test;""Ä…"
"252";"01/01/2020 00:00:00";"test;""Ä…"
"253";"01/01/2020 00:00:00";"test;""Ä…"
"254";"01/01/2020 00:00:00";"test;""Ä…"
"255";"01/01/2020 00:00:00";"test;""Ä…"
"256";"01/01/2020 00:00:00";"test;""Ä…"
"257";"01/01/2020 00:00:00";"test;""Ä…"
"258";"01/01/2020 00:00:00";"test;""Ä…"
"259";"01/01/2020 00:00:00";"test;""Ä…"
"260";"01/01/2020 00:00:00";"test;""Ä…"
"261";"01/01/2020 00:00:00";"test;""Ä…"
"262";"01/01/2020 00:00:00";"test;""Ä…"
"263";"01/01/2020 00:00:00";"test;""Ä…"
"264";"01/01/2020 00:00:00";"test;""Ä…"
"265";"01/01/2020 00:00:00";"test;""Ä…"
"266";"01/01/2020 00:00:00";"test;""Ä…"
"267";"01/01/2020 00:00:00";"test;""Ä…"
"268";"01/01/2020 00:00:00";"test;""Ä…"
"269";"01/01/2020 00:00:00";"test;""Ä…"
"270";"01/01/2020 00:00:00";"test;""Ä…"
"271";"01/01/2020 00:00:00";"test;""Ä…"
"272";"01/01/2020 00:00:00";"test;""Ä…"
"273";"01/01/2020 00:00:00";"test;""Ä…"
"274";"01/01/2020 00:00:00";"test;""Ä…"
"275";"01/01/2020 00:00:00";"test;""Ä…"
"276";"01/01/2020 00:00:00";"test;""Ä…"
"277";"01/01/2020 00:00:00";"test;""Ä…"
"278";"01/01/2020 00:00:00";"test;""Ä…"
"279";"01/01/2020 00:00:00";"test;""Ä…"
"280";"01/01/2020 00:00:00";"test;""Ä…"
"281";"01/01/2020 00:00:00";"test;""Ä…"
"282";"01/01/2020 00:00:00";"test;""Ä…"
"283";"01/01/2020 00:00:00";"test;""Ä…"
"284";"01/01/2020 00:00:00";"test;""Ä…"
"285";"01/01/2020 00:00:00";"test;""Ä…"
"286";"01/01/2020 00:00:00";"test;""Ä…"
"287";"01/01/2020 00:00:00";"test;""Ä…"
"288";"01/01/2020 00:00:00";"test;""Ä…"
"289";"01/01/2020 00:00:00";"test;""Ä…"
"290";"01/01/2020 00:00:00";"test;""Ä…"
"291";"01/01/2020 00:00:00";"test;""Ä…"
"292";"01/01/2020 00:00:00";"test;""Ä…"
"293";"01/01/2020 00:00:00";"test;""Ä…"
"294";"01/01/2020 00:00:00";"test;""Ä…"
"295";"01/01/2020 00:00:00";"test;""Ä…"
"296";"01/01/2020 00:00:00";"test;""Ä…"
"297";"01/01/2020 00:00:00";"test;""Ä…"
"298";"01/01/2020 00:00:00";"test;""Ä…"
"299";"01/01/2020 00:00:00";"test;""Ä…"
"300";"01/01/2020 00:00:00";"test;""Ä…"
"301";"01/01/2020 00:00:00";"test;""Ä…"
"302";"01/01/2020 00:00:00";"test;""Ä…"
"303";"01/01/2020 00:00:00";"test;""Ä…"
"304";"01/01/2020 00:00:00";"test;""Ä…"
"305";"01/01/2020 00:00:00";"test;""Ä…"
"306";"01/01/2020 00:00:00";"test;""Ä…"
"307";"01/01/2020 00:00:00";"test;""Ä…"
"308";"01/01/2020 00:00:00";"test;""Ä…"
"309";"01/01/2020 00:00:00";"test;""Ä…"
"310";"01/01/2020 00:00:00";"test;""Ä…"
"311";"01/01/2020 00:00:00";"test;""Ä…"
"312";"01/01/2020 00:00:00";"test;""Ä…"
"313";"01/01/2020 00:00:00";"test;""Ä…"
"314";"01/01/2020 00:00:00";"test;""Ä…"
"315";"01/01/2020 00:00:00";"test;""Ä…"
"316";"01/01/2020 00:00:00";"test;""Ä…"
"317";"01/01/2020 00:00:00";"test;""Ä…"
"318";"01/01/2020 00:00:00";"test;""Ä…"
"319";"01/01/2020 00:00:00";"test;""Ä…"
"320";"01/01/2020 00:00:00";"test;""Ä…"
"321";"01/01/2020 00:00:00";"test;""Ä…"
"322";"01/01/2020 00:00:00";"test;""Ä…"
"323";"01/01/2020 00:00:00";"test;""Ä…"
"324";"01/01/2020 00:00:00";"test;""Ä…"
"325";"01/01/2020 00:00:00";"test;""Ä…"
"326";"01/01/2020 00:00:00";"test;""Ä…"
"327";"01/01/2020 00:00:00";"test;""Ä…"
"328";"01/01/2020 00:00:00";"test;""Ä…"
"329";"01/01/2020 00:00:00";"test;""Ä…"
"330";"01/01/2020 00:00:00";"test;""Ä…"
"331";"01/01/2020 00:00:00";"test;""Ä…"
"332";"01/01/2020 00:00:00";"test;""Ä…"
"333";"01/01/2020 00:00:00";"test;""Ä…"
"334";"01/01/2020 00:00:00";"test;""Ä…"
"335";"01/01/2020 00:00:00";"test;""Ä…"
"336";"01/01/2020 00:00:00";"test;""Ä…"
"337";"01/01/2020 00:00:00";"test;""Ä…"
"338";"01/01/2020 00:00:00";"test;""Ä…"
"339";"01/01/2020 00:00:00";"test;""Ä…"
"340";"01/01/2020 00:00:00";"test;""Ä…"
"341";"01/01/2020 00:00:00";"test;""Ä…"
"342";"01/01/2020 00:00:00";"test;""Ä…"
"343";"01/01/2020 00:00:00";"test;""Ä…"
"344";"01/01/2020 00:00:00";"test;""Ä…"
"345";"01/01/2020 00:00:00";"test;""Ä…"
"346";"01/01/2020 00:00:00";"test;""Ä…"
"347";"01/01/2020 00:00:00";"test;""Ä…"
"348";"01/01/2020 00:00:00";"test;""Ä…"
"349";"01/01/2020 00:00:00";"test;""Ä…"
"350";"01/01/2020 00:00:00";"test;""Ä…"
"351";"01/01/2020 00:00:00";"test;""Ä…"
"352";"01/01/2020 00:00:00";"test;""Ä…"
"353";"01/01/2020 00:00:00";"test;""Ä…"
"354";"01/01/2020 00:00:00";"test;""Ä…"
"355";"01/01/2020 00:00:00";"test;""Ä…"
"356";"01/01/2020 00:00:00";"test;""Ä…"
"357";"01/01/2020 00:00:00";"test;""Ä…"
"358";"01/01/2020 00:00:00";"test;""Ä…"
"359";"01/01/2020 00:00:00";"test;""Ä…"
"360";"01/01/2020 00:00:00";"test;""Ä…"
"361";"01/01/2020 00:00:00";"test;""Ä…"
"362";"01/01/2020 00:00:00";"test;""Ä…"
"363";"01/01/2020 00:00:00";"test;""Ä…"
"364";"01/01/2020 00:00:00";"test;""Ä…"
"365";"01/01/2020 00:00:00";"test;""Ä…"
"366";"01/01/2020 00:00:00";"test;""Ä…"
"367";"01/01/2020 00:00:00";"test;""Ä…"
"368";"01/01/2020 00:00:00";"test;""Ä…"
"369";"01/01/2020 00:00:00";"test;""Ä…"
"370";"01/01/2020 00:00:00";"test;""Ä…"
"371";"01/01/2020 00:00:00";"test;""Ä…"
"372";"01/01/2020 00:00:00";"test;""Ä…"
"373";"01/01/2020 00:00:00";"test;""Ä…"
"374";"01/01/2020 00:00:00";"test;""Ä…"
"375";"01/01/2020 00:00:00";"test;""Ä…"
"376";"01/01/2020 00:00:00";"test;""Ä…"
"377";"01/01/2020 00:00:00";"test;""Ä…"
"378";"01/01/2020 00:00:00";"test;""Ä…"
"379";"01/01/2020 00:00:00";"test;""Ä…"
"380";"01/01/2020 00:00:00";"test;""Ä…"
"381";"01/01/2020 00:00:00";"test;""Ä…"
"382";"01/01/2020 00:00:00";"test;""Ä…"
"383";"01/01/2020 00:00:00";"test;""Ä…"
"384";"01/01/2020 00:00:00";"test;""Ä…"
"385";"01/01/2020 00:00:00";"test;""Ä…"
"386";"01/01/2020 00:00:00";"test;""Ä…"
"387";"01/01/2020 00:00:00";"test;""Ä…"
"388";"01/01/2020 00:00:00";"test;""Ä…"
"389";"01/01/2020 00:00:00";"test;""Ä…"
"390";"01/01/2020 00:00:00";"test;""Ä…"
"391";"01/01/2020 00:00:00";"test;""Ä…"
"392";"01/01/2020 00:00:00";"test;""Ä…"
"393";"01/01/2020 00:00:00";"test;""Ä…"
"394";"01/01/2020 00:00:00";"test;""Ä…"
"395";"01/01/2020 00:00:00";"test;""Ä…"
"396";"01/01/2020 00:00:00";"test;""Ä…"
"397";"01/01/2020 00:00:00";"test;""Ä…"
"398";"01/01/2020 00:00:00";"test;""Ä…"
"399";"01/01/2020 00:00:00";"test;""Ä…"
"400";"01/01/2020 00:00:00";"test;""Ä…"
"401";"01/01/2020 00:00:00";"test;""Ä…"
"402";"01/01/2020 00:00:00";"test;""Ä…"
"403";"01/01/2020 00:00:00";"test;""Ä…"
"404";"01/01/2020 00:00:00";"test;""Ä…"
"405";"01/01/2020 00:00:00";"test;""Ä…"
"406";"01/01/2020 00:00:00";"test;""Ä…"
"407";"01/01/2020 00:00:00";"test;""Ä…"
"408";"01/01/2020 00:00:00";"test;""Ä…"
"409";"01/01/2020 00:00:00";"test;""Ä…"
"410";"01/01/2020 00:00:00";"test;""Ä…"
"411";"01/01/2020 00:00:00";"test;""Ä…"
"412";"01/01/2020 00:00:00";"test;""Ä…"
"413";"01/01/2020 00:00:00";"test;""Ä…"
"414";"01/01/2020 00:00:00";"test;""Ä…"
"415";"01/01/2020 00:00:00";"test;""Ä…"
"416";"01/01/2020 00:00:00";"test;""Ä…"
"417";"01/01/2020 00:00:00";"test;""Ä…"
"418";"01/01/2020 00:00:00";"test;""Ä…"
"419";"01/01/2020 00:00:00";"test;""Ä…"
"420";"01/01/2020 00:00:00";"test;""Ä…"
"421";"01/01/2020 00:00:00";"test;""Ä…"
"422";"01/01/2020 00:00:00";"test;""Ä…"
"423";"01/01/2020 00:00:00";"test;""Ä…"
"424";"01/01/2020 00:00:00";"test;""Ä…"
"425";"01/01/2020 00:00:00";"test;""Ä…"
"426";"01/01/2020 00:00:00";"test;""Ä…"
"427";"01/01/2020 00:00:00";"test;""Ä…"
"428";"01/01/2020 00:00:00";"test;""Ä…"
"429";"01/01/2020 00:00:00";"test;""Ä…"
"430";"01/01/2020 00:00:00";"test;""Ä…"
"431";"01/01/2020 00:00:00";"test;""Ä…"
"432";"01/01/2020 00:00:00";"test;""Ä…"
"433";"01/01/2020 00:00:00";"test;""Ä…"
"434";"01/01/2020 00:00:00";"test;""Ä…"
"435";"01/01/2020 00:00:00";"test;""Ä…"
"436";"01/01/2020 00:00:00";"test;""Ä…"
"437";"01/01/2020 00:00:00";"test;""Ä…"
"438";"01/01/2020 00:00:00";"test;""Ä…"
"439";"01/01/2020 00:00:00";"test;""Ä…"
"440";"01/01/2020 00:00:00";"test;""Ä…"
"441";"01/01/2020 00:00:00";"test;""Ä…"
"442";"01/01/2020 00:00:00";"test;""Ä…"
"443";"01/01/2020 00:00:00";"test;""Ä…"
"444";"01/01/2020 00:00:00";"test;""Ä…"
"445";"01/01/2020 00:00:00";"test;""Ä…"
"446";"01/01/2020 00:00:00";"test;""Ä…"
"447";"01/01/2020 00:00:00";"test;""Ä…"
"448";"01/01/2020 00:00:00";"test;""Ä…"
"449";"01/01/2020 00:00:00";"test;""Ä…"
"450";"01/01/2020 00:00:00";"test;""Ä…"
"451";"01/01/2020 00:00:00";"test;""Ä…"
"452";"01/01/2020 00:00:00";"test;""Ä…"
"453";"01/01/2020 00:00:00";"test;""Ä…"
"454";"01/01/2020 00:00:00";"test;""Ä…"
"455";"01/01/2020 00:00:00";"test;""Ä…"
"456";"01/01/2020 00:00:00";"test;""Ä…"
"457";"01/01/2020 00:00:00";"test;""Ä…"
"458";"01/01/2020 00:00:00";"test;""Ä…"
"459";"01/01/2020 00:00:00";"test;""Ä…"
"460";"01/01/2020 00:00:00";"test;""Ä…"
"461";"01/01/2020 00:00:00";"test;""Ä…"
"462";"01/01/2020 00:00:00";"test;""Ä…"
"463";"01/01/2020 00:00:00";"test;""Ä…"
"464";"01/01/2020 00:00:00";"test;""Ä…"
"465";"01/01/2020 00:00:00";"test;""Ä…"
"466";"01/01/2020 00:00:00";"test;""Ä…"
"467";"01/01/2020 00:00:00";"test;""Ä…"
"468";"01/01/2020 00:00:00";"test;""Ä…"
"469";"01/01/2020 00:00:00";"test;""Ä…"
"470";"01/01/2020 00:00:00";"test;""Ä…"
"471";"01/01/2020 00:00:00";"test;""Ä…"
"472";"01/01/2020 00:00:00";"test;""Ä…"
"473";"01/01/2020 00:00:00";"test;""Ä…"
"474";"01/01/2020 00:00:00";"test;""Ä…"
"475";"01/01/2020 00:00:00";"test;""Ä…"
"476";"01/01/2020 00:00:00";"test;""Ä…"
"477";"01/01/2020 00:00:00";"test;""Ä…"
"478";"01/01/2020 00:00:00";"test;""Ä…"
"479";"01/01/2020 00:00:00";"test;""Ä…"
"480";"01/01/2020 00:00:00";"test;""Ä…"
"481";"01/01/2020 00:00:00";"test;""Ä…"
"482";"01/01/2020 00:00:00";"test;""Ä…"
"483";"01/01/2020 00:00:00";"test;""Ä…"
"484";"01/01/2020 00:00:00";"test;""Ä…"
"485";"01/01/2020 00:00:00";"test;""Ä…"
"486";"01/01/2020 00:00:00";"test;""Ä…"
"487";"01/01/2020 00:00:00";"test;""Ä…"
"488";"01/01/2020 00:00:00";"test;""Ä…"
"489";"01/01/2020 00:00:00";"test;""Ä…"
"490";"01/01/2020 00:00:00";"test;""Ä…"
"491";"01/01/2020 00:00:00";"test;""Ä…"
"492";"01/01/2020 00:00:00";"test;""Ä…"
"493";"01/01/2020 00:00:00";"test;""Ä…"
"494";"01/01/2020 00:00:00";"test;""Ä…"
"495";"01/01/2020 00:00:00";"test;""Ä…"
"496";"01/01/2020 00:00:00";"test;""Ä…"
"497";"01/01/2020 00:00:00";"test;""Ä…"
"498";"01/01/2020 00:00:00";"test;""Ä…"
"499";"01/01/2020 00:00:00";"test;""Ä…"
"500";"01/01/2020 00:00:00";"test;""Ä…"
"501";"01/01/2020 00:00:00";"test;""Ä…"
"502";"01/01/2020 00:00:00";"test;""Ä…"
"503";"01/01/2020 00:00:00";"test;""Ä…"
"504";"01/01/2020 00:00:00";"test;""Ä…"
"505";"01/01/2020 00:00:00";"test;""Ä…"
"506";"01/01/2020 00:00:00";"test;""Ä…"
"507";"01/01/2020 00:00:00";"test;""Ä…"
"508";"01/01/2020 00:00:00";"test;""Ä…"
"509";"01/01/2020 00:00:00";"test;""Ä…"
"510";"01/01/2020 00:00:00";"test;""Ä…"
"511";"01/01/2020 00:00:00";"test;""Ä…"
"512";"01/01/2020 00:00:00";"test;""Ä…"
"513";"01/01/2020 00:00:00";"test;""Ä…"
"514";"01/01/2020 00:00:00";"test;""Ä…"
"515";"01/01/2020 00:00:00";"test;""Ä…"
"516";"01/01/2020 00:00:00";"test;""Ä…"
"517";"01/01/2020 00:00:00";"test;""Ä…"
"518";"01/01/2020 00:00:00";"test;""Ä…"
"519";"01/01/2020 00:00:00";"test;""Ä…"
"520";"01/01/2020 00:00:00";"test;""Ä…"
"521";"01/01/2020 00:00:00";"test;""Ä…"
"522";"01/01/2020 00:00:00";"test;""Ä…"
"523";"01/01/2020 00:00:00";"test;""Ä…"
"524";"01/01/2020 00:00:00";"test;""Ä…"
"525";"01/01/2020 00:00:00";"test;""Ä…"
"526";"01/01/2020 00:00:00";"test;""Ä…"
"527";"01/01/2020 00:00:00";"test;""Ä…"
"528";"01/01/2020 00:00:00";"test;""Ä…"
"529";"01/01/2020 00:00:00";"test;""Ä…"
"530";"01/01/2020 00:00:00";"test;""Ä…"
"531";"01/01/2020 00:00:00";"test;""Ä…"
"532";"01/01/2020 00:00:00";"test;""Ä…"
"533";"01/01/2020 00:00:00";"test;""Ä…"
"534";"01/01/2020 00:00:00";"test;""Ä…"
"535";"01/01/2020 00:00:00";"test;""Ä…"
"536";"01/01/2020 00:00:00";"test;""Ä…"
"537";"01/01/2020 00:00:00";"test;""Ä…"
"538";"01/01/2020 00:00:00";"test;""Ä…"
"539";"01/01/2020 00:00:00";"test;""Ä…"
"540";"01/01/2020 00:00:00";"test;""Ä…"
"541";"01/01/2020 00:00:00";"test;""Ä…"
"542";"01/01/2020 00:00:00";"test;""Ä…"
"543";"01/01/2020 00:00:00";"test;""Ä…"
"544";"01/01/2020 00:00:00";"test;""Ä…"
"545";"01/01/2020 00:00:00";"test;""Ä…"
"546";"01/01/2020 00:00:00";"test;""Ä…"
"547";"01/01/2020 00:00:00";"test;""Ä…"
"548";"01/01/2020 00:00:00";"test;""Ä…"
"549";"01/01/2020 00:00:00";"test;""Ä…"
"550";"01/01/2020 00:00:00";"test;""Ä…"
"551";"01/01/2020 00:00:00";"test;""Ä…"
"552";"01/01/2020 00:00:00";"test;""Ä…"
"553";"01/01/2020 00:00:00";"test;""Ä…"
"554";"01/01/2020 00:00:00";"test;""Ä…"
"555";"01/01/2020 00:00:00";"test;""Ä…"
"556";"01/01/2020 00:00:00";"test;""Ä…"
"557";"01/01/2020 00:00:00";"test;""Ä…"
"558";"01/01/2020 00:00:00";"test;""Ä…"
"559";"01/01/2020 00:00:00";"test;""Ä…"
"560";"01/01/2020 00:00:00";"test;""Ä…"
"561";"01/01/2020 00:00:00";"test;""Ä…"
"562";"01/01/2020 00:00:00";"test;""Ä…"
"563";"01/01/2020 00:00:00";"test;""Ä…"
"564";"01/01/2020 00:00:00";"test;""Ä…"
"565";"01/01/2020 00:00:00";"test;""Ä…"
"566";"01/01/2020 00:00:00";"test;""Ä…"
"567";"01/01/2020 00:00:00";"test;""Ä…"
"568";"01/01/2020 00:00:00";"test;""Ä…"
"569";"01/01/2020 00:00:00";"test;""Ä…"
"570";"01/01/2020 00:00:00";"test;""Ä…"
"571";"01/01/2020 00:00:00";"test;""Ä…"
"572";"01/01/2020 00:00:00";"test;""Ä…"
"573";"01/01/2020 00:00:00";"test;""Ä…"
"574";"01/01/2020 00:00:00";"test;""Ä…"
"575";"01/01/2020 00:00:00";"test;""Ä…"
"576";"01/01/2020 00:00:00";"test;""Ä…"
"577";"01/01/2020 00:00:00";"test;""Ä…"
"578";"01/01/2020 00:00:00";"test;""Ä…"
"579";"01/01/2020 00:00:00";"test;""Ä…"
"580";"01/01/2020 00:00:00";"test;""Ä…"
"581";"01/01/2020 00:00:00";"test;""Ä…"
"582";"01/01/2020 00:00:00";"test;""Ä…"
"583";"01/01/2020 00:00:00";"test;""Ä…"
"584";"01/01/2020 00:00:00";"test;""Ä…"
"585";"01/01/2020 00:00:00";"test;""Ä…"
"586";"01/01/2020 00:00:00";"test;""Ä…"
"587";"01/01/2020 00:00:00";"test;""Ä…"
"588";"01/01/2020 00:00:00";"test;""Ä…"
"589";"01/01/2020 00:00:00";"test;""Ä…"
"590";"01/01/2020 00:00:00";"test;""Ä…"
"591";"01/01/2020 00:00:00";"test;""Ä…"
"592";"01/01/2020 00:00:00";"test;""Ä…"
"593";"01/01/2020 00:00:00";"test;""Ä…"
"594";"01/01/2020 00:00:00";"test;""Ä…"
"595";"01/01/2020 00:00:00";"test;""Ä…"
"596";"01/01/2020 00:00:00";"test;""Ä…"
"597";"01/01/2020 00:00:00";"test;""Ä…"
"598";"01/01/2020 00:00:00";"test;""Ä…"
"599";"01/01/2020 00:00:00";"test;""Ä…"
"600";"01/01/2020 00:00:00";"test;""Ä…"
"601";"01/01/2020 00:00:00";"test;""Ä…"
"602";"01/01/2020 00:00:00";"test;""Ä…"
"603";"01/01/2020 00:00:00";"test;""Ä…"
"604";"01/01/2020 00:00:00";"test;""Ä…"
"605";"01/01/2020 00:00:00";"test;""Ä…"
"606";"01/01/2020 00:00:00";"test;""Ä…"
"607";"01/01/2020 00:00:00";"test;""Ä…"
"608";"01/01/2020 00:00:00";"test;""Ä…"
"609";"01/01/2020 00:00:00";"test;""Ä…"
"610";"01/01/2020 00:00:00";"test;""Ä…"
"611";"01/01/2020 00:00:00";"test;""Ä…"
"612";"01/01/2020 00:00:00";"test;""Ä…"
"613";"01/01/2020 00:00:00";"test;""Ä…"
"614";"01/01/2020 00:00:00";"test;""Ä…"
"615";"01/01/2020 00:00:00";"test;""Ä…"
"616";"01/01/2020 00:00:00";"test;""Ä…"
"617";"01/01/2020 00:00:00";"test;""Ä…"
"618";"01/01/2020 00:00:00";"test;""Ä…"
"619";"01/01/2020 00:00:00";"test;""Ä…"
"620";"01/01/2020 00:00:00";"test;""Ä…"
"621";"01/01/2020 00:00:00";"test;""Ä…"
"622";"01/01/2020 00:00:00";"test;""Ä…"
"623";"01/01/2020 00:00:00";"test;""Ä…"
"624";"01/01/2020 00:00:00";"test;""Ä…"
"625";"01/01/2020 00:00:00";"test;""Ä…"
"626";"01/01/2020 00:00:00";"test;""Ä…"
"627";"01/01/2020 00:00:00";"test;""Ä…"
"628";"01/01/2020 00:00:00";"test;""Ä…"
"629";"01/01/2020 00:00:00";"test;""Ä…"
"630";"01/01/2020 00:00:00";"test;""Ä…"
"631";"01/01/2020 00:00:00";"test;""Ä…"
"632";"01/01/2020 00:00:00";"test;""Ä…"
"633";"01/01/2020 00:00:00";"test;""Ä…"
"634";"01/01/2020 00:00:00";"test;""Ä…"
"635";"01/01/2020 00:00:00";"test;""Ä…"
"636";"01/01/2020 00:00:00";"test;""Ä…"
"637";"01/01/2020 00:00:00";"test;""Ä…"
"638";"01/01/2020 00:00:00";"test;""Ä…"
"639";"01/01/2020 00:00:00";"test;""Ä…"
"640";"01/01/2020 00:00:00";"test;""Ä…"
"641";"01/01/2020 00:00:00";"test;""Ä…"
"642";"01/01/2020 00:00:00";"test;""Ä…"
"643";"01/01/2020 00:00:00";"test;""Ä…"
"644";"01/01/2020 00:00:00";"test;""Ä…"
"645";"01/01/2020 00:00:00";"test;""Ä…"
"646";"01/01/2020 00:00:00";"test;""Ä…"
"647";"01/01/2020 00:00:00";"test;""Ä…"
"648";"01/01/2020 00:00:00";"test;""Ä…"
"649";"01/01/2020 00:00:00";"test;""Ä…"
"650";"01/01/2020 00:00:00";"test;""Ä…"
"651";"01/01/2020 00:00:00";"test;""Ä…"
"652";"01/01/2020 00:00:00";"test;""Ä…"
"653";"01/01/2020 00:00:00";"test;""Ä…"
"654";"01/01/2020 00:00:00";"test;""Ä…"
"655";"01/01/2020 00:00:00";"test;""Ä…"
"656";"01/01/2020 00:00:00";"test;""Ä…"
"657";"01/01/2020 00:00:00";"test;""Ä…"
"658";"01/01/2020 00:00:00";"test;""Ä…"
"659";"01/01/2020 00:00:00";"test;""Ä…"
"660";"01/01/2020 00:00:00";"test;""Ä…"
"661";"01/01/2020 00:00:00";"test;""Ä…"
"662";"01/01/2020 00:00:00";"test;""Ä…"
"663";"01/01/2020 00:00:00";"test;""Ä…"
"664";"01/01/2020 00:00:00";"test;""Ä…"
"665";"01/01/2020 00:00:00";"test;""Ä…"
"666";"01/01/2020 00:00:00";"test;""Ä…"
"667";"01/01/2020 00:00:00";"test;""Ä…"
"668";"01/01/2020 00:00:00";"test;""Ä…"
"669";"01/01/2020 00:00:00";"test;""Ä…"
"670";"01/01/2020 00:00:00";"test;""Ä…"
"671";"01/01/2020 00:00:00";"test;""Ä…"
"672";"01/01/2020 00:00:00";"test;""Ä…"
"673";"01/01/2020 00:00:00";"test;""Ä…"
"674";"01/01/2020 00:00:00";"test;""Ä…"
"675";"01/01/2020 00:00:00";"test;""Ä…"
"676";"01/01/2020 00:00:00";"test;""Ä…"
"677";"01/01/2020 00:00:00";"test;""Ä…"
"678";"01/01/2020 00:00:00";"test;""Ä…"
"679";"01/01/2020 00:00:00";"test;""Ä…"
"680";"01/01/2020 00:00:00";"test;""Ä…"
"681";"01/01/2020 00:00:00";"test;""Ä…"
"682";"01/01/2020 00:00:00";"test;""Ä…"
"683";"01/01/2020 00:00:00";"test;""Ä…"
"684";"01/01/2020 00:00:00";"test;""Ä…"
"685";"01/01/2020 00:00:00";"test;""Ä…"
"686";"01/01/2020 00:00:00";"test;""Ä…"
"687";"01/01/2020 00:00:00";"test;""Ä…"
"688";"01/01/2020 00:00:00";"test;""Ä…"
"689";"01/01/2020 00:00:00";"test;""Ä…"
"690";"01/01/2020 00:00:00";"test;""Ä…"
"691";"01/01/2020 00:00:00";"test;""Ä…"
"692";"01/01/2020 00:00:00";"test;""Ä…"
"693";"01/01/2020 00:00:00";"test;""Ä…"
"694";"01/01/2020 00:00:00";"test;""Ä…"
"695";"01/01/2020 00:00:00";"test;""Ä…"
"696";"01/01/2020 00:00:00";"test;""Ä…"
"697";"01/01/2020 00:00:00";"test;""Ä…"
"698";"01/01/2020 00:00:00";"test;""Ä…"
"699";"01/01/2020 00:00:00";"test;""Ä…"
"700";"01/01/2020 00:00:00";"test;""Ä…"
"701";"01/01/2020 00:00:00";"test;""Ä…"
"702";"01/01/2020 00:00:00";"test;""Ä…"
"703";"01/01/2020 00:00:00";"test;""Ä…"
"704";"01/01/2020 00:00:00";"test;""Ä…"
"705";"01/01/2020 00:00:00";"test;""Ä…"
"706";"01/01/2020 00:00:00";"test;""Ä…"
"707";"01/01/2020 00:00:00";"test;""Ä…"
"708";"01/01/2020 00:00:00";"test;""Ä…"
"709";"01/01/2020 00:00:00";"test;""Ä…"
"710";"01/01/2020 00:00:00";"test;""Ä…"
"711";"01/01/2020 00:00:00";"test;""Ä…"
"712";"01/01/2020 00:00:00";"test;""Ä…"
"713";"01/01/2020 00:00:00";"test;""Ä…"
"714";"01/01/2020 00:00:00";"test;""Ä…"
"715";"01/01/2020 00:00:00";"test;""Ä…"
"716";"01/01/2020 00:00:00";"test;""Ä…"
"717";"01/01/2020 00:00:00";"test;""Ä…"
"718";"01/01/2020 00:00:00";"test;""Ä…"
"719";"01/01/2020 00:00:00";"test;""Ä…"
"720";"01/01/2020 00:00:00";"test;""Ä…"
"721";"01/01/2020 00:00:00";"test;""Ä…"
"722";"01/01/2020 00:00:00";"test;""Ä…"
"723";"01/01/2020 00:00:00";"test;""Ä…"
"724";"01/01/2020 00:00:00";"test;""Ä…"
"725";"01/01/2020 00:00:00";"test;""Ä…"
"726";"01/01/2020 00:00:00";"test;""Ä…"
"727";"01/01/2020 00:00:00";"test;""Ä…"
"728";"01/01/2020 00:00:00";"test;""Ä…"
"729";"01/01/2020 00:00:00";"test;""Ä…"
"730";"01/01/2020 00:00:00";"test;""Ä…"
"731";"01/01/2020 00:00:00";"test;""Ä…"
"732";"01/01/2020 00:00:00";"test;""Ä…"
"733";"01/01/2020 00:00:00";"test;""Ä…"
"734";"01/01/2020 00:00:00";"test;""Ä…"
"735";"01/01/2020 00:00:00";"test;""Ä…"
"736";"01/01/2020 00:00:00";"test;""Ä…"
"737";"01/01/2020 00:00:00";"test;""Ä…"
"738";"01/01/2020 00:00:00";"test;""Ä…"
"739";"01/01/2020 00:00:00";"test;""Ä…"
"740";"01/01/2020 00:00:00";"test;""Ä…"
"741";"01/01/2020 00:00:00";"test;""Ä…"
"742";"01/01/2020 00:00:00";"test;""Ä…"
"743";"01/01/2020 00:00:00";"test;""Ä…"
"744";"01/01/2020 00:00:00";"test;""Ä…"
"745";"01/01/2020 00:00:00";"test;""Ä…"
"746";"01/01/2020 00:00:00";"test;""Ä…"
"747";"01/01/2020 00:00:00";"test;""Ä…"
"748";"01/01/2020 00:00:00";"test;""Ä…"
"749";"01/01/2020 00:00:00";"test;""Ä…"
"750";"01/01/2020 00:00:00";"test;""Ä…"
"751";"01/01/2020 00:00:00";"test;""Ä…"
"752";"01/01/2020 00:00:00";"test;""Ä…"
"753";"01/01/2020 00:00:00";"test;""Ä…"
"754";"01/01/2020 00:00:00";"test;""Ä…"
"755";"01/01/2020 00:00:00";"test;""Ä…"
"756";"01/01/2020 00:00:00";"test;""Ä…"
"757";"01/01/2020 00:00:00";"test;""Ä…"
"758";"01/01/2020 00:00:00";"test;""Ä…"
"759";"01/01/2020 00:00:00";"test;""Ä…"
"760";"01/01/2020 00:00:00";"test;""Ä…"
"761";"01/01/2020 00:00:00";"test;""Ä…"
"762";"01/01/2020 00:00:00";"test;""Ä…"
"763";"01/01/2020 00:00:00";"test;""Ä…"
"764";"01/01/2020 00:00:00";"test;""Ä…"
"765";"01/01/2020 00:00:00";"test;""Ä…"
"766";"01/01/2020 00:00:00";"test;""Ä…"
"767";"01/01/2020 00:00:00";"test;""Ä…"
"768";"01/01/2020 00:00:00";"test;""Ä…"
"769";"01/01/2020 00:00:00";"test;""Ä…"
"770";"01/01/2020 00:00:00";"test;""Ä…"
"771";"01/01/2020 00:00:00";"test;""Ä…"
"772";"01/01/2020 00:00:00";"test;""Ä…"
"773";"01/01/2020 00:00:00";"test;""Ä…"
"774";"01/01/2020 00:00:00";"test;""Ä…"
"775";"01/01/2020 00:00:00";"test;""Ä…"
"776";"01/01/2020 00:00:00";"test;""Ä…"
"777";"01/01/2020 00:00:00";"test;""Ä…"
"778";"01/01/2020 00:00:00";"test;""Ä…"
"779";"01/01/2020 00:00:00";"test;""Ä…"
"780";"01/01/2020 00:00:00";"test;""Ä…"
"781";"01/01/2020 00:00:00";"test;""Ä…"
"782";"01/01/2020 00:00:00";"test;""Ä…"
"783";"01/01/2020 00:00:00";"test;""Ä…"
"784";"01/01/2020 00:00:00";"test;""Ä…"
"785";"01/01/2020 00:00:00";"test;""Ä…"
"786";"01/01/2020 00:00:00";"test;""Ä…"
"787";"01/01/2020 00:00:00";"test;""Ä…"
"788";"01/01/2020 00:00:00";"test;""Ä…"
"789";"01/01/2020 00:00:00";"test;""Ä…"
"790";"01/01/2020 00:00:00";"test;""Ä…"
"791";"01/01/2020 00:00:00";"test;""Ä…"
"792";"01/01/2020 00:00:00";"test;""Ä…"
"793";"01/01/2020 00:00:00";"test;""Ä…"
"794";"01/01/2020 00:00:00";"test;""Ä…"
"795";"01/01/2020 00:00:00";"test;""Ä…"
"796";"01/01/2020 00:00:00";"test;""Ä…"
"797";"01/01/2020 00:00:00";"test;""Ä…"
"798";"01/01/2020 00:00:00";"test;""Ä…"
"799";"01/01/2020 00:00:00";"test;""Ä…"
"800";"01/01/2020 00:00:00";"test;""Ä…"
"801";"01/01/2020 00:00:00";"test;""Ä…"
"802";"01/01/2020 00:00:00";"test;""Ä…"
"803";"01/01/2020 00:00:00";"test;""Ä…"
"804";"01/01/2020 00:00:00";"test;""Ä…"
"805";"01/01/2020 00:00:00";"test;""Ä…"
"806";"01/01/2020 00:00:00";"test;""Ä…"
"807";"01/01/2020 00:00:00";"test;""Ä…"
"808";"01/01/2020 00:00:00";"test;""Ä…"
"809";"01/01/2020 00:00:00";"test;""Ä…"
"810";"01/01/2020 00:00:00";"test;""Ä…"
"811";"01/01/2020 00:00:00";"test;""Ä…"
"812";"01/01/2020 00:00:00";"test;""Ä…"
"813";"01/01/2020 00:00:00";"test;""Ä…"
"814";"01/01/2020 00:00:00";"test;""Ä…"
"815";"01/01/2020 00:00:00";"test;""Ä…"
"816";"01/01/2020 00:00:00";"test;""Ä…"
"817";"01/01/2020 00:00:00";"test;""Ä…"
"818";"01/01/2020 00:00:00";"test;""Ä…"
"819";"01/01/2020 00:00:00";"test;""Ä…"
"820";"01/01/2020 00:00:00";"test;""Ä…"
"821";"01/01/2020 00:00:00";"test;""Ä…"
"822";"01/01/2020 00:00:00";"test;""Ä…"
"823";"01/01/2020 00:00:00";"test;""Ä…"
"824";"01/01/2020 00:00:00";"test;""Ä…"
"825";"01/01/2020 00:00:00";"test;""Ä…"
"826";"01/01/2020 00:00:00";"test;""Ä…"
"827";"01/01/2020 00:00:00";"test;""Ä…"
"828";"01/01/2020 00:00:00";"test;""Ä…"
"829";"01/01/2020 00:00:00";"test;""Ä…"
"830";"01/01/2020 00:00:00";"test;""Ä…"
"831";"01/01/2020 00:00:00";"test;""Ä…"
"832";"01/01/2020 00:00:00";"test;""Ä…"
"833";"01/01/2020 00:00:00";"test;""Ä…"
"834";"01/01/2020 00:00:00";"test;""Ä…"
"835";"01/01/2020 00:00:00";"test;""Ä…"
"836";"01/01/2020 00:00:00";"test;""Ä…"
"837";"01/01/2020 00:00:00";"test;""Ä…"
"838";"01/01/2020 00:00:00";"test;""Ä…"
"839";"01/01/2020 00:00:00";"test;""Ä…"
"840";"01/01/2020 00:00:00";"test;""Ä…"
"841";"01/01/2020 00:00:00";"test;""Ä…"
"842";"01/01/2020 00:00:00";"test;""Ä…"
"843";"01/01/2020 00:00:00";"test;""Ä…"
"844";"01/01/2020 00:00:00";"test;""Ä…"
"845";"01/01/2020 00:00:00";"test;""Ä…"
"846";"01/01/2020 00:00:00";"test;""Ä…"
"847";"01/01/2020 00:00:00";"test;""Ä…"
"848";"01/01/2020 00:00:00";"test;""Ä…"
"849";"01/01/2020 00:00:00";"test;""Ä…"
"850";"01/01/2020 00:00:00";"test;""Ä…"
"851";"01/01/2020 00:00:00";"test;""Ä…"
"852";"01/01/2020 00:00:00";"test;""Ä…"
"853";"01/01/2020 00:00:00";"test;""Ä…"
"854";"01/01/2020 00:00:00";"test;""Ä…"
"855";"01/01/2020 00:00:00";"test;""Ä…"
"856";"01/01/2020 00:00:00";"test;""Ä…"
"857";"01/01/2020 00:00:00";"test;""Ä…"
"858";"01/01/2020 00:00:00";"test;""Ä…"
"859";"01/01/2020 00:00:00";"test;""Ä…"
"860";"01/01/2020 00:00:00";"test;""Ä…"
"861";"01/01/2020 00:00:00";"test;""Ä…"
"862";"01/01/2020 00:00:00";"test;""Ä…"
"863";"01/01/2020 00:00:00";"test;""Ä…"
"864";"01/01/2020 00:00:00";"test;""Ä…"
"865";"01/01/2020 00:00:00";"test;""Ä…"
"866";"01/01/2020 00:00:00";"test;""Ä…"
"867";"01/01/2020 00:00:00";"test;""Ä…"
"868";"01/01/2020 00:00:00";"test;""Ä…"
"869";"01/01/2020 00:00:00";"test;""Ä…"
"870";"01/01/2020 00:00:00";"test;""Ä…"
"871";"01/01/2020 00:00:00";"test;""Ä…"
"872";"01/01/2020 00:00:00";"test;""Ä…"
"873";"01/01/2020 00:00:00";"test;""Ä…"
"874";"01/01/2020 00:00:00";"test;""Ä…"
"875";"01/01/2020 00:00:00";"test;""Ä…"
"876";"01/01/2020 00:00:00";"test;""Ä…"
"877";"01/01/2020 00:00:00";"test;""Ä…"
"878";"01/01/2020 00:00:00";"test;""Ä…"
"879";"01/01/2020 00:00:00";"test;""Ä…"
"880";"01/01/2020 00:00:00";"test;""Ä…"
"881";"01/01/2020 00:00:00";"test;""Ä…"
"882";"01/01/2020 00:00:00";"test;""Ä…"
"883";"01/01/2020 00:00:00";"test;""Ä…"
"884";"01/01/2020 00:00:00";"test;""Ä…"
"885";"01/01/2020 00:00:00";"test;""Ä…"
"886";"01/01/2020 00:00:00";"test;""Ä…"
"887";"01/01/2020 00:00:00";"test;""Ä…"
"888";"01/01/2020 00:00:00";"test;""Ä…"
"889";"01/01/2020 00:00:00";"test;""Ä…"
"890";"01/01/2020 00:00:00";"test;""Ä…"
"891";"01/01/2020 00:00:00";"test;""Ä…"
"892";"01/01/2020 00:00:00";"test;""Ä…"
"893";"01/01/2020 00:00:00";"test;""Ä…"
"894";"01/01/2020 00:00:00";"test;""Ä…"
"895";"01/01/2020 00:00:00";"test;""Ä…"
"896";"01/01/2020 00:00:00";"test;""Ä…"
"897";"01/01/2020 00:00:00";"test;""Ä…"
"898";"01/01/2020 00:00:00";"test;""Ä…"
"899";"01/01/2020 00:00:00";"test;""Ä…"
"900";"01/01/2020 00:00:00";"test;""Ä…"
"901";"01/01/2020 00:00:00";"test;""Ä…"
"902";"01/01/2020 00:00:00";"test;""Ä…"
"903";"01/01/2020 00:00:00";"test;""Ä…"
"904";"01/01/2020 00:00:00";"test;""Ä…"
"905";"01/01/2020 00:00:00";"test;""Ä…"
"906";"01/01/2020 00:00:00";"test;""Ä…"
"907";"01/01/2020 00:00:00";"test;""Ä…"
"908";"01/01/2020 00:00:00";"test;""Ä…"
"909";"01/01/2020 00:00:00";"test;""Ä…"
"910";"01/01/2020 00:00:00";"test;""Ä…"
"911";"01/01/2020 00:00:00";"test;""Ä…"
"912";"01/01/2020 00:00:00";"test;""Ä…"
"913";"01/01/2020 00:00:00";"test;""Ä…"
"914";"01/01/2020 00:00:00";"test;""Ä…"
"915";"01/01/2020 00:00:00";"test;""Ä…"
"916";"01/01/2020 00:00:00";"test;""Ä…"
"917";"01/01/2020 00:00:00";"test;""Ä…"
"918";"01/01/2020 00:00:00";"test;""Ä…"
"919";"01/01/2020 00:00:00";"test;""Ä…"
"920";"01/01/2020 00:00:00";"test;""Ä…"
"921";"01/01/2020 00:00:00";"test;""Ä…"
"922";"01/01/2020 00:00:00";"test;""Ä…"
"923";"01/01/2020 00:00:00";"test;""Ä…"
"924";"01/01/2020 00:00:00";"test;""Ä…"
"925";"01/01/2020 00:00:00";"test;""Ä…"
"926";"01/01/2020 00:00:00";"test;""Ä…"
"927";"01/01/2020 00:00:00";"test;""Ä…"
"928";"01/01/2020 00:00:00";"test;""Ä…"
"929";"01/01/2020 00:00:00";"test;""Ä…"
"930";"01/01/2020 00:00:00";"test;""Ä…"
"931";"01/01/2020 00:00:00";"test;""Ä…"
"932";"01/01/2020 00:00:00";"test;""Ä…"
"933";"01/01/2020 00:00:00";"test;""Ä…"
"934";"01/01/2020 00:00:00";"test;""Ä…"
"935";"01/01/2020 00:00:00";"test;""Ä…"
"936";"01/01/2020 00:00:00";"test;""Ä…"
"937";"01/01/2020 00:00:00";"test;""Ä…"
"938";"01/01/2020 00:00:00";"test;""Ä…"
"939";"01/01/2020 00:00:00";"test;""Ä…"
"940";"01/01/2020 00:00:00";"test;""Ä…"
"941";"01/01/2020 00:00:00";"test;""Ä…"
"942";"01/01/2020 00:00:00";"test;""Ä…"
"943";"01/01/2020 00:00:00";"test;""Ä…"
"944";"01/01/2020 00:00:00";"test;""Ä…"
"945";"01/01/2020 00:00:00";"test;""Ä…"
"946";"01/01/2020 00:00:00";"test;""Ä…"
"947";"01/01/2020 00:00:00";"test;""Ä…"
"948";"01/01/2020 00:00:00";"test;""Ä…"
"949";"01/01/2020 00:00:00";"test;""Ä…"
"950";"01/01/2020 00:00:00";"test;""Ä…"
"951";"01/01/2020 00:00:00";"test;""Ä…"
"952";"01/01/2020 00:00:00";"test;""Ä…"
"953";"01/01/2020 00:00:00";"test;""Ä…"
"954";"01/01/2020 00:00:00";"test;""Ä…"
"955";"01/01/2020 00:00:00";"test;""Ä…"
"956";"01/01/2020 00:00:00";"test;""Ä…"
"957";"01/01/2020 00:00:00";"test;""Ä…"
"958";"01/01/2020 00:00:00";"test;""Ä…"
"959";"01/01/2020 00:00:00";"test;""Ä…"
"960";"01/01/2020 00:00:00";"test;""Ä…"
"961";"01/01/2020 00:00:00";"test;""Ä…"
"962";"01/01/2020 00:00:00";"test;""Ä…"
"963";"01/01/2020 00:00:00";"test;""Ä…"
"964";"01/01/2020 00:00:00";"test;""Ä…"
"965";"01/01/2020 00:00:00";"test;""Ä…"
"966";"01/01/2020 00:00:00";"test;""Ä…"
"967";"01/01/2020 00:00:00";"test;""Ä…"
"968";"01/01/2020 00:00:00";"test;""Ä…"
"969";"01/01/2020 00:00:00";"test;""Ä…"
"970";"01/01/2020 00:00:00";"test;""Ä…"
"971";"01/01/2020 00:00:00";"test;""Ä…"
"972";"01/01/2020 00:00:00";"test;""Ä…"
"973";"01/01/2020 00:00:00";"test;""Ä…"
"974";"01/01/2020 00:00:00";"test;""Ä…"
"975";"01/01/2020 00:00:00";"test;""Ä…"
"976";"01/01/2020 00:00:00";"test;""Ä…"
"977";"01/01/2020 00:00:00";"test;""Ä…"
"978";"01/01/2020 00:00:00";"test;""Ä…"
"979";"01/01/2020 00:00:00";"test;""Ä…"
"980";"01/01/2020 00:00:00";"test;""Ä…"
"981";"01/01/2020 00:00:00";"test;""Ä…"
"982";"01/01/2020 00:00:00";"test;""Ä…"
"983";"01/01/2020 00:00:00";"test;""Ä…"
"984";"01/01/2020 00:00:00";"test;""Ä…"
"985";"01/01/2020 00:00:00";"test;""Ä…"
"986";"01/01/2020 00:00:00";"test;""Ä…"
"987";"01/01/2020 00:00:00";"test;""Ä…"
"988";"01/01/2020 00:00:00";"test;""Ä…"
"989";"01/01/2020 00:00:00";"test;""Ä…"
"990";"01/01/2020 00:00:00";"test;""Ä…"
"991";"01/01/2020 00:00:00";"test;""Ä…"
"992";"01/01/2020 00:00:00";"test;""Ä…"
"993";"01/01/2020 00:00:00";"test;""Ä…"
"994";"01/01/2020 00:00:00";"test;""Ä…"
"995";"01/01/2020 00:00:00";"test;""Ä…"
"996";"01/01/2020 00:00:00";"test;""Ä…"
"997";"01/01/2020 00:00:00";"test;""Ä…"
"998";"01/01/2020 00:00:00";"test;""Ä…"
"999";"01/01/2020 00:00:00";"test;""Ä…"
"1000";"01/01/2020 00:00:00";"test;""Ä…"
"1001";"01/01/2020 00:00:00";"test;""Ä…"
"1002";"01/01/2020 00:00:00";"test;""Ä…"
"1003";"01/01/2020 00:00:00";"test;""Ä…"
"1004";"01/01/2020 00:00:00";"test;""Ä…"
"1005";"01/01/2020 00:00:00";"test;""Ä…"
"1006";"01/01/2020 00:00:00";"test;""Ä…"
"1007";"01/01/2020 00:00:00";"test;""Ä…"
"1008";"01/01/2020 00:00:00";"test;""Ä…"
"1009";"01/01/2020 00:00:00";"test;""Ä…"
"1010";"01/01/2020 00:00:00";"test;""Ä…"
"1011";"01/01/2020 00:00:00";"test;""Ä…"
"1012";"01/01/2020 00:00:00";"test;""Ä…"
"1013";"01/01/2020 00:00:00";"test;""Ä…"
"1014";"01/01/2020 00:00:00";"test;""Ä…"
"1015";"01/01/2020 00:00:00";"test;""Ä…"
"1016";"01/01/2020 00:00:00";"test;""Ä…"
"1017";"01/01/2020 00:00:00";"test;""Ä…"
"1018";"01/01/2020 00:00:00";"test;""Ä…"
"1019";"01/01/2020 00:00:00";"test;""Ä…"
"1020";"01/01/2020 00:00:00";"test;""Ä…"
"1021";"01/01/2020 00:00:00";"test;""Ä…"
"1022";"01/01/2020 00:00:00";"test;""Ä…"
"1023";"01/01/2020 00:00:00";"test;""Ä…"
"1024";"01/01/2020 00:00:00";"test;""Ä…"
"1025";"01/01/2020 00:00:00";"test;""Ä…"
"1026";"01/01/2020 00:00:00";"test;""Ä…"
"1027";"01/01/2020 00:00:00";"test;""Ä…"
"1028";"01/01/2020 00:00:00";"test;""Ä…"
"1029";"01/01/2020 00:00:00";"test;""Ä…"
"1030";"01/01/2020 00:00:00";"test;""Ä…"
"1031";"01/01/2020 00:00:00";"test;""Ä…"
"1032";"01/01/2020 00:00:00";"test;""Ä…"
"1033";"01/01/2020 00:00:00";"test;""Ä…"
"1034";"01/01/2020 00:00:00";"test;""Ä…"
"1035";"01/01/2020 00:00:00";"test;""Ä…"
"1036";"01/01/2020 00:00:00";"test;""Ä…"
"1037";"01/01/2020 00:00:00";"test;""Ä…"
"1038";"01/01/2020 00:00:00";"test;""Ä…"
"1039";"01/01/2020 00:00:00";"test;""Ä…"
"1040";"01/01/2020 00:00:00";"test;""Ä…"
"1041";"01/01/2020 00:00:00";"test;""Ä…"
"1042";"01/01/2020 00:00:00";"test;""Ä…"
"1043";"01/01/2020 00:00:00";"test;""Ä…"
"1044";"01/01/2020 00:00:00";"test;""Ä…"
"1045";"01/01/2020 00:00:00";"test;""Ä…"
"1046";"01/01/2020 00:00:00";"test;""Ä…"
"1047";"01/01/2020 00:00:00";"test;""Ä…"
"1048";"01/01/2020 00:00:00";"test;""Ä…"
"1049";"01/01/2020 00:00:00";"test;""Ä…"
"1050";"01/01/2020 00:00:00";"test;""Ä…"
"1051";"01/01/2020 00:00:00";"test;""Ä…"
"1052";"01/01/2020 00:00:00";"test;""Ä…"
"1053";"01/01/2020 00:00:00";"test;""Ä…"
"1054";"01/01/2020 00:00:00";"test;""Ä…"
"1055";"01/01/2020 00:00:00";"test;""Ä…"
"1056";"01/01/2020 00:00:00";"test;""Ä…"
"1057";"01/01/2020 00:00:00";"test;""Ä…"
"1058";"01/01/2020 00:00:00";"test;""Ä…"
"1059";"01/01/2020 00:00:00";"test;""Ä…"
"1060";"01/01/2020 00:00:00";"test;""Ä…"
"1061";"01/01/2020 00:00:00";"test;""Ä…"
"1062";"01/01/2020 00:00:00";"test;""Ä…"
"1063";"01/01/2020 00:00:00";"test;""Ä…"
"1064";"01/01/2020 00:00:00";"test;""Ä…"
"1065";"01/01/2020 00:00:00";"test;""Ä…"
"1066";"01/01/2020 00:00:00";"test;""Ä…"
"1067";"01/01/2020 00:00:00";"test;""Ä…"
"1068";"01/01/2020 00:00:00";"test;""Ä…"
"1069";"01/01/2020 00:00:00";"test;""Ä…"
"1070";"01/01/2020 00:00:00";"test;""Ä…"
"1071";"01/01/2020 00:00:00";"test;""Ä…"
"1072";"01/01/2020 00:00:00";"test;""Ä…"
"1073";"01/01/2020 00:00:00";"test;""Ä…"
"1074";"01/01/2020 00:00:00";"test;""Ä…"
"1075";"01/01/2020 00:00:00";"test;""Ä…"
"1076";"01/01/2020 00:00:00";"test;""Ä…"
"1077";"01/01/2020 00:00:00";"test;""Ä…"
"1078";"01/01/2020 00:00:00";"test;""Ä…"
"1079";"01/01/2020 00:00:00";"test;""Ä…"
"1080";"01/01/2020 00:00:00";"test;""Ä…"
"1081";"01/01/2020 00:00:00";"test;""Ä…"
"1082";"01/01/2020 00:00:00";"test;""Ä…"
"1083";"01/01/2020 00:00:00";"test;""Ä…"
"1084";"01/01/2020 00:00:00";"test;""Ä…"
"1085";"01/01/2020 00:00:00";"test;""Ä…"
"1086";"01/01/2020 00:00:00";"test;""Ä…"
"1087";"01/01/2020 00:00:00";"test;""Ä…"
"1088";"01/01/2020 00:00:00";"test;""Ä…"
"1089";"01/01/2020 00:00:00";"test;""Ä…"
"1090";"01/01/2020 00:00:00";"test;""Ä…"
"1091";"01/01/2020 00:00:00";"test;""Ä…"
"1092";"01/01/2020 00:00:00";"test;""Ä…"
"1093";"01/01/2020 00:00:00";"test;""Ä…"
"1094";"01/01/2020 00:00:00";"test;""Ä…"
"1095";"01/01/2020 00:00:00";"test;""Ä…"
"1096";"01/01/2020 00:00:00";"test;""Ä…"
"1097";"01/01/2020 00:00:00";"test;""Ä…"
"1098";"01/01/2020 00:00:00";"test;""Ä…"
"1099";"01/01/2020 00:00:00";"test;""Ä…"
"1100";"01/01/2020 00:00:00";"test;""Ä…"
"1101";"01/01/2020 00:00:00";"test;""Ä…"
"1102";"01/01/2020 00:00:00";"test;""Ä…"
"1103";"01/01/2020 00:00:00";"test;""Ä…"
"1104";"01/01/2020 00:00:00";"test;""Ä…"
"1105";"01/01/2020 00:00:00";"test;""Ä…"
"1106";"01/01/2020 00:00:00";"test;""Ä…"
"1107";"01/01/2020 00:00:00";"test;""Ä…"
"1108";"01/01/2020 00:00:00";"test;""Ä…"
"1109";"01/01/2020 00:00:00";"test;""Ä…"
"1110";"01/01/2020 00:00:00";"test;""Ä…"
"1111";"01/01/2020 00:00:00";"test;""Ä…"
"1112";"01/01/2020 00:00:00";"test;""Ä…"
"1113";"01/01/2020 00:00:00";"test;""Ä…"
"1114";"01/01/2020 00:00:00";"test;""Ä…"
"1115";"01/01/2020 00:00:00";"test;""Ä…"
"1116";"01/01/2020 00:00:00";"test;""Ä…"
"1117";"01/01/2020 00:00:00";"test;""Ä…"
"1118";"01/01/2020 00:00:00";"test;""Ä…"
"1119";"01/01/2020 00:00:00";"test;""Ä…"
"1120";"01/01/2020 00:00:00";"test;""Ä…"
"1121";"01/01/2020 00:00:00";"test;""Ä…"
"1122";"01/01/2020 00:00:00";"test;""Ä…"
"1123";"01/01/2020 00:00:00";"test;""Ä…"
"1124";"01/01/2020 00:00:00";"test;""Ä…"
"1125";"01/01/2020 00:00:00";"test;""Ä…"
"1126";"01/01/2020 00:00:00";"test;""Ä…"
"1127";"01/01/2020 00:00:00";"test;""Ä…"
"1128";"01/01/2020 00:00:00";"test;""Ä…"
"1129";"01/01/2020 00:00:00";"test;""Ä…"
"1130";"01/01/2020 00:00:00";"test;""Ä…"
"1131";"01/01/2020 00:00:00";"test;""Ä…"
"1132";"01/01/2020 00:00:00";"test;""Ä…"
"1133";"01/01/2020 00:00:00";"test;""Ä…"
"1134";"01/01/2020 00:00:00";"test;""Ä…"
"1135";"01/01/2020 00:00:00";"test;""Ä…"
"1136";"01/01/2020 00:00:00";"test;""Ä…"
"1137";"01/01/2020 00:00:00";"test;""Ä…"
"1138";"01/01/2020 00:00:00";"test;""Ä…"
"1139";"01/01/2020 00:00:00";"test;""Ä…"
"1140";"01/01/2020 00:00:00";"test;""Ä…"
"1141";"01/01/2020 00:00:00";"test;""Ä…"
"1142";"01/01/2020 00:00:00";"test;""Ä…"
"1143";"01/01/2020 00:00:00";"test;""Ä…"
"1144";"01/01/2020 00:00:00";"test;""Ä…"
"1145";"01/01/2020 00:00:00";"test;""Ä…"
"1146";"01/01/2020 00:00:00";"test;""Ä…"
"1147";"01/01/2020 00:00:00";"test;""Ä…"
"1148";"01/01/2020 00:00:00";"test;""Ä…"
"1149";"01/01/2020 00:00:00";"test;""Ä…"
"1150";"01/01/2020 00:00:00";"test;""Ä…"
"1151";"01/01/2020 00:00:00";"test;""Ä…"
"1152";"01/01/2020 00:00:00";"test;""Ä…"
"1153";"01/01/2020 00:00:00";"test;""Ä…"
"1154";"01/01/2020 00:00:00";"test;""Ä…"
"1155";"01/01/2020 00:00:00";"test;""Ä…"
"1156";"01/01/2020 00:00:00";"test;""Ä…"
"1157";"01/01/2020 00:00:00";"test;""Ä…"
"1158";"01/01/2020 00:00:00";"test;""Ä…"
"1159";"01/01/2020 00:00:00";"test;""Ä…"
"1160";"01/01/2020 00:00:00";"test;""Ä…"
"1161";"01/01/2020 00:00:00";"test;""Ä…"
"1162";"01/01/2020 00:00:00";"test;""Ä…"
"1163";"01/01/2020 00:00:00";"test;""Ä…"
"1164";"01/01/2020 00:00:00";"test;""Ä…"
"1165";"01/01/2020 00:00:00";"test;""Ä…"
"1166";"01/01/2020 00:00:00";"test;""Ä…"
"1167";"01/01/2020 00:00:00";"test;""Ä…"
"1168";"01/01/2020 00:00:00";"test;""Ä…"
"1169";"01/01/2020 00:00:00";"test;""Ä…"
"1170";"01/01/2020 00:00:00";"test;""Ä…"
"1171";"01/01/2020 00:00:00";"test;""Ä…"
"1172";"01/01/2020 00:00:00";"test;""Ä…"
"1173";"01/01/2020 00:00:00";"test;""Ä…"
"1174";"01/01/2020 00:00:00";"test;""Ä…"
"1175";"01/01/2020 00:00:00";"test;""Ä…"
"1176";"01/01/2020 00:00:00";"test;""Ä…"
"1177";"01/01/2020 00:00:00";"test;""Ä…"
"1178";"01/01/2020 00:00:00";"test;""Ä…"
"1179";"01/01/2020 00:00:00";"test;""Ä…"
"1180";"01/01/2020 00:00:00";"test;""Ä…"
"1181";"01/01/2020 00:00:00";"test;""Ä…"
"1182";"01/01/2020 00:00:00";"test;""Ä…"
"1183";"01/01/2020 00:00:00";"test;""Ä…"
"1184";"01/01/2020 00:00:00";"test;""Ä…"
"1185";"01/01/2020 00:00:00";"test;""Ä…"
"1186";"01/01/2020 00:00:00";"test;""Ä…"
"1187";"01/01/2020 00:00:00";"test;""Ä…"
"1188";"01/01/2020 00:00:00";"test;""Ä…"
"1189";"01/01/2020 00:00:00";"test;""Ä…"
"1190";"01/01/2020 00:00:00";"test;""Ä…"
"1191";"01/01/2020 00:00:00";"test;""Ä…"
"1192";"01/01/2020 00:00:00";"test;""Ä…"
"1193";"01/01/2020 00:00:00";"test;""Ä…"
"1194";"01/01/2020 00:00:00";"test;""Ä…"
"1195";"01/01/2020 00:00:00";"test;""Ä…"
"1196";"01/01/2020 00:00:00";"test;""Ä…"
"1197";"01/01/2020 00:00:00";"test;""Ä…"
"1198";"01/01/2020 00:00:00";"test;""Ä…"
"1199";"01/01/2020 00:00:00";"test;""Ä…"
"1200";"01/01/2020 00:00:00";"test;""Ä…"
"1201";"01/01/2020 00:00:00";"test;""Ä…"
"1202";"01/01/2020 00:00:00";"test;""Ä…"
"1203";"01/01/2020 00:00:00";"test;""Ä…"
"1204";"01/01/2020 00:00:00";"test;""Ä…"
"1205";"01/01/2020 00:00:00";"test;""Ä…"
"1206";"01/01/2020 00:00:00";"test;""Ä…"
"1207";"01/01/2020 00:00:00";"test;""Ä…"
"1208";"01/01/2020 00:00:00";"test;""Ä…"
"1209";"01/01/2020 00:00:00";"test;""Ä…"
"1210";"01/01/2020 00:00:00";"test;""Ä…"
"1211";"01/01/2020 00:00:00";"test;""Ä…"
"1212";"01/01/2020 00:00:00";"test;""Ä…"
"1213";"01/01/2020 00:00:00";"test;""Ä…"
"1214";"01/01/2020 00:00:00";"test;""Ä…"
"1215";"01/01/2020 00:00:00";"test;""Ä…"
"1216";"01/01/2020 00:00:00";"test;""Ä…"
"1217";"01/01/2020 00:00:00";"test;""Ä…"
"1218";"01/01/2020 00:00:00";"test;""Ä…"
"1219";"01/01/2020 00:00:00";"test;""Ä…"
"1220";"01/01/2020 00:00:00";"test;""Ä…"
"1221";"01/01/2020 00:00:00";"test;""Ä…"
"1222";"01/01/2020 00:00:00";"test;""Ä…"
"1223";"01/01/2020 00:00:00";"test;""Ä…"
"1224";"01/01/2020 00:00:00";"test;""Ä…"
"1225";"01/01/2020 00:00:00";"test;""Ä…"
"1226";"01/01/2020 00:00:00";"test;""Ä…"
"1227";"01/01/2020 00:00:00";"test;""Ä…"
"1228";"01/01/2020 00:00:00";"test;""Ä…"
"1229";"01/01/2020 00:00:00";"test;""Ä…"
"1230";"01/01/2020 00:00:00";"test;""Ä…"
"1231";"01/01/2020 00:00:00";"test;""Ä…"
"1232";"01/01/2020 00:00:00";"test;""Ä…"
"1233";"01/01/2020 00:00:00";"test;""Ä…"
"1234";"01/01/2020 00:00:00";"test;""Ä…"
"1235";"01/01/2020 00:00:00";"test;""Ä…"
"1236";"01/01/2020 00:00:00";"test;""Ä…"
"1237";"01/01/2020 00:00:00";"test;""Ä…"
"1238";"01/01/2020 00:00:00";"test;""Ä…"
"1239";"01/01/2020 00:00:00";"test;""Ä…"
"1240";"01/01/2020 00:00:00";"test;""Ä…"
"1241";"01/01/2020 00:00:00";"test;""Ä…"
"1242";"01/01/2020 00:00:00";"test;""Ä…"
"1243";"01/01/2020 00:00:00";"test;""Ä…"
"1244";"01/01/2020 00:00:00";"test;""Ä…"
"1245";"01/01/2020 00:00:00";"test;""Ä…"
"1246";"01/01/2020 00:00:00";"test;""Ä…"
"1247";"01/01/2020 00:00:00";"test;""Ä…"
"1248";"01/01/2020 00:00:00";"test;""Ä…"
"1249";"01/01/2020 00:00:00";"test;""Ä…"
"1250";"01/01/2020 00:00:00";"test;""Ä…"
"1251";"01/01/2020 00:00:00";"test;""Ä…"
"1252";"01/01/2020 00:00:00";"test;""Ä…"
"1253";"01/01/2020 00:00:00";"test;""Ä…"
"1254";"01/01/2020 00:00:00";"test;""Ä…"
"1255";"01/01/2020 00:00:00";"test;""Ä…"
"1256";"01/01/2020 00:00:00";"test;""Ä…"
"1257";"01/01/2020 00:00:00";"test;""Ä…"
"1258";"01/01/2020 00:00:00";"test;""Ä…"
"1259";"01/01/2020 00:00:00";"test;""Ä…"
"1260";"01/01/2020 00:00:00";"test;""Ä…"
"1261";"01/01/2020 00:00:00";"test;""Ä…"
"1262";"01/01/2020 00:00:00";"test;""Ä…"
"1263";"01/01/2020 00:00:00";"test;""Ä…"
"1264";"01/01/2020 00:00:00";"test;""Ä…"
"1265";"01/01/2020 00:00:00";"test;""Ä…"
"1266";"01/01/2020 00:00:00";"test;""Ä…"
"1267";"01/01/2020 00:00:00";"test;""Ä…"
"1268";"01/01/2020 00:00:00";"test;""Ä…"
"1269";"01/01/2020 00:00:00";"test;""Ä…"
"1270";"01/01/2020 00:00:00";"test;""Ä…"
"1271";"01/01/2020 00:00:00";"test;""Ä…"
"1272";"01/01/2020 00:00:00";"test;""Ä…"
"1273";"01/01/2020 00:00:00";"test;""Ä…"
"1274";"01/01/2020 00:00:00";"test;""Ä…"
"1275";"01/01/2020 00:00:00";"test;""Ä…"
"1276";"01/01/2020 00:00:00";"test;""Ä…"
"1277";"01/01/2020 00:00:00";"test;""Ä…"
"1278";"01/01/2020 00:00:00";"test;""Ä…"
"1279";"01/01/2020 00:00:00";"test;""Ä…"
"1280";"01/01/2020 00:00:00";"test;""Ä…"
"1281";"01/01/2020 00:00:00";"test;""Ä…"
"1282";"01/01/2020 00:00:00";"test;""Ä…"
"1283";"01/01/2020 00:00:00";"test;""Ä…"
"1284";"01/01/2020 00:00:00";"test;""Ä…"
"1285";"01/01/2020 00:00:00";"test;""Ä…"
"1286";"01/01/2020 00:00:00";"test;""Ä…"
"1287";"01/01/2020 00:00:00";"test;""Ä…"
"1288";"01/01/2020 00:00:00";"test;""Ä…"
"1289";"01/01/2020 00:00:00";"test;""Ä…"
"1290";"01/01/2020 00:00:00";"test;""Ä…"
"1291";"01/01/2020 00:00:00";"test;""Ä…"
"1292";"01/01/2020 00:00:00";"test;""Ä…"
"1293";"01/01/2020 00:00:00";"test;""Ä…"
"1294";"01/01/2020 00:00:00";"test;""Ä…"
"1295";"01/01/2020 00:00:00";"test;""Ä…"
"1296";"01/01/2020 00:00:00";"test;""Ä…"
"1297";"01/01/2020 00:00:00";"test;""Ä…"
"1298";"01/01/2020 00:00:00";"test;""Ä…"
"1299";"01/01/2020 00:00:00";"test;""Ä…"
"1300";"01/01/2020 00:00:00";"test;""Ä…"
"1301";"01/01/2020 00:00:00";"test;""Ä…"
"1302";"01/01/2020 00:00:00";"test;""Ä…"
"1303";"01/01/2020 00:00:00";"test;""Ä…"
"1304";"01/01/2020 00:00:00";"test;""Ä…"
"1305";"01/01/2020 00:00:00";"test;""Ä…"
"1306";"01/01/2020 00:00:00";"test;""Ä…"
"1307";"01/01/2020 00:00:00";"test;""Ä…"
"1308";"01/01/2020 00:00:00";"test;""Ä…"
"1309";"01/01/2020 00:00:00";"test;""Ä…"
"1310";"01/01/2020 00:00:00";"test;""Ä…"
"1311";"01/01/2020 00:00:00";"test;""Ä…"
"1312";"01/01/2020 00:00:00";"test;""Ä…"
"1313";"01/01/2020 00:00:00";"test;""Ä…"
"1314";"01/01/2020 00:00:00";"test;""Ä…"
"1315";"01/01/2020 00:00:00";"test;""Ä…"
"1316";"01/01/2020 00:00:00";"test;""Ä…"
"1317";"01/01/2020 00:00:00";"test;""Ä…"
"1318";"01/01/2020 00:00:00";"test;""Ä…"
"1319";"01/01/2020 00:00:00";"test;""Ä…"
"1320";"01/01/2020 00:00:00";"test;""Ä…"
"1321";"01/01/2020 00:00:00";"test;""Ä…"
"1322";"01/01/2020 00:00:00";"test;""Ä…"
"1323";"01/01/2020 00:00:00";"test;""Ä…"
"1324";"01/01/2020 00:00:00";"test;""Ä…"
"1325";"01/01/2020 00:00:00";"test;""Ä…"
"1326";"01/01/2020 00:00:00";"test;""Ä…"
"1327";"01/01/2020 00:00:00";"test;""Ä…"
"1328";"01/01/2020 00:00:00";"test;""Ä…"
"1329";"01/01/2020 00:00:00";"test;""Ä…"
"1330";"01/01/2020 00:00:00";"test;""Ä…"
"1331";"01/01/2020 00:00:00";"test;""Ä…"
"1332";"01/01/2020 00:00:00";"test;""Ä…"
"1333";"01/01/2020 00:00:00";"test;""Ä…"
"1334";"01/01/2020 00:00:00";"test;""Ä…"
"1335";"01/01/2020 00:00:00";"test;""Ä…"
"1336";"01/01/2020 00:00:00";"test;""Ä…"
"1337";"01/01/2020 00:00:00";"test;""Ä…"
"1338";"01/01/2020 00:00:00";"test;""Ä…"
"1339";"01/01/2020 00:00:00";"test;""Ä…"
"1340";"01/01/2020 00:00:00";"test;""Ä…"
"1341";"01/01/2020 00:00:00";"test;""Ä…"
"1342";"01/01/2020 00:00:00";"test;""Ä…"
"1343";"01/01/2020 00:00:00";"test;""Ä…"
"1344";"01/01/2020 00:00:00";"test;""Ä…"
"1345";"01/01/2020 00:00:00";"test;""Ä…"
"1346";"01/01/2020 00:00:00";"test;""Ä…"
"1347";"01/01/2020 00:00:00";"test;""Ä…"
"1348";"01/01/2020 00:00:00";"test;""Ä…"
"1349";"01/01/2020 00:00:00";"test;""Ä…"
"1350";"01/01/2020 00:00:00";"test;""Ä…"
"1351";"01/01/2020 00:00:00";"test;""Ä…"
"1352";"01/01/2020 00:00:00";"test;""Ä…"
"1353";"01/01/2020 00:00:00";"test;""Ä…"
"1354";"01/01/2020 00:00:00";"test;""Ä…"
"1355";"01/01/2020 00:00:00";"test;""Ä…"
"1356";"01/01/2020 00:00:00";"test;""Ä…"
"1357";"01/01/2020 00:00:00";"test;""Ä…"
"1358";"01/01/2020 00:00:00";"test;""Ä…"
"1359";"01/01/2020 00:00:00";"test;""Ä…"
"1360";"01/01/2020 00:00:00";"test;""Ä…"
"1361";"01/01/2020 00:00:00";"test;""Ä…"
"1362";"01/01/2020 00:00:00";"test;""Ä…"
"1363";"01/01/2020 00:00:00";"test;""Ä…"
"1364";"01/01/2020 00:00:00";"test;""Ä…"
"1365";"01/01/2020 00:00:00";"test;""Ä…"
"1366";"01/01/2020 00:00:00";"test;""Ä…"
"1367";"01/01/2020 00:00:00";"test;""Ä…"
"1368";"01/01/2020 00:00:00";"test;""Ä…"
"1369";"01/01/2020 00:00:00";"test;""Ä…"
"1370";"01/01/2020 00:00:00";"test;""Ä…"
"1371";"01/01/2020 00:00:00";"test;""Ä…"
"1372";"01/01/2020 00:00:00";"test;""Ä…"
"1373";"01/01/2020 00:00:00";"test;""Ä…"
"1374";"01/01/2020 00:00:00";"test;""Ä…"
"1375";"01/01/2020 00:00:00";"test;""Ä…"
"1376";"01/01/2020 00:00:00";"test;""Ä…"
"1377";"01/01/2020 00:00:00";"test;""Ä…"
"1378";"01/01/2020 00:00:00";"test;""Ä…"
"1379";"01/01/2020 00:00:00";"test;""Ä…"
"1380";"01/01/2020 00:00:00";"test;""Ä…"
"1381";"01/01/2020 00:00:00";"test;""Ä…"
"1382";"01/01/2020 00:00:00";"test;""Ä…"
"1383";"01/01/2020 00:00:00";"test;""Ä…"
"1384";"01/01/2020 00:00:00";"test;""Ä…"
"1385";"01/01/2020 00:00:00";"test;""Ä…"
"1386";"01/01/2020 00:00:00";"test;""Ä…"
"1387";"01/01/2020 00:00:00";"test;""Ä…"
"1388";"01/01/2020 00:00:00";"test;""Ä…"
"1389";"01/01/2020 00:00:00";"test;""Ä…"
"1390";"01/01/2020 00:00:00";"test;""Ä…"
"1391";"01/01/2020 00:00:00";"test;""Ä…"
"1392";"01/01/2020 00:00:00";"test;""Ä…"
"1393";"01/01/2020 00:00:00";"test;""Ä…"
"1394";"01/01/2020 00:00:00";"test;""Ä…"
"1395";"01/01/2020 00:00:00";"test;""Ä…"
"1396";"01/01/2020 00:00:00";"test;""Ä…"
"1397";"01/01/2020 00:00:00";"test;""Ä…"
"1398";"01/01/2020 00:00:00";"test;""Ä…"
"1399";"01/01/2020 00:00:00";"test;""Ä…"
"1400";"01/01/2020 00:00:00";"test;""Ä…"
"1401";"01/01/2020 00:00:00";"test;""Ä…"
"1402";"01/01/2020 00:00:00";"test;""Ä…"
"1403";"01/01/2020 00:00:00";"test;""Ä…"
"1404";"01/01/2020 00:00:00";"test;""Ä…"
"1405";"01/01/2020 00:00:00";"test;""Ä…"
"1406";"01/01/2020 00:00:00";"test;""Ä…"
"1407";"01/01/2020 00:00:00";"test;""Ä…"
"1408";"01/01/2020 00:00:00";"test;""Ä…"
"1409";"01/01/2020 00:00:00";"test;""Ä…"
"1410";"01/01/2020 00:00:00";"test;""Ä…"
"1411";"01/01/2020 00:00:00";"test;""Ä…"
"1412";"01/01/2020 00:00:00";"test;""Ä…"
"1413";"01/01/2020 00:00:00";"test;""Ä…"
"1414";"01/01/2020 00:00:00";"test;""Ä…"
"1415";"01/01/2020 00:00:00";"test;""Ä…"
"1416";"01/01/2020 00:00:00";"test;""Ä…"
"1417";"01/01/2020 00:00:00";"test;""Ä…"
"1418";"01/01/2020 00:00:00";"test;""Ä…"
"1419";"01/01/2020 00:00:00";"test;""Ä…"
"1420";"01/01/2020 00:00:00";"test;""Ä…"
"1421";"01/01/2020 00:00:00";"test;""Ä…"
"1422";"01/01/2020 00:00:00";"test;""Ä…"
"1423";"01/01/2020 00:00:00";"test;""Ä…"
"1424";"01/01/2020 00:00:00";"test;""Ä…"
"1425";"01/01/2020 00:00:00";"test;""Ä…"
"1426";"01/01/2020 00:00:00";"test;""Ä…"
"1427";"01/01/2020 00:00:00";"test;""Ä…"
"1428";"01/01/2020 00:00:00";"test;""Ä…"
"1429";"01/01/2020 00:00:00";"test;""Ä…"
"1430";"01/01/2020 00:00:00";"test;""Ä…"
"1431";"01/01/2020 00:00:00";"test;""Ä…"
"1432";"01/01/2020 00:00:00";"test;""Ä…"
"1433";"01/01/2020 00:00:00";"test;""Ä…"
"1434";"01/01/2020 00:00:00";"test;""Ä…"
"1435";"01/01/2020 00:00:00";"test;""Ä…"
"1436";"01/01/2020 00:00:00";"test;""Ä…"
"1437";"01/01/2020 00:00:00";"test;""Ä…"
"1438";"01/01/2020 00:00:00";"test;""Ä…"
"1439";"01/01/2020 00:00:00";"test;""Ä…"
"1440";"01/01/2020 00:00:00";"test;""Ä…"
"1441";"01/01/2020 00:00:00";"test;""Ä…"
"1442";"01/01/2020 00:00:00";"test;""Ä…"
"1443";"01/01/2020 00:00:00";"test;""Ä…"
"1444";"01/01/2020 00:00:00";"test;""Ä…"
"1445";"01/01/2020 00:00:00";"test;""Ä…"
"1446";"01/01/2020 00:00:00";"test;""Ä…"
"1447";"01/01/2020 00:00:00";"test;""Ä…"
"1448";"01/01/2020 00:00:00";"test;""Ä…"
"1449";"01/01/2020 00:00:00";"test;""Ä…"
"1450";"01/01/2020 00:00:00";"test;""Ä…"
"1451";"01/01/2020 00:00:00";"test;""Ä…"
"1452";"01/01/2020 00:00:00";"test;""Ä…"
"1453";"01/01/2020 00:00:00";"test;""Ä…"
"1454";"01/01/2020 00:00:00";"test;""Ä…"
"1455";"01/01/2020 00:00:00";"test;""Ä…"
"1456";"01/01/2020 00:00:00";"test;""Ä…"
"1457";"01/01/2020 00:00:00";"test;""Ä…"
"1458";"01/01/2020 00:00:00";"test;""Ä…"
"1459";"01/01/2020 00:00:00";"test;""Ä…"
"1460";"01/01/2020 00:00:00";"test;""Ä…"
"1461";"01/01/2020 00:00:00";"test;""Ä…"
"1462";"01/01/2020 00:00:00";"test;""Ä…"
"1463";"01/01/2020 00:00:00";"test;""Ä…"
"1464";"01/01/2020 00:00:00";"test;""Ä…"
"1465";"01/01/2020 00:00:00";"test;""Ä…"
"1466";"01/01/2020 00:00:00";"test;""Ä…"
"1467";"01/01/2020 00:00:00";"test;""Ä…"
"1468";"01/01/2020 00:00:00";"test;""Ä…"
"1469";"01/01/2020 00:00:00";"test;""Ä…"
"1470";"01/01/2020 00:00:00";"test;""Ä…"
"1471";"01/01/2020 00:00:00";"test;""Ä…"
"1472";"01/01/2020 00:00:00";"test;""Ä…"
"1473";"01/01/2020 00:00:00";"test;""Ä…"
"1474";"01/01/2020 00:00:00";"test;""Ä…"
"1475";"01/01/2020 00:00:00";"test;""Ä…"
"1476";"01/01/2020 00:00:00";"test;""Ä…"
"1477";"01/01/2020 00:00:00";"test;""Ä…"
"1478";"01/01/2020 00:00:00";"test;""Ä…"
"1479";"01/01/2020 00:00:00";"test;""Ä…"
"1480";"01/01/2020 00:00:00";"test;""Ä…"
"1481";"01/01/2020 00:00:00";"test;""Ä…"
"1482";"01/01/2020 00:00:00";"test;""Ä…"
"1483";"01/01/2020 00:00:00";"test;""Ä…"
"1484";"01/01/2020 00:00:00";"test;""Ä…"
"1485";"01/01/2020 00:00:00";"test;""Ä…"
"1486";"01/01/2020 00:00:00";"test;""Ä…"
"1487";"01/01/2020 00:00:00";"test;""Ä…"
"1488";"01/01/2020 00:00:00";"test;""Ä…"
"1489";"01/01/2020 00:00:00";"test;""Ä…"
"1490";"01/01/2020 00:00:00";"test;""Ä…"
"1491";"01/01/2020 00:00:00";"test;""Ä…"
"1492";"01/01/2020 00:00:00";"test;""Ä…"
"1493";"01/01/2020 00:00:00";"test;""Ä…"
"1494";"01/01/2020 00:00:00";"test;""Ä…"
"1495";"01/01/2020 00:00:00";"test;""Ä…"
"1496";"01/01/2020 00:00:00";"test;""Ä…"
"1497";"01/01/2020 00:00:00";"test;""Ä…"
"1498";"01/01/2020 00:00:00";"test;""Ä…"
"1499";"01/01/2020 00:00:00";"test;""Ä…"
"1500";"01/01/2020 00:00:00";"test;""Ä…"
"1501";"01/01/2020 00:00:00";"test;""Ä…"
"1502";"01/01/2020 00:00:00";"test;""Ä…"
"1503";"01/01/2020 00:00:00";"test;""Ä…"
"1504";"01/01/2020 00:00:00";"test;""Ä…"
"1505";"01/01/2020 00:00:00";"test;""Ä…"
"1506";"01/01/2020 00:00:00";"test;""Ä…"
"1507";"01/01/2020 00:00:00";"test;""Ä…"
"1508";"01/01/2020 00:00:00";"test;""Ä…"
"1509";"01/01/2020 00:00:00";"test;""Ä…"
"1510";"01/01/2020 00:00:00";"test;""Ä…"
"1511";"01/01/2020 00:00:00";"test;""Ä…"
"1512";"01/01/2020 00:00:00";"test;""Ä…"
"1513";"01/01/2020 00:00:00";"test;""Ä…"
"1514";"01/01/2020 00:00:00";"test;""Ä…"
"1515";"01/01/2020 00:00:00";"test;""Ä…"
"1516";"01/01/2020 00:00:00";"test;""Ä…"
"1517";"01/01/2020 00:00:00";"test;""Ä…"
"1518";"01/01/2020 00:00:00";"test;""Ä…"
"1519";"01/01/2020 00:00:00";"test;""Ä…"
"1520";"01/01/2020 00:00:00";"test;""Ä…"
"1521";"01/01/2020 00:00:00";"test;""Ä…"
"1522";"01/01/2020 00:00:00";"test;""Ä…"
"1523";"01/01/2020 00:00:00";"test;""Ä…"
"1524";"01/01/2020 00:00:00";"test;""Ä…"
"1525";"01/01/2020 00:00:00";"test;""Ä…"
"1526";"01/01/2020 00:00:00";"test;""Ä…"
"1527";"01/01/2020 00:00:00";"test;""Ä…"
"1528";"01/01/2020 00:00:00";"test;""Ä…"
"1529";"01/01/2020 00:00:00";"test;""Ä…"
"1530";"01/01/2020 00:00:00";"test;""Ä…"
"1531";"01/01/2020 00:00:00";"test;""Ä…"
"1532";"01/01/2020 00:00:00";"test;""Ä…"
"1533";"01/01/2020 00:00:00";"test;""Ä…"
"1534";"01/01/2020 00:00:00";"test;""Ä…"
"1535";"01/01/2020 00:00:00";"test;""Ä…"
"1536";"01/01/2020 00:00:00";"test;""Ä…"
"1537";"01/01/2020 00:00:00";"test;""Ä…"
"1538";"01/01/2020 00:00:00";"test;""Ä…"
"1539";"01/01/2020 00:00:00";"test;""Ä…"
"1540";"01/01/2020 00:00:00";"test;""Ä…"
"1541";"01/01/2020 00:00:00";"test;""Ä…"
"1542";"01/01/2020 00:00:00";"test;""Ä…"
"1543";"01/01/2020 00:00:00";"test;""Ä…"
"1544";"01/01/2020 00:00:00";"test;""Ä…"
"1545";"01/01/2020 00:00:00";"test;""Ä…"
"1546";"01/01/2020 00:00:00";"test;""Ä…"
"1547";"01/01/2020 00:00:00";"test;""Ä…"
"1548";"01/01/2020 00:00:00";"test;""Ä…"
"1549";"01/01/2020 00:00:00";"test;""Ä…"
"1550";"01/01/2020 00:00:00";"test;""Ä…"
"1551";"01/01/2020 00:00:00";"test;""Ä…"
"1552";"01/01/2020 00:00:00";"test;""Ä…"
"1553";"01/01/2020 00:00:00";"test;""Ä…"
"1554";"01/01/2020 00:00:00";"test;""Ä…"
"1555";"01/01/2020 00:00:00";"test;""Ä…"
"1556";"01/01/2020 00:00:00";"test;""Ä…"
"1557";"01/01/2020 00:00:00";"test;""Ä…"
"1558";"01/01/2020 00:00:00";"test;""Ä…"
"1559";"01/01/2020 00:00:00";"test;""Ä…"
"1560";"01/01/2020 00:00:00";"test;""Ä…"
"1561";"01/01/2020 00:00:00";"test;""Ä…"
"1562";"01/01/2020 00:00:00";"test;""Ä…"
"1563";"01/01/2020 00:00:00";"test;""Ä…"
"1564";"01/01/2020 00:00:00";"test;""Ä…"
"1565";"01/01/2020 00:00:00";"test;""Ä…"
"1566";"01/01/2020 00:00:00";"test;""Ä…"
"1567";"01/01/2020 00:00:00";"test;""Ä…"
"1568";"01/01/2020 00:00:00";"test;""Ä…"
"1569";"01/01/2020 00:00:00";"test;""Ä…"
"1570";"01/01/2020 00:00:00";"test;""Ä…"
"1571";"01/01/2020 00:00:00";"test;""Ä…"
"1572";"01/01/2020 00:00:00";"test;""Ä…"
"1573";"01/01/2020 00:00:00";"test;""Ä…"
"1574";"01/01/2020 00:00:00";"test;""Ä…"
"1575";"01/01/2020 00:00:00";"test;""Ä…"
"1576";"01/01/2020 00:00:00";"test;""Ä…"
"1577";"01/01/2020 00:00:00";"test;""Ä…"
"1578";"01/01/2020 00:00:00";"test;""Ä…"
"1579";"01/01/2020 00:00:00";"test;""Ä…"
"1580";"01/01/2020 00:00:00";"test;""Ä…"
"1581";"01/01/2020 00:00:00";"test;""Ä…"
"1582";"01/01/2020 00:00:00";"test;""Ä…"
"1583";"01/01/2020 00:00:00";"test;""Ä…"
"1584";"01/01/2020 00:00:00";"test;""Ä…"
"1585";"01/01/2020 00:00:00";"test;""Ä…"
"1586";"01/01/2020 00:00:00";"test;""Ä…"
"1587";"01/01/2020 00:00:00";"test;""Ä…"
"1588";"01/01/2020 00:00:00";"test;""Ä…"
"1589";"01/01/2020 00:00:00";"test;""Ä…"
"1590";"01/01/2020 00:00:00";"test;""Ä…"
"1591";"01/01/2020 00:00:00";"test;""Ä…"
"1592";"01/01/2020 00:00:00";"test;""Ä…"
"1593";"01/01/2020 00:00:00";"test;""Ä…"
"1594";"01/01/2020 00:00:00";"test;""Ä…"
"1595";"01/01/2020 00:00:00";"test;""Ä…"
"1596";"01/01/2020 00:00:00";"test;""Ä…"
"1597";"01/01/2020 00:00:00";"test;""Ä…"
"1598";"01/01/2020 00:00:00";"test;""Ä…"
"1599";"01/01/2020 00:00:00";"test;""Ä…"
"1600";"01/01/2020 00:00:00";"test;""Ä…"
"1601";"01/01/2020 00:00:00";"test;""Ä…"
"1602";"01/01/2020 00:00:00";"test;""Ä…"
"1603";"01/01/2020 00:00:00";"test;""Ä…"
"1604";"01/01/2020 00:00:00";"test;""Ä…"
"1605";"01/01/2020 00:00:00";"test;""Ä…"
"1606";"01/01/2020 00:00:00";"test;""Ä…"
"1607";"01/01/2020 00:00:00";"test;""Ä…"
"1608";"01/01/2020 00:00:00";"test;""Ä…"
"1609";"01/01/2020 00:00:00";"test;""Ä…"
"1610";"01/01/2020 00:00:00";"test;""Ä…"
"1611";"01/01/2020 00:00:00";"test;""Ä…"
"1612";"01/01/2020 00:00:00";"test;""Ä…"
"1613";"01/01/2020 00:00:00";"test;""Ä…"
"1614";"01/01/2020 00:00:00";"test;""Ä…"
"1615";"01/01/2020 00:00:00";"test;""Ä…"
"1616";"01/01/2020 00:00:00";"test;""Ä…"
"1617";"01/01/2020 00:00:00";"test;""Ä…"
"1618";"01/01/2020 00:00:00";"test;""Ä…"
"1619";"01/01/2020 00:00:00";"test;""Ä…"
"1620";"01/01/2020 00:00:00";"test;""Ä…"
"1621";"01/01/2020 00:00:00";"test;""Ä…"
"1622";"01/01/2020 00:00:00";"test;""Ä…"
"1623";"01/01/2020 00:00:00";"test;""Ä…"
"1624";"01/01/2020 00:00:00";"test;""Ä…"
"1625";"01/01/2020 00:00:00";"test;""Ä…"
"1626";"01/01/2020 00:00:00";"test;""Ä…"
"1627";"01/01/2020 00:00:00";"test;""Ä…"
"1628";"01/01/2020 00:00:00";"test;""Ä…"
"1629";"01/01/2020 00:00:00";"test;""Ä…"
"1630";"01/01/2020 00:00:00";"test;""Ä…"
"1631";"01/01/2020 00:00:00";"test;""Ä…"
"1632";"01/01/2020 00:00:00";"test;""Ä…"
"1633";"01/01/2020 00:00:00";"test;""Ä…"
"1634";"01/01/2020 00:00:00";"test;""Ä…"
"1635";"01/01/2020 00:00:00";"test;""Ä…"
"1636";"01/01/2020 00:00:00";"test;""Ä…"
"1637";"01/01/2020 00:00:00";"test;""Ä…"
"1638";"01/01/2020 00:00:00";"test;""Ä…"
"1639";"01/01/2020 00:00:00";"test;""Ä…"
"1640";"01/01/2020 00:00:00";"test;""Ä…"
"1641";"01/01/2020 00:00:00";"test;""Ä…"
"1642";"01/01/2020 00:00:00";"test;""Ä…"
"1643";"01/01/2020 00:00:00";"test;""Ä…"
"1644";"01/01/2020 00:00:00";"test;""Ä…"
"1645";"01/01/2020 00:00:00";"test;""Ä…"
"1646";"01/01/2020 00:00:00";"test;""Ä…"
"1647";"01/01/2020 00:00:00";"test;""Ä…"
"1648";"01/01/2020 00:00:00";"test;""Ä…"
"1649";"01/01/2020 00:00:00";"test;""Ä…"
"1650";"01/01/2020 00:00:00";"test;""Ä…"
"1651";"01/01/2020 00:00:00";"test;""Ä…"
"1652";"01/01/2020 00:00:00";"test;""Ä…"
"1653";"01/01/2020 00:00:00";"test;""Ä…"
"1654";"01/01/2020 00:00:00";"test;""Ä…"
"1655";"01/01/2020 00:00:00";"test;""Ä…"
"1656";"01/01/2020 00:00:00";"test;""Ä…"
"1657";"01/01/2020 00:00:00";"test;""Ä…"
"1658";"01/01/2020 00:00:00";"test;""Ä…"
"1659";"01/01/2020 00:00:00";"test;""Ä…"
"1660";"01/01/2020 00:00:00";"test;""Ä…"
"1661";"01/01/2020 00:00:00";"test;""Ä…"
"1662";"01/01/2020 00:00:00";"test;""Ä…"
"1663";"01/01/2020 00:00:00";"test;""Ä…"
"1664";"01/01/2020 00:00:00";"test;""Ä…"
"1665";"01/01/2020 00:00:00";"test;""Ä…"
"1666";"01/01/2020 00:00:00";"test;""Ä…"
"1667";"01/01/2020 00:00:00";"test;""Ä…"
"1668";"01/01/2020 00:00:00";"test;""Ä…"
"1669";"01/01/2020 00:00:00";"test;""Ä…"
"1670";"01/01/2020 00:00:00";"test;""Ä…"
"1671";"01/01/2020 00:00:00";"test;""Ä…"
"1672";"01/01/2020 00:00:00";"test;""Ä…"
"1673";"01/01/2020 00:00:00";"test;""Ä…"
"1674";"01/01/2020 00:00:00";"test;""Ä…"
"1675";"01/01/2020 00:00:00";"test;""Ä…"
"1676";"01/01/2020 00:00:00";"test;""Ä…"
"1677";"01/01/2020 00:00:00";"test;""Ä…"
"1678";"01/01/2020 00:00:00";"test;""Ä…"
"1679";"01/01/2020 00:00:00";"test;""Ä…"
"1680";"01/01/2020 00:00:00";"test;""Ä…"
"1681";"01/01/2020 00:00:00";"test;""Ä…"
"1682";"01/01/2020 00:00:00";"test;""Ä…"
"1683";"01/01/2020 00:00:00";"test;""Ä…"
"1684";"01/01/2020 00:00:00";"test;""Ä…"
"1685";"01/01/2020 00:00:00";"test;""Ä…"
"1686";"01/01/2020 00:00:00";"test;""Ä…"
"1687";"01/01/2020 00:00:00";"test;""Ä…"
"1688";"01/01/2020 00:00:00";"test;""Ä…"
"1689";"01/01/2020 00:00:00";"test;""Ä…"
"1690";"01/01/2020 00:00:00";"test;""Ä…"
"1691";"01/01/2020 00:00:00";"test;""Ä…"
"1692";"01/01/2020 00:00:00";"test;""Ä…"
"1693";"01/01/2020 00:00:00";"test;""Ä…"
"1694";"01/01/2020 00:00:00";"test;""Ä…"
"1695";"01/01/2020 00:00:00";"test;""Ä…"
"1696";"01/01/2020 00:00:00";"test;""Ä…"
"1697";"01/01/2020 00:00:00";"test;""Ä…"
"1698";"01/01/2020 00:00:00";"test;""Ä…"
"1699";"01/01/2020 00:00:00";"test;""Ä…"
"1700";"01/01/2020 00:00:00";"test;""Ä…"
"1701";"01/01/2020 00:00:00";"test;""Ä…"
"1702";"01/01/2020 00:00:00";"test;""Ä…"
"1703";"01/01/2020 00:00:00";"test;""Ä…"
"1704";"01/01/2020 00:00:00";"test;""Ä…"
"1705";"01/01/2020 00:00:00";"test;""Ä…"
"1706";"01/01/2020 00:00:00";"test;""Ä…"
"1707";"01/01/2020 00:00:00";"test;""Ä…"
"1708";"01/01/2020 00:00:00";"test;""Ä…"
"1709";"01/01/2020 00:00:00";"test;""Ä…"
"1710";"01/01/2020 00:00:00";"test;""Ä…"
"1711";"01/01/2020 00:00:00";"test;""Ä…"
"1712";"01/01/2020 00:00:00";"test;""Ä…"
"1713";"01/01/2020 00:00:00";"test;""Ä…"
"1714";"01/01/2020 00:00:00";"test;""Ä…"
"1715";"01/01/2020 00:00:00";"test;""Ä…"
"1716";"01/01/2020 00:00:00";"test;""Ä…"
"1717";"01/01/2020 00:00:00";"test;""Ä…"
"1718";"01/01/2020 00:00:00";"test;""Ä…"
"1719";"01/01/2020 00:00:00";"test;""Ä…"
"1720";"01/01/2020 00:00:00";"test;""Ä…"
"1721";"01/01/2020 00:00:00";"test;""Ä…"
"1722";"01/01/2020 00:00:00";"test;""Ä…"
"1723";"01/01/2020 00:00:00";"test;""Ä…"
"1724";"01/01/2020 00:00:00";"test;""Ä…"
"1725";"01/01/2020 00:00:00";"test;""Ä…"
"1726";"01/01/2020 00:00:00";"test;""Ä…"
"1727";"01/01/2020 00:00:00";"test;""Ä…"
"1728";"01/01/2020 00:00:00";"test;""Ä…"
"1729";"01/01/2020 00:00:00";"test;""Ä…"
"1730";"01/01/2020 00:00:00";"test;""Ä…"
"1731";"01/01/2020 00:00:00";"test;""Ä…"
"1732";"01/01/2020 00:00:00";"test;""Ä…"
"1733";"01/01/2020 00:00:00";"test;""Ä…"
"1734";"01/01/2020 00:00:00";"test;""Ä…"
"1735";"01/01/2020 00:00:00";"test;""Ä…"
"1736";"01/01/2020 00:00:00";"test;""Ä…"
"1737";"01/01/2020 00:00:00";"test;""Ä…"
"1738";"01/01/2020 00:00:00";"test;""Ä…"
"1739";"01/01/2020 00:00:00";"test;""Ä…"
"1740";"01/01/2020 00:00:00";"test;""Ä…"
"1741";"01/01/2020 00:00:00";"test;""Ä…"
"1742";"01/01/2020 00:00:00";"test;""Ä…"
"1743";"01/01/2020 00:00:00";"test;""Ä…"
"1744";"01/01/2020 00:00:00";"test;""Ä…"
"1745";"01/01/2020 00:00:00";"test;""Ä…"
"1746";"01/01/2020 00:00:00";"test;""Ä…"
"1747";"01/01/2020 00:00:00";"test;""Ä…"
"1748";"01/01/2020 00:00:00";"test;""Ä…"
"1749";"01/01/2020 00:00:00";"test;""Ä…"
"1750";"01/01/2020 00:00:00";"test;""Ä…"
"1751";"01/01/2020 00:00:00";"test;""Ä…"
"1752";"01/01/2020 00:00:00";"test;""Ä…"
"1753";"01/01/2020 00:00:00";"test;""Ä…"
"1754";"01/01/2020 00:00:00";"test;""Ä…"
"1755";"01/01/2020 00:00:00";"test;""Ä…"
"1756";"01/01/2020 00:00:00";"test;""Ä…"
"1757";"01/01/2020 00:00:00";"test;""Ä…"
"1758";"01/01/2020 00:00:00";"test;""Ä…"
"1759";"01/01/2020 00:00:00";"test;""Ä…"
"1760";"01/01/2020 00:00:00";"test;""Ä…"
"1761";"01/01/2020 00:00:00";"test;""Ä…"
"1762";"01/01/2020 00:00:00";"test;""Ä…"
"1763";"01/01/2020 00:00:00";"test;""Ä…"
"1764";"01/01/2020 00:00:00";"test;""Ä…"
"1765";"01/01/2020 00:00:00";"test;""Ä…"
"1766";"01/01/2020 00:00:00";"test;""Ä…"
"1767";"01/01/2020 00:00:00";"test;""Ä…"
"1768";"01/01/2020 00:00:00";"test;""Ä…"
"1769";"01/01/2020 00:00:00";"test;""Ä…"
"1770";"01/01/2020 00:00:00";"test;""Ä…"
"1771";"01/01/2020 00:00:00";"test;""Ä…"
"1772";"01/01/2020 00:00:00";"test;""Ä…"
"1773";"01/01/2020 00:00:00";"test;""Ä…"
"1774";"01/01/2020 00:00:00";"test;""Ä…"
"1775";"01/01/2020 00:00:00";"test;""Ä…"
"1776";"01/01/2020 00:00:00";"test;""Ä…"
"1777";"01/01/2020 00:00:00";"test;""Ä…"
"1778";"01/01/2020 00:00:00";"test;""Ä…"
"1779";"01/01/2020 00:00:00";"test;""Ä…"
"1780";"01/01/2020 00:00:00";"test;""Ä…"
"1781";"01/01/2020 00:00:00";"test;""Ä…"
"1782";"01/01/2020 00:00:00";"test;""Ä…"
"1783";"01/01/2020 00:00:00";"test;""Ä…"
"1784";"01/01/2020 00:00:00";"test;""Ä…"
"1785";"01/01/2020 00:00:00";"test;""Ä…"
"1786";"01/01/2020 00:00:00";"test;""Ä…"
"1787";"01/01/2020 00:00:00";"test;""Ä…"
"1788";"01/01/2020 00:00:00";"test;""Ä…"
"1789";"01/01/2020 00:00:00";"test;""Ä…"
"1790";"01/01/2020 00:00:00";"test;""Ä…"
"1791";"01/01/2020 00:00:00";"test;""Ä…"
"1792";"01/01/2020 00:00:00";"test;""Ä…"
"1793";"01/01/2020 00:00:00";"test;""Ä…"
"1794";"01/01/2020 00:00:00";"test;""Ä…"
"1795";"01/01/2020 00:00:00";"test;""Ä…"
"1796";"01/01/2020 00:00:00";"test;""Ä…"
"1797";"01/01/2020 00:00:00";"test;""Ä…"
"1798";"01/01/2020 00:00:00";"test;""Ä…"
"1799";"01/01/2020 00:00:00";"test;""Ä…"
"1800";"01/01/2020 00:00:00";"test;""Ä…"
"1801";"01/01/2020 00:00:00";"test;""Ä…"
"1802";"01/01/2020 00:00:00";"test;""Ä…"
"1803";"01/01/2020 00:00:00";"test;""Ä…"
"1804";"01/01/2020 00:00:00";"test;""Ä…"
"1805";"01/01/2020 00:00:00";"test;""Ä…"
"1806";"01/01/2020 00:00:00";"test;""Ä…"
"1807";"01/01/2020 00:00:00";"test;""Ä…"
"1808";"01/01/2020 00:00:00";"test;""Ä…"
"1809";"01/01/2020 00:00:00";"test;""Ä…"
"1810";"01/01/2020 00:00:00";"test;""Ä…"
"1811";"01/01/2020 00:00:00";"test;""Ä…"
"1812";"01/01/2020 00:00:00";"test;""Ä…"
"1813";"01/01/2020 00:00:00";"test;""Ä…"
"1814";"01/01/2020 00:00:00";"test;""Ä…"
"1815";"01/01/2020 00:00:00";"test;""Ä…"
"1816";"01/01/2020 00:00:00";"test;""Ä…"
"1817";"01/01/2020 00:00:00";"test;""Ä…"
"1818";"01/01/2020 00:00:00";"test;""Ä…"
"1819";"01/01/2020 00:00:00";"test;""Ä…"
"1820";"01/01/2020 00:00:00";"test;""Ä…"
"1821";"01/01/2020 00:00:00";"test;""Ä…"
"1822";"01/01/2020 00:00:00";"test;""Ä…"
"1823";"01/01/2020 00:00:00";"test;""Ä…"
"1824";"01/01/2020 00:00:00";"test;""Ä…"
"1825";"01/01/2020 00:00:00";"test;""Ä…"
"1826";"01/01/2020 00:00:00";"test;""Ä…"
"1827";"01/01/2020 00:00:00";"test;""Ä…"
"1828";"01/01/2020 00:00:00";"test;""Ä…"
"1829";"01/01/2020 00:00:00";"test;""Ä…"
"1830";"01/01/2020 00:00:00";"test;""Ä…"
"1831";"01/01/2020 00:00:00";"test;""Ä…"
"1832";"01/01/2020 00:00:00";"test;""Ä…"
"1833";"01/01/2020 00:00:00";"test;""Ä…"
"1834";"01/01/2020 00:00:00";"test;""Ä…"
"1835";"01/01/2020 00:00:00";"test;""Ä…"
"1836";"01/01/2020 00:00:00";"test;""Ä…"
"1837";"01/01/2020 00:00:00";"test;""Ä…"
"1838";"01/01/2020 00:00:00";"test;""Ä…"
"1839";"01/01/2020 00:00:00";"test;""Ä…"
"1840";"01/01/2020 00:00:00";"test;""Ä…"
"1841";"01/01/2020 00:00:00";"test;""Ä…"
"1842";"01/01/2020 00:00:00";"test;""Ä…"
"1843";"01/01/2020 00:00:00";"test;""Ä…"
"1844";"01/01/2020 00:00:00";"test;""Ä…"
"1845";"01/01/2020 00:00:00";"test;""Ä…"
"1846";"01/01/2020 00:00:00";"test;""Ä…"
"1847";"01/01/2020 00:00:00";"test;""Ä…"
"1848";"01/01/2020 00:00:00";"test;""Ä…"
"1849";"01/01/2020 00:00:00";"test;""Ä…"
"1850";"01/01/2020 00:00:00";"test;""Ä…"
"1851";"01/01/2020 00:00:00";"test;""Ä…"
"1852";"01/01/2020 00:00:00";"test;""Ä…"
"1853";"01/01/2020 00:00:00";"test;""Ä…"
"1854";"01/01/2020 00:00:00";"test;""Ä…"
"1855";"01/01/2020 00:00:00";"test;""Ä…"
"1856";"01/01/2020 00:00:00";"test;""Ä…"
"1857";"01/01/2020 00:00:00";"test;""Ä…"
"1858";"01/01/2020 00:00:00";"test;""Ä…"
"1859";"01/01/2020 00:00:00";"test;""Ä…"
"1860";"01/01/2020 00:00:00";"test;""Ä…"
"1861";"01/01/2020 00:00:00";"test;""Ä…"
"1862";"01/01/2020 00:00:00";"test;""Ä…"
"1863";"01/01/2020 00:00:00";"test;""Ä…"
"1864";"01/01/2020 00:00:00";"test;""Ä…"
"1865";"01/01/2020 00:00:00";"test;""Ä…"
"1866";"01/01/2020 00:00:00";"test;""Ä…"
"1867";"01/01/2020 00:00:00";"test;""Ä…"
"1868";"01/01/2020 00:00:00";"test;""Ä…"
"1869";"01/01/2020 00:00:00";"test;""Ä…"
"1870";"01/01/2020 00:00:00";"test;""Ä…"
"1871";"01/01/2020 00:00:00";"test;""Ä…"
"1872";"01/01/2020 00:00:00";"test;""Ä…"
"1873";"01/01/2020 00:00:00";"test;""Ä…"
"1874";"01/01/2020 00:00:00";"test;""Ä…"
"1875";"01/01/2020 00:00:00";"test;""Ä…"
"1876";"01/01/2020 00:00:00";"test;""Ä…"
"1877";"01/01/2020 00:00:00";"test;""Ä…"
"1878";"01/01/2020 00:00:00";"test;""Ä…"
"1879";"01/01/2020 00:00:00";"test;""Ä…"
"1880";"01/01/2020 00:00:00";"test;""Ä…"
"1881";"01/01/2020 00:00:00";"test;""Ä…"
"1882";"01/01/2020 00:00:00";"test;""Ä…"
"1883";"01/01/2020 00:00:00";"test;""Ä…"
"1884";"01/01/2020 00:00:00";"test;""Ä…"
"1885";"01/01/2020 00:00:00";"test;""Ä…"
"1886";"01/01/2020 00:00:00";"test;""Ä…"
"1887";"01/01/2020 00:00:00";"test;""Ä…"
"1888";"01/01/2020 00:00:00";"test;""Ä…"
"1889";"01/01/2020 00:00:00";"test;""Ä…"
"1890";"01/01/2020 00:00:00";"test;""Ä…"
"1891";"01/01/2020 00:00:00";"test;""Ä…"
"1892";"01/01/2020 00:00:00";"test;""Ä…"
"1893";"01/01/2020 00:00:00";"test;""Ä…"
"1894";"01/01/2020 00:00:00";"test;""Ä…"
"1895";"01/01/2020 00:00:00";"test;""Ä…"
"1896";"01/01/2020 00:00:00";"test;""Ä…"
"1897";"01/01/2020 00:00:00";"test;""Ä…"
"1898";"01/01/2020 00:00:00";"test;""Ä…"
"1899";"01/01/2020 00:00:00";"test;""Ä…"
"1900";"01/01/2020 00:00:00";"test;""Ä…"
"1901";"01/01/2020 00:00:00";"test;""Ä…"
"1902";"01/01/2020 00:00:00";"test;""Ä…"
"1903";"01/01/2020 00:00:00";"test;""Ä…"
"1904";"01/01/2020 00:00:00";"test;""Ä…"
"1905";"01/01/2020 00:00:00";"test;""Ä…"
"1906";"01/01/2020 00:00:00";"test;""Ä…"
"1907";"01/01/2020 00:00:00";"test;""Ä…"
"1908";"01/01/2020 00:00:00";"test;""Ä…"
"1909";"01/01/2020 00:00:00";"test;""Ä…"
"1910";"01/01/2020 00:00:00";"test;""Ä…"
"1911";"01/01/2020 00:00:00";"test;""Ä…"
"1912";"01/01/2020 00:00:00";"test;""Ä…"
"1913";"01/01/2020 00:00:00";"test;""Ä…"
"1914";"01/01/2020 00:00:00";"test;""Ä…"
"1915";"01/01/2020 00:00:00";"test;""Ä…"
"1916";"01/01/2020 00:00:00";"test;""Ä…"
"1917";"01/01/2020 00:00:00";"test;""Ä…"
"1918";"01/01/2020 00:00:00";"test;""Ä…"
"1919";"01/01/2020 00:00:00";"test;""Ä…"
"1920";"01/01/2020 00:00:00";"test;""Ä…"
"1921";"01/01/2020 00:00:00";"test;""Ä…"
"1922";"01/01/2020 00:00:00";"test;""Ä…"
"1923";"01/01/2020 00:00:00";"test;""Ä…"
"1924";"01/01/2020 00:00:00";"test;""Ä…"
"1925";"01/01/2020 00:00:00";"test;""Ä…"
"1926";"01/01/2020 00:00:00";"test;""Ä…"
"1927";"01/01/2020 00:00:00";"test;""Ä…"
"1928";"01/01/2020 00:00:00";"test;""Ä…"
"1929";"01/01/2020 00:00:00";"test;""Ä…"
"1930";"01/01/2020 00:00:00";"test;""Ä…"
"1931";"01/01/2020 00:00:00";"test;""Ä…"
"1932";"01/01/2020 00:00:00";"test;""Ä…"
"1933";"01/01/2020 00:00:00";"test;""Ä…"
"1934";"01/01/2020 00:00:00";"test;""Ä…"
"1935";"01/01/2020 00:00:00";"test;""Ä…"
"1936";"01/01/2020 00:00:00";"test;""Ä…"
"1937";"01/01/2020 00:00:00";"test;""Ä…"
"1938";"01/01/2020 00:00:00";"test;""Ä…"
"1939";"01/01/2020 00:00:00";"test;""Ä…"
"1940";"01/01/2020 00:00:00";"test;""Ä…"
"1941";"01/01/2020 00:00:00";"test;""Ä…"
"1942";"01/01/2020 00:00:00";"test;""Ä…"
"1943";"01/01/2020 00:00:00";"test;""Ä…"
"1944";"01/01/2020 00:00:00";"test;""Ä…"
"1945";"01/01/2020 00:00:00";"test;""Ä…"
"1946";"01/01/2020 00:00:00";"test;""Ä…"
"1947";"01/01/2020 00:00:00";"test;""Ä…"
"1948";"01/01/2020 00:00:00";"test;""Ä…"
"1949";"01/01/2020 00:00:00";"test;""Ä…"
"1950";"01/01/2020 00:00:00";"test;""Ä…"
"1951";"01/01/2020 00:00:00";"test;""Ä…"
"1952";"01/01/2020 00:00:00";"test;""Ä…"
"1953";"01/01/2020 00:00:00";"test;""Ä…"
"1954";"01/01/2020 00:00:00";"test;""Ä…"
"1955";"01/01/2020 00:00:00";"test;""Ä…"
"1956";"01/01/2020 00:00:00";"test;""Ä…"
"1957";"01/01/2020 00:00:00";"test;""Ä…"
"1958";"01/01/2020 00:00:00";"test;""Ä…"
"1959";"01/01/2020 00:00:00";"test;""Ä…"
"1960";"01/01/2020 00:00:00";"test;""Ä…"
"1961";"01/01/2020 00:00:00";"test;""Ä…"
"1962";"01/01/2020 00:00:00";"test;""Ä…"
"1963";"01/01/2020 00:00:00";"test;""Ä…"
"1964";"01/01/2020 00:00:00";"test;""Ä…"
"1965";"01/01/2020 00:00:00";"test;""Ä…"
"1966";"01/01/2020 00:00:00";"test;""Ä…"
"1967";"01/01/2020 00:00:00";"test;""Ä…"
"1968";"01/01/2020 00:00:00";"test;""Ä…"
"1969";"01/01/2020 00:00:00";"test;""Ä…"
"1970";"01/01/2020 00:00:00";"test;""Ä…"
"1971";"01/01/2020 00:00:00";"test;""Ä…"
"1972";"01/01/2020 00:00:00";"test;""Ä…"
"1973";"01/01/2020 00:00:00";"test;""Ä…"
"1974";"01/01/2020 00:00:00";"test;""Ä…"
"1975";"01/01/2020 00:00:00";"test;""Ä…"
"1976";"01/01/2020 00:00:00";"test;""Ä…"
"1977";"01/01/2020 00:00:00";"test;""Ä…"
"1978";"01/01/2020 00:00:00";"test;""Ä…"
"1979";"01/01/2020 00:00:00";"test;""Ä…"
"1980";"01/01/2020 00:00:00";"test;""Ä…"
"1981";"01/01/2020 00:00:00";"test;""Ä…"
"1982";"01/01/2020 00:00:00";"test;""Ä…"
"1983";"01/01/2020 00:00:00";"test;""Ä…"
"1984";"01/01/2020 00:00:00";"test;""Ä…"
"1985";"01/01/2020 00:00:00";"test;""Ä…"
"1986";"01/01/2020 00:00:00";"test;""Ä…"
"1987";"01/01/2020 00:00:00";"test;""Ä…"
"1988";"01/01/2020 00:00:00";"test;""Ä…"
"1989";"01/01/2020 00:00:00";"test;""Ä…"
"1990";"01/01/2020 00:00:00";"test;""Ä…"
"1991";"01/01/2020 00:00:00";"test;""Ä…"
"1992";"01/01/2020 00:00:00";"test;""Ä…"
"1993";"01/01/2020 00:00:00";"test;""Ä…"
"1994";"01/01/2020 00:00:00";"test;""Ä…"
"1995";"01/01/2020 00:00:00";"test;""Ä…"
"1996";"01/01/2020 00:00:00";"test;""Ä…"
"1997";"01/01/2020 00:00:00";"test;""Ä…"
"1998";"01/01/2020 00:00:00";"test;""Ä…"
"1999";"01/01/2020 00:00:00";"test;""Ä…"
"2000";"01/01/2020 00:00:00";"test;""Ä…"
"2001";"01/01/2020 00:00:00";"test;""Ä…"
"2002";"01/01/2020 00:00:00";"test;""Ä…"
"2003";"01/01/2020 00:00:00";"test;""Ä…"
"2004";"01/01/2020 00:00:00";"test;""Ä…"
"2005";"01/01/2020 00:00:00";"test;""Ä…"
"2006";"01/01/2020 00:00:00";"test;""Ä…"
"2007";"01/01/2020 00:00:00";"test;""Ä…"
"2008";"01/01/2020 00:00:00";"test;""Ä…"
"2009";"01/01/2020 00:00:00";"test;""Ä…"
"2010";"01/01/2020 00:00:00";"test;""Ä…"
"2011";"01/01/2020 00:00:00";"test;""Ä…"
"2012";"01/01/2020 00:00:00";"test;""Ä…"
"2013";"01/01/2020 00:00:00";"test;""Ä…"
"2014";"01/01/2020 00:00:00";"test;""Ä…"
"2015";"01/01/2020 00:00:00";"test;""Ä…"
"2016";"01/01/2020 00:00:00";"test;""Ä…"
"2017";"01/01/2020 00:00:00";"test;""Ä…"
"2018";"01/01/2020 00:00:00";"test;""Ä…"
"2019";"01/01/2020 00:00:00";"test;""Ä…"
"2020";"01/01/2020 00:00:00";"test;""Ä…"
"2021";"01/01/2020 00:00:00";"test;""Ä…"
"2022";"01/01/2020 00:00:00";"test;""Ä…"
"2023";"01/01/2020 00:00:00";"test;""Ä…"
"2024";"01/01/2020 00:00:00";"test;""Ä…"
"2025";"01/01/2020 00:00:00";"test;""Ä…"
"2026";"01/01/2020 00:00:00";"test;""Ä…"
"2027";"01/01/2020 00:00:00";"test;""Ä…"
"2028";"01/01/2020 00:00:00";"test;""Ä…"
"2029";"01/01/2020 00:00:00";"test;""Ä…"
"2030";"01/01/2020 00:00:00";"test;""Ä…"
"2031";"01/01/2020 00:00:00";"test;""Ä…"
"2032";"01/01/2020 00:00:00";"test;""Ä…"
"2033";"01/01/2020 00:00:00";"test;""Ä…"
"2034";"01/01/2020 00:00:00";"test;""Ä…"
"2035";"01/01/2020 00:00:00";"test;""Ä…"
"2036";"01/01/2020 00:00:00";"test;""Ä…"
"2037";"01/01/2020 00:00:00";"test;""Ä…"
"2038";"01/01/2020 00:00:00";"test;""Ä…"
"2039";"01/01/2020 00:00:00";"test;""Ä…"
"2040";"01/01/2020 00:00:00";"test;""Ä…"
"2041";"01/01/2020 00:00:00";"test;""Ä…"
"2042";"01/01/2020 00:00:00";"test;""Ä…"
"2043";"01/01/2020 00:00:00";"test;""Ä…"
"2044";"01/01/2020 00:00:00";"test;""Ä…"
"2045";"01/01/2020 00:00:00";"test;""Ä…"
"2046";"01/01/2020 00:00:00";"test;""Ä…"
"2047";"01/01/2020 00:00:00";"test;""Ä…"
"2048";"01/01/2020 00:00:00";"test;""Ä…"
"2049";"01/01/2020 00:00:00";"test;""Ä…"
"2050";"01/01/2020 00:00:00";"test;""Ä…"
"2051";"01/01/2020 00:00:00";"test;""Ä…"
"2052";"01/01/2020 00:00:00";"test;""Ä…"
"2053";"01/01/2020 00:00:00";"test;""Ä…"
"2054";"01/01/2020 00:00:00";"test;""Ä…"
"2055";"01/01/2020 00:00:00";"test;""Ä…"
"2056";"01/01/2020 00:00:00";"test;""Ä…"
"2057";"01/01/2020 00:00:00";"test;""Ä…"
"2058";"01/01/2020 00:00:00";"test;""Ä…"
"2059";"01/01/2020 00:00:00";"test;""Ä…"
"2060";"01/01/2020 00:00:00";"test;""Ä…"
"2061";"01/01/2020 00:00:00";"test;""Ä…"
"2062";"01/01/2020 00:00:00";"test;""Ä…"
"2063";"01/01/2020 00:00:00";"test;""Ä…"
"2064";"01/01/2020 00:00:00";"test;""Ä…"
"2065";"01/01/2020 00:00:00";"test;""Ä…"
"2066";"01/01/2020 00:00:00";"test;""Ä…"
"2067";"01/01/2020 00:00:00";"test;""Ä…"
"2068";"01/01/2020 00:00:00";"test;""Ä…"
"2069";"01/01/2020 00:00:00";"test;""Ä…"
"2070";"01/01/2020 00:00:00";"test;""Ä…"
"2071";"01/01/2020 00:00:00";"test;""Ä…"
"2072";"01/01/2020 00:00:00";"test;""Ä…"
"2073";"01/01/2020 00:00:00";"test;""Ä…"
"2074";"01/01/2020 00:00:00";"test;""Ä…"
"2075";"01/01/2020 00:00:00";"test;""Ä…"
"2076";"01/01/2020 00:00:00";"test;""Ä…"
"2077";"01/01/2020 00:00:00";"test;""Ä…"
"2078";"01/01/2020 00:00:00";"test;""Ä…"
"2079";"01/01/2020 00:00:00";"test;""Ä…"
"2080";"01/01/2020 00:00:00";"test;""Ä…"
"2081";"01/01/2020 00:00:00";"test;""Ä…"
"2082";"01/01/2020 00:00:00";"test;""Ä…"
"2083";"01/01/2020 00:00:00";"test;""Ä…"
"2084";"01/01/2020 00:00:00";"test;""Ä…"
"2085";"01/01/2020 00:00:00";"test;""Ä…"
"2086";"01/01/2020 00:00:00";"test;""Ä…"
"2087";"01/01/2020 00:00:00";"test;""Ä…"
"2088";"01/01/2020 00:00:00";"test;""Ä…"
"2089";"01/01/2020 00:00:00";"test;""Ä…"
"2090";"01/01/2020 00:00:00";"test;""Ä…"
"2091";"01/01/2020 00:00:00";"test;""Ä…"
"2092";"01/01/2020 00:00:00";"test;""Ä…"
"2093";"01/01/2020 00:00:00";"test;""Ä…"
"2094";"01/01/2020 00:00:00";"test;""Ä…"
"2095";"01/01/2020 00:00:00";"test;""Ä…"
"2096";"01/01/2020 00:00:00";"test;""Ä…"
"2097";"01/01/2020 00:00:00";"test;""Ä…"
"2098";"01/01/2020 00:00:00";"test;""Ä…"
"2099";"01/01/2020 00:00:00";"test;""Ä…"
"2100";"01/01/2020 00:00:00";"test;""Ä…"
"2101";"01/01/2020 00:00:00";"test;""Ä…"
"2102";"01/01/2020 00:00:00";"test;""Ä…"
"2103";"01/01/2020 00:00:00";"test;""Ä…"
"2104";"01/01/2020 00:00:00";"test;""Ä…"
"2105";"01/01/2020 00:00:00";"test;""Ä…"
"2106";"01/01/2020 00:00:00";"test;""Ä…"
"2107";"01/01/2020 00:00:00";"test;""Ä…"
"2108";"01/01/2020 00:00:00";"test;""Ä…"
"2109";"01/01/2020 00:00:00";"test;""Ä…"
"2110";"01/01/2020 00:00:00";"test;""Ä…"
"2111";"01/01/2020 00:00:00";"test;""Ä…"
"2112";"01/01/2020 00:00:00";"test;""Ä…"
"2113";"01/01/2020 00:00:00";"test;""Ä…"
"2114";"01/01/2020 00:00:00";"test;""Ä…"
"2115";"01/01/2020 00:00:00";"test;""Ä…"
"2116";"01/01/2020 00:00:00";"test;""Ä…"
"2117";"01/01/2020 00:00:00";"test;""Ä…"
"2118";"01/01/2020 00:00:00";"test;""Ä…"
"2119";"01/01/2020 00:00:00";"test;""Ä…"
"2120";"01/01/2020 00:00:00";"test;""Ä…"
"2121";"01/01/2020 00:00:00";"test;""Ä…"
"2122";"01/01/2020 00:00:00";"test;""Ä…"
"2123";"01/01/2020 00:00:00";"test;""Ä…"
"2124";"01/01/2020 00:00:00";"test;""Ä…"
"2125";"01/01/2020 00:00:00";"test;""Ä…"
"2126";"01/01/2020 00:00:00";"test;""Ä…"
"2127";"01/01/2020 00:00:00";"test;""Ä…"
"2128";"01/01/2020 00:00:00";"test;""Ä…"
"2129";"01/01/2020 00:00:00";"test;""Ä…"
"2130";"01/01/2020 00:00:00";"test;""Ä…"
"2131";"01/01/2020 00:00:00";"test;""Ä…"
"2132";"01/01/2020 00:00:00";"test;""Ä…"
"2133";"01/01/2020 00:00:00";"test;""Ä…"
"2134";"01/01/2020 00:00:00";"test;""Ä…"
"2135";"01/01/2020 00:00:00";"test;""Ä…"
"2136";"01/01/2020 00:00:00";"test;""Ä…"
"2137";"01/01/2020 00:00:00";"test;""Ä…"
"2138";"01/01/2020 00:00:00";"test;""Ä…"
"2139";"01/01/2020 00:00:00";"test;""Ä…"
"2140";"01/01/2020 00:00:00";"test;""Ä…"
"2141";"01/01/2020 00:00:00";"test;""Ä…"
"2142";"01/01/2020 00:00:00";"test;""Ä…"
"2143";"01/01/2020 00:00:00";"test;""Ä…"
"2144";"01/01/2020 00:00:00";"test;""Ä…"
"2145";"01/01/2020 00:00:00";"test;""Ä…"
"2146";"01/01/2020 00:00:00";"test;""Ä…"
"2147";"01/01/2020 00:00:00";"test;""Ä…"
"2148";"01/01/2020 00:00:00";"test;""Ä…"
"2149";"01/01/2020 00:00:00";"test;""Ä…"
"2150";"01/01/2020 00:00:00";"test;""Ä…"
"2151";"01/01/2020 00:00:00";"test;""Ä…"
"2152";"01/01/2020 00:00:00";"test;""Ä…"
"2153";"01/01/2020 00:00:00";"test;""Ä…"
"2154";"01/01/2020 00:00:00";"test;""Ä…"
"2155";"01/01/2020 00:00:00";"test;""Ä…"
"2156";"01/01/2020 00:00:00";"test;""Ä…"
"2157";"01/01/2020 00:00:00";"test;""Ä…"
"2158";"01/01/2020 00:00:00";"test;""Ä…"
"2159";"01/01/2020 00:00:00";"test;""Ä…"
"2160";"01/01/2020 00:00:00";"test;""Ä…"
"2161";"01/01/2020 00:00:00";"test;""Ä…"
"2162";"01/01/2020 00:00:00";"test;""Ä…"
"2163";"01/01/2020 00:00:00";"test;""Ä…"
"2164";"01/01/2020 00:00:00";"test;""Ä…"
"2165";"01/01/2020 00:00:00";"test;""Ä…"
"2166";"01/01/2020 00:00:00";"test;""Ä…"
"2167";"01/01/2020 00:00:00";"test;""Ä…"
"2168";"01/01/2020 00:00:00";"test;""Ä…"
"2169";"01/01/2020 00:00:00";"test;""Ä…"
"2170";"01/01/2020 00:00:00";"test;""Ä…"
"2171";"01/01/2020 00:00:00";"test;""Ä…"
"2172";"01/01/2020 00:00:00";"test;""Ä…"
"2173";"01/01/2020 00:00:00";"test;""Ä…"
"2174";"01/01/2020 00:00:00";"test;""Ä…"
"2175";"01/01/2020 00:00:00";"test;""Ä…"
"2176";"01/01/2020 00:00:00";"test;""Ä…"
"2177";"01/01/2020 00:00:00";"test;""Ä…"
"2178";"01/01/2020 00:00:00";"test;""Ä…"
"2179";"01/01/2020 00:00:00";"test;""Ä…"
"2180";"01/01/2020 00:00:00";"test;""Ä…"
"2181";"01/01/2020 00:00:00";"test;""Ä…"
"2182";"01/01/2020 00:00:00";"test;""Ä…"
"2183";"01/01/2020 00:00:00";"test;""Ä…"
"2184";"01/01/2020 00:00:00";"test;""Ä…"
"2185";"01/01/2020 00:00:00";"test;""Ä…"
"2186";"01/01/2020 00:00:00";"test;""Ä…"
"2187";"01/01/2020 00:00:00";"test;""Ä…"
"2188";"01/01/2020 00:00:00";"test;""Ä…"
"2189";"01/01/2020 00:00:00";"test;""Ä…"
"2190";"01/01/2020 00:00:00";"test;""Ä…"
"2191";"01/01/2020 00:00:00";"test;""Ä…"
"2192";"01/01/2020 00:00:00";"test;""Ä…"
"2193";"01/01/2020 00:00:00";"test;""Ä…"
"2194";"01/01/2020 00:00:00";"test;""Ä…"
"2195";"01/01/2020 00:00:00";"test;""Ä…"
"2196";"01/01/2020 00:00:00";"test;""Ä…"
"2197";"01/01/2020 00:00:00";"test;""Ä…"
"2198";"01/01/2020 00:00:00";"test;""Ä…"
"2199";"01/01/2020 00:00:00";"test;""Ä…"
"2200";"01/01/2020 00:00:00";"test;""Ä…"
"2201";"01/01/2020 00:00:00";"test;""Ä…"
"2202";"01/01/2020 00:00:00";"test;""Ä…"
"2203";"01/01/2020 00:00:00";"test;""Ä…"
"2204";"01/01/2020 00:00:00";"test;""Ä…"
"2205";"01/01/2020 00:00:00";"test;""Ä…"
"2206";"01/01/2020 00:00:00";"test;""Ä…"
"2207";"01/01/2020 00:00:00";"test;""Ä…"
"2208";"01/01/2020 00:00:00";"test;""Ä…"
"2209";"01/01/2020 00:00:00";"test;""Ä…"
"2210";"01/01/2020 00:00:00";"test;""Ä…"
"2211";"01/01/2020 00:00:00";"test;""Ä…"
"2212";"01/01/2020 00:00:00";"test;""Ä…"
"2213";"01/01/2020 00:00:00";"test;""Ä…"
"2214";"01/01/2020 00:00:00";"test;""Ä…"
"2215";"01/01/2020 00:00:00";"test;""Ä…"
"2216";"01/01/2020 00:00:00";"test;""Ä…"
"2217";"01/01/2020 00:00:00";"test;""Ä…"
"2218";"01/01/2020 00:00:00";"test;""Ä…"
"2219";"01/01/2020 00:00:00";"test;""Ä…"
"2220";"01/01/2020 00:00:00";"test;""Ä…"
"2221";"01/01/2020 00:00:00";"test;""Ä…"
"2222";"01/01/2020 00:00:00";"test;""Ä…"
"2223";"01/01/2020 00:00:00";"test;""Ä…"
"2224";"01/01/2020 00:00:00";"test;""Ä…"
"2225";"01/01/2020 00:00:00";"test;""Ä…"
"2226";"01/01/2020 00:00:00";"test;""Ä…"
"2227";"01/01/2020 00:00:00";"test;""Ä…"
"2228";"01/01/2020 00:00:00";"test;""Ä…"
"2229";"01/01/2020 00:00:00";"test;""Ä…"
"2230";"01/01/2020 00:00:00";"test;""Ä…"
"2231";"01/01/2020 00:00:00";"test;""Ä…"
"2232";"01/01/2020 00:00:00";"test;""Ä…"
"2233";"01/01/2020 00:00:00";"test;""Ä…"
"2234";"01/01/2020 00:00:00";"test;""Ä…"
"2235";"01/01/2020 00:00:00";"test;""Ä…"
"2236";"01/01/2020 00:00:00";"test;""Ä…"
"2237";"01/01/2020 00:00:00";"test;""Ä…"
"2238";"01/01/2020 00:00:00";"test;""Ä…"
"2239";"01/01/2020 00:00:00";"test;""Ä…"
"2240";"01/01/2020 00:00:00";"test;""Ä…"
"2241";"01/01/2020 00:00:00";"test;""Ä…"
"2242";"01/01/2020 00:00:00";"test;""Ä…"
"2243";"01/01/2020 00:00:00";"test;""Ä…"
"2244";"01/01/2020 00:00:00";"test;""Ä…"
"2245";"01/01/2020 00:00:00";"test;""Ä…"
"2246";"01/01/2020 00:00:00";"test;""Ä…"
"2247";"01/01/2020 00:00:00";"test;""Ä…"
"2248";"01/01/2020 00:00:00";"test;""Ä…"
"2249";"01/01/2020 00:00:00";"test;""Ä…"
"2250";"01/01/2020 00:00:00";"test;""Ä…"
"2251";"01/01/2020 00:00:00";"test;""Ä…"
"2252";"01/01/2020 00:00:00";"test;""Ä…"
"2253";"01/01/2020 00:00:00";"test;""Ä…"
"2254";"01/01/2020 00:00:00";"test;""Ä…"
"2255";"01/01/2020 00:00:00";"test;""Ä…"
"2256";"01/01/2020 00:00:00";"test;""Ä…"
"2257";"01/01/2020 00:00:00";"test;""Ä…"
"2258";"01/01/2020 00:00:00";"test;""Ä…"
"2259";"01/01/2020 00:00:00";"test;""Ä…"
"2260";"01/01/2020 00:00:00";"test;""Ä…"
"2261";"01/01/2020 00:00:00";"test;""Ä…"
"2262";"01/01/2020 00:00:00";"test;""Ä…"
"2263";"01/01/2020 00:00:00";"test;""Ä…"
"2264";"01/01/2020 00:00:00";"test;""Ä…"
"2265";"01/01/2020 00:00:00";"test;""Ä…"
"2266";"01/01/2020 00:00:00";"test;""Ä…"
"2267";"01/01/2020 00:00:00";"test;""Ä…"
"2268";"01/01/2020 00:00:00";"test;""Ä…"
"2269";"01/01/2020 00:00:00";"test;""Ä…"
"2270";"01/01/2020 00:00:00";"test;""Ä…"
"2271";"01/01/2020 00:00:00";"test;""Ä…"
"2272";"01/01/2020 00:00:00";"test;""Ä…"
"2273";"01/01/2020 00:00:00";"test;""Ä…"
"2274";"01/01/2020 00:00:00";"test;""Ä…"
"2275";"01/01/2020 00:00:00";"test;""Ä…"
"2276";"01/01/2020 00:00:00";"test;""Ä…"
"2277";"01/01/2020 00:00:00";"test;""Ä…"
"2278";"01/01/2020 00:00:00";"test;""Ä…"
"2279";"01/01/2020 00:00:00";"test;""Ä…"
"2280";"01/01/2020 00:00:00";"test;""Ä…"
"2281";"01/01/2020 00:00:00";"test;""Ä…"
"2282";"01/01/2020 00:00:00";"test;""Ä…"
"2283";"01/01/2020 00:00:00";"test;""Ä…"
"2284";"01/01/2020 00:00:00";"test;""Ä…"
"2285";"01/01/2020 00:00:00";"test;""Ä…"
"2286";"01/01/2020 00:00:00";"test;""Ä…"
"2287";"01/01/2020 00:00:00";"test;""Ä…"
"2288";"01/01/2020 00:00:00";"test;""Ä…"
"2289";"01/01/2020 00:00:00";"test;""Ä…"
"2290";"01/01/2020 00:00:00";"test;""Ä…"
"2291";"01/01/2020 00:00:00";"test;""Ä…"
"2292";"01/01/2020 00:00:00";"test;""Ä…"
"2293";"01/01/2020 00:00:00";"test;""Ä…"
"2294";"01/01/2020 00:00:00";"test;""Ä…"
"2295";"01/01/2020 00:00:00";"test;""Ä…"
"2296";"01/01/2020 00:00:00";"test;""Ä…"
"2297";"01/01/2020 00:00:00";"test;""Ä…"
"2298";"01/01/2020 00:00:00";"test;""Ä…"
"2299";"01/01/2020 00:00:00";"test;""Ä…"
"2300";"01/01/2020 00:00:00";"test;""Ä…"
"2301";"01/01/2020 00:00:00";"test;""Ä…"
"2302";"01/01/2020 00:00:00";"test;""Ä…"
"2303";"01/01/2020 00:00:00";"test;""Ä…"
"2304";"01/01/2020 00:00:00";"test;""Ä…"
"2305";"01/01/2020 00:00:00";"test;""Ä…"
"2306";"01/01/2020 00:00:00";"test;""Ä…"
"2307";"01/01/2020 00:00:00";"test;""Ä…"
"2308";"01/01/2020 00:00:00";"test;""Ä…"
"2309";"01/01/2020 00:00:00";"test;""Ä…"
"2310";"01/01/2020 00:00:00";"test;""Ä…"
"2311";"01/01/2020 00:00:00";"test;""Ä…"
"2312";"01/01/2020 00:00:00";"test;""Ä…"
"2313";"01/01/2020 00:00:00";"test;""Ä…"
"2314";"01/01/2020 00:00:00";"test;""Ä…"
"2315";"01/01/2020 00:00:00";"test;""Ä…"
"2316";"01/01/2020 00:00:00";"test;""Ä…"
"2317";"01/01/2020 00:00:00";"test;""Ä…"
"2318";"01/01/2020 00:00:00";"test;""Ä…"
"2319";"01/01/2020 00:00:00";"test;""Ä…"
"2320";"01/01/2020 00:00:00";"test;""Ä…"
"2321";"01/01/2020 00:00:00";"test;""Ä…"
"2322";"01/01/2020 00:00:00";"test;""Ä…"
"2323";"01/01/2020 00:00:00";"test;""Ä…"
"2324";"01/01/2020 00:00:00";"test;""Ä…"
"2325";"01/01/2020 00:00:00";"test;""Ä…"
"2326";"01/01/2020 00:00:00";"test;""Ä…"
"2327";"01/01/2020 00:00:00";"test;""Ä…"
"2328";"01/01/2020 00:00:00";"test;""Ä…"
"2329";"01/01/2020 00:00:00";"test;""Ä…"
"2330";"01/01/2020 00:00:00";"test;""Ä…"
"2331";"01/01/2020 00:00:00";"test;""Ä…"
"2332";"01/01/2020 00:00:00";"test;""Ä…"
"2333";"01/01/2020 00:00:00";"test;""Ä…"
"2334";"01/01/2020 00:00:00";"test;""Ä…"
"2335";"01/01/2020 00:00:00";"test;""Ä…"
"2336";"01/01/2020 00:00:00";"test;""Ä…"
"2337";"01/01/2020 00:00:00";"test;""Ä…"
"2338";"01/01/2020 00:00:00";"test;""Ä…"
"2339";"01/01/2020 00:00:00";"test;""Ä…"
"2340";"01/01/2020 00:00:00";"test;""Ä…"
"2341";"01/01/2020 00:00:00";"test;""Ä…"
"2342";"01/01/2020 00:00:00";"test;""Ä…"
"2343";"01/01/2020 00:00:00";"test;""Ä…"
"2344";"01/01/2020 00:00:00";"test;""Ä…"
"2345";"01/01/2020 00:00:00";"test;""Ä…"
"2346";"01/01/2020 00:00:00";"test;""Ä…"
"2347";"01/01/2020 00:00:00";"test;""Ä…"
"2348";"01/01/2020 00:00:00";"test;""Ä…"
"2349";"01/01/2020 00:00:00";"test;""Ä…"
"2350";"01/01/2020 00:00:00";"test;""Ä…"
"2351";"01/01/2020 00:00:00";"test;""Ä…"
"2352";"01/01/2020 00:00:00";"test;""Ä…"
"2353";"01/01/2020 00:00:00";"test;""Ä…"
"2354";"01/01/2020 00:00:00";"test;""Ä…"
"2355";"01/01/2020 00:00:00";"test;""Ä…"
"2356";"01/01/2020 00:00:00";"test;""Ä…"
"2357";"01/01/2020 00:00:00";"test;""Ä…"
"2358";"01/01/2020 00:00:00";"test;""Ä…"
"2359";"01/01/2020 00:00:00";"test;""Ä…"
"2360";"01/01/2020 00:00:00";"test;""Ä…"
"2361";"01/01/2020 00:00:00";"test;""Ä…"
"2362";"01/01/2020 00:00:00";"test;""Ä…"
"2363";"01/01/2020 00:00:00";"test;""Ä…"
"2364";"01/01/2020 00:00:00";"test;""Ä…"
"2365";"01/01/2020 00:00:00";"test;""Ä…"
"2366";"01/01/2020 00:00:00";"test;""Ä…"
"2367";"01/01/2020 00:00:00";"test;""Ä…"
"2368";"01/01/2020 00:00:00";"test;""Ä…"
"2369";"01/01/2020 00:00:00";"test;""Ä…"
"2370";"01/01/2020 00:00:00";"test;""Ä…"
"2371";"01/01/2020 00:00:00";"test;""Ä…"
"2372";"01/01/2020 00:00:00";"test;""Ä…"
"2373";"01/01/2020 00:00:00";"test;""Ä…"
"2374";"01/01/2020 00:00:00";"test;""Ä…"
"2375";"01/01/2020 00:00:00";"test;""Ä…"
"2376";"01/01/2020 00:00:00";"test;""Ä…"
"2377";"01/01/2020 00:00:00";"test;""Ä…"
"2378";"01/01/2020 00:00:00";"test;""Ä…"
"2379";"01/01/2020 00:00:00";"test;""Ä…"
"2380";"01/01/2020 00:00:00";"test;""Ä…"
"2381";"01/01/2020 00:00:00";"test;""Ä…"
"2382";"01/01/2020 00:00:00";"test;""Ä…"
"2383";"01/01/2020 00:00:00";"test;""Ä…"
"2384";"01/01/2020 00:00:00";"test;""Ä…"
"2385";"01/01/2020 00:00:00";"test;""Ä…"
"2386";"01/01/2020 00:00:00";"test;""Ä…"
"2387";"01/01/2020 00:00:00";"test;""Ä…"
"2388";"01/01/2020 00:00:00";"test;""Ä…"
"2389";"01/01/2020 00:00:00";"test;""Ä…"
"2390";"01/01/2020 00:00:00";"test;""Ä…"
"2391";"01/01/2020 00:00:00";"test;""Ä…"
"2392";"01/01/2020 00:00:00";"test;""Ä…"
"2393";"01/01/2020 00:00:00";"test;""Ä…"
"2394";"01/01/2020 00:00:00";"test;""Ä…"
"2395";"01/01/2020 00:00:00";"test;""Ä…"
"2396";"01/01/2020 00:00:00";"test;""Ä…"
"2397";"01/01/2020 00:00:00";"test;""Ä…"
"2398";"01/01/2020 00:00:00";"test;""Ä…"
"2399";"01/01/2020 00:00:00";"test;""Ä…"
"2400";"01/01/2020 00:00:00";"test;""Ä…"
"2401";"01/01/2020 00:00:00";"test;""Ä…"
"2402";"01/01/2020 00:00:00";"test;""Ä…"
"2403";"01/01/2020 00:00:00";"test;""Ä…"
"2404";"01/01/2020 00:00:00";"test;""Ä…"
"2405";"01/01/2020 00:00:00";"test;""Ä…"
"2406";"01/01/2020 00:00:00";"test;""Ä…"
"2407";"01/01/2020 00:00:00";"test;""Ä…"
"2408";"01/01/2020 00:00:00";"test;""Ä…"
"2409";"01/01/2020 00:00:00";"test;""Ä…"
"2410";"01/01/2020 00:00:00";"test;""Ä…"
"2411";"01/01/2020 00:00:00";"test;""Ä…"
"2412";"01/01/2020 00:00:00";"test;""Ä…"
"2413";"01/01/2020 00:00:00";"test;""Ä…"
"2414";"01/01/2020 00:00:00";"test;""Ä…"
"2415";"01/01/2020 00:00:00";"test;""Ä…"
"2416";"01/01/2020 00:00:00";"test;""Ä…"
"2417";"01/01/2020 00:00:00";"test;""Ä…"
"2418";"01/01/2020 00:00:00";"test;""Ä…"
"2419";"01/01/2020 00:00:00";"test;""Ä…"
"2420";"01/01/2020 00:00:00";"test;""Ä…"
"2421";"01/01/2020 00:00:00";"test;""Ä…"
"2422";"01/01/2020 00:00:00";"test;""Ä…"
"2423";"01/01/2020 00:00:00";"test;""Ä…"
"2424";"01/01/2020 00:00:00";"test;""Ä…"
"2425";"01/01/2020 00:00:00";"test;""Ä…"
"2426";"01/01/2020 00:00:00";"test;""Ä…"
"2427";"01/01/2020 00:00:00";"test;""Ä…"
"2428";"01/01/2020 00:00:00";"test;""Ä…"
"2429";"01/01/2020 00:00:00";"test;""Ä…"
"2430";"01/01/2020 00:00:00";"test;""Ä…"
"2431";"01/01/2020 00:00:00";"test;""Ä…"
"2432";"01/01/2020 00:00:00";"test;""Ä…"
"2433";"01/01/2020 00:00:00";"test;""Ä…"
"2434";"01/01/2020 00:00:00";"test;""Ä…"
"2435";"01/01/2020 00:00:00";"test;""Ä…"
"2436";"01/01/2020 00:00:00";"test;""Ä…"
"2437";"01/01/2020 00:00:00";"test;""Ä…"
"2438";"01/01/2020 00:00:00";"test;""Ä…"
"2439";"01/01/2020 00:00:00";"test;""Ä…"
"2440";"01/01/2020 00:00:00";"test;""Ä…"
"2441";"01/01/2020 00:00:00";"test;""Ä…"
"2442";"01/01/2020 00:00:00";"test;""Ä…"
"2443";"01/01/2020 00:00:00";"test;""Ä…"
"2444";"01/01/2020 00:00:00";"test;""Ä…"
"2445";"01/01/2020 00:00:00";"test;""Ä…"
"2446";"01/01/2020 00:00:00";"test;""Ä…"
"2447";"01/01/2020 00:00:00";"test;""Ä…"
"2448";"01/01/2020 00:00:00";"test;""Ä…"
"2449";"01/01/2020 00:00:00";"test;""Ä…"
"2450";"01/01/2020 00:00:00";"test;""Ä…"
"2451";"01/01/2020 00:00:00";"test;""Ä…"
"2452";"01/01/2020 00:00:00";"test;""Ä…"
"2453";"01/01/2020 00:00:00";"test;""Ä…"
"2454";"01/01/2020 00:00:00";"test;""Ä…"
"2455";"01/01/2020 00:00:00";"test;""Ä…"
"2456";"01/01/2020 00:00:00";"test;""Ä…"
"2457";"01/01/2020 00:00:00";"test;""Ä…"
"2458";"01/01/2020 00:00:00";"test;""Ä…"
"2459";"01/01/2020 00:00:00";"test;""Ä…"
"2460";"01/01/2020 00:00:00";"test;""Ä…"
"2461";"01/01/2020 00:00:00";"test;""Ä…"
"2462";"01/01/2020 00:00:00";"test;""Ä…"
"2463";"01/01/2020 00:00:00";"test;""Ä…"
"2464";"01/01/2020 00:00:00";"test;""Ä…"
"2465";"01/01/2020 00:00:00";"test;""Ä…"
"2466";"01/01/2020 00:00:00";"test;""Ä…"
"2467";"01/01/2020 00:00:00";"test;""Ä…"
"2468";"01/01/2020 00:00:00";"test;""Ä…"
"2469";"01/01/2020 00:00:00";"test;""Ä…"
"2470";"01/01/2020 00:00:00";"test;""Ä…"
"2471";"01/01/2020 00:00:00";"test;""Ä…"
"2472";"01/01/2020 00:00:00";"test;""Ä…"
"2473";"01/01/2020 00:00:00";"test;""Ä…"
"2474";"01/01/2020 00:00:00";"test;""Ä…"
"2475";"01/01/2020 00:00:00";"test;""Ä…"
"2476";"01/01/2020 00:00:00";"test;""Ä…"
"2477";"01/01/2020 00:00:00";"test;""Ä…"
"2478";"01/01/2020 00:00:00";"test;""Ä…"
"2479";"01/01/2020 00:00:00";"test;""Ä…"
"2480";"01/01/2020 00:00:00";"test;""Ä…"
"2481";"01/01/2020 00:00:00";"test;""Ä…"
"2482";"01/01/2020 00:00:00";"test;""Ä…"
"2483";"01/01/2020 00:00:00";"test;""Ä…"
"2484";"01/01/2020 00:00:00";"test;""Ä…"
"2485";"01/01/2020 00:00:00";"test;""Ä…"
"2486";"01/01/2020 00:00:00";"test;""Ä…"
"2487";"01/01/2020 00:00:00";"test;""Ä…"
"2488";"01/01/2020 00:00:00";"test;""Ä…"
"2489";"01/01/2020 00:00:00";"test;""Ä…"
"2490";"01/01/2020 00:00:00";"test;""Ä…"
"2491";"01/01/2020 00:00:00";"test;""Ä…"
"2492";"01/01/2020 00:00:00";"test;""Ä…"
"2493";"01/01/2020 00:00:00";"test;""Ä…"
"2494";"01/01/2020 00:00:00";"test;""Ä…"
"2495";"01/01/2020 00:00:00";"test;""Ä…"
"2496";"01/01/2020 00:00:00";"test;""Ä…"
"2497";"01/01/2020 00:00:00";"test;""Ä…"
"2498";"01/01/2020 00:00:00";"test;""Ä…"
"2499";"01/01/2020 00:00:00";"test;""Ä…"
"2500";"01/01/2020 00:00:00";"test;""Ä…"
