"OrderNo (bigint)";"CreatedAt (datetime2)";"Note (nvarchar)";"Amount (decimal)";"Extra (nvarchar)"
"1";"10/05/2026 00:00:00";"semi; ""quote""
Zażółć gęślą jaźń";"1.2345";"new column"
"2";"10/05/2026 00:00:00";"semi; ""quote""
Zażółć gęślą jaźń";"2.4690";"new column"
"3";"10/05/2026 00:00:00";"semi; ""quote""
Zażółć gęślą jaźń";"3.7035";"new column"
"4";"10/05/2026 00:00:00";"semi; ""quote""
Zażółć gęślą jaźń";"4.9380";"new column"
"5";"10/05/2026 00:00:00";"semi; ""quote""
Zażółć gęślą jaźń";"6.1725";"new column"
"6";"10/05/2026 00:00:00";"semi; ""quote""
Zażółć gęślą jaźń";"7.4070";"new column"
"7";"10/05/2026 00:00:00";"";"8.6415";"new column"
"8";"10/05/2026 00:00:00";"semi; ""quote""
Zażółć gęślą jaźń";"9.8760";"new column"
"9";"10/05/2026 00:00:00";"semi; ""quote""
Zażółć gęślą jaźń";"11.1105";"new column"
"10";"10/05/2026 00:00:00";"semi; ""quote""
Zażółć gęślą jaźń";"12.3450";"new column"
"11";"10/05/2026 00:00:00";"semi; ""quote""
Zażółć gęślą jaźń";"13.5795";"new column"
"12";"10/05/2026 00:00:00";"semi; ""quote""
Zażółć gęślą jaźń";"14.8140";"new column"
"13";"10/05/2026 00:00:00";"semi; ""quote""
Zażółć gęślą jaźń";"16.0485";"new column"
"14";"10/05/2026 00:00:00";"";"17.2830";"new column"
"15";"10/05/2026 00:00:00";"semi; ""quote""
Zażółć gęślą jaźń";"18.5175";"new column"
"16";"10/05/2026 00:00:00";"semi; ""quote""
Zażółć gęślą jaźń";"19.7520";"new column"
"17";"10/05/2026 00:00:00";"semi; ""quote""
Zażółć gęślą jaźń";"20.9865";"new column"
"18";"10/05/2026 00:00:00";"semi; ""quote""
Zażółć gęślą jaźń";"22.2210";"new column"
"19";"10/05/2026 00:00:00";"semi; ""quote""
Zażółć gęślą jaźń";"23.4555";"new column"
"20";"10/05/2026 00:00:00";"semi; ""quote""
Zażółć gęślą jaźń";"24.6900";"new column"
"21";"10/05/2026 00:00:00";"";"25.9245";"new column"
"22";"10/05/2026 00:00:00";"semi; ""quote""
Zażółć gęślą jaźń";"27.1590";"new column"
"23";"10/05/2026 00:00:00";"semi; ""quote""
Zażółć gęślą jaźń";"28.3935";"new column"
"24";"10/05/2026 00:00:00";"semi; ""quote""
Zażółć gęślą jaźń";"29.6280";"new column"
"25";"10/05/2026 00:00:00";"semi; ""quote""
Zażółć gęślą jaźń";"30.8625";"new column"
"26";"10/05/2026 00:00:00";"semi; ""quote""
Zażółć gęślą jaźń";"32.0970";"new column"
"27";"10/05/2026 00:00:00";"semi; ""quote""
Zażółć gęślą jaźń";"33.3315";"new column"
"28";"10/05/2026 00:00:00";"";"34.5660";"new column"
"29";"10/05/2026 00:00:00";"semi; ""quote""
Zażółć gęślą jaźń";"35.8005";"new column"
"30";"10/05/2026 00:00:00";"semi; ""quote""
Zażółć gęślą jaźń";"37.0350";"new column"
"31";"10/05/2026 00:00:00";"semi; ""quote""
Zażółć gęślą jaźń";"38.2695";"new column"
"32";"10/05/2026 00:00:00";"semi; ""quote""
Zażółć gęślą jaźń";"39.5040";"new column"
"33";"10/05/2026 00:00:00";"semi; ""quote""
Zażółć gęślą jaźń";"40.7385";"new column"
"34";"10/05/2026 00:00:00";"semi; ""quote""
Zażółć gęślą jaźń";"41.9730";"new column"
"35";"10/05/2026 00:00:00";"";"43.2075";"new column"
"36";"10/05/2026 00:00:00";"semi; ""quote""
Zażółć gęślą jaźń";"44.4420";"new column"
"37";"10/05/2026 00:00:00";"semi; ""quote""
Zażółć gęślą jaźń";"45.6765";"new column"
"38";"10/05/2026 00:00:00";"semi; ""quote""
Zażółć gęślą jaźń";"46.9110";"new column"
"39";"10/05/2026 00:00:00";"semi; ""quote""
Zażółć gęślą jaźń";"48.1455";"new column"
"40";"10/05/2026 00:00:00";"semi; ""quote""
Zażółć gęślą jaźń";"49.3800";"new column"
"41";"10/05/2026 00:00:00";"semi; ""quote""
Zażółć gęślą jaźń";"50.6145";"new column"
"42";"10/05/2026 00:00:00";"";"51.8490";"new column"
"43";"10/05/2026 00:00:00";"semi; ""quote""
Zażółć gęślą jaźń";"53.0835";"new column"
"44";"10/05/2026 00:00:00";"semi; ""quote""
Zażółć gęślą jaźń";"54.3180";"new column"
"45";"10/05/2026 00:00:00";"semi; ""quote""
Zażółć gęślą jaźń";"55.5525";"new column"
"46";"10/05/2026 00:00:00";"semi; ""quote""
Zażółć gęślą jaźń";"56.7870";"new column"
"47";"10/05/2026 00:00:00";"semi; ""quote""
Zażółć gęślą jaźń";"58.0215";"new column"
"48";"10/05/2026 00:00:00";"semi; ""quote""
Zażółć gęślą jaźń";"59.2560";"new column"
"49";"10/05/2026 00:00:00";"";"60.4905";"new column"
"50";"10/05/2026 00:00:00";"semi; ""quote""
Zażółć gęślą jaźń";"61.7250";"new column"
"51";"10/05/2026 00:00:00";"semi; ""quote""
Zażółć gęślą jaźń";"62.9595";"new column"
"52";"10/05/2026 00:00:00";"semi; ""quote""
Zażółć gęślą jaźń";"64.1940";"new column"
"53";"10/05/2026 00:00:00";"semi; ""quote""
Zażółć gęślą jaźń";"65.4285";"new column"
"54";"10/05/2026 00:00:00";"semi; ""quote""
Zażółć gęślą jaźń";"66.6630";"new column"
"55";"10/05/2026 00:00:00";"semi; ""quote""
Zażółć gęślą jaźń";"67.8975";"new column"
"56";"10/05/2026 00:00:00";"";"69.1320";"new column"
"57";"10/05/2026 00:00:00";"semi; ""quote""
Zażółć gęślą jaźń";"70.3665";"new column"
"58";"10/05/2026 00:00:00";"semi; ""quote""
Zażółć gęślą jaźń";"71.6010";"new column"
"59";"10/05/2026 00:00:00";"semi; ""quote""
Zażółć gęślą jaźń";"72.8355";"new column"
"60";"10/05/2026 00:00:00";"semi; ""quote""
Zażółć gęślą jaźń";"74.0700";"new column"
"61";"10/05/2026 00:00:00";"semi; ""quote""
Zażółć gęślą jaźń";"75.3045";"new column"
"62";"10/05/2026 00:00:00";"semi; ""quote""
Zażółć gęślą jaźń";"76.5390";"new column"
"63";"10/05/2026 00:00:00";"";"77.7735";"new column"
"64";"10/05/2026 00:00:00";"semi; ""quote""
Zażółć gęślą jaźń";"79.0080";"new column"
"65";"10/05/2026 00:00:00";"semi; ""quote""
Zażółć gęślą jaźń";"80.2425";"new column"
"66";"10/05/2026 00:00:00";"semi; ""quote""
Zażółć gęślą jaźń";"81.4770";"new column"
"67";"10/05/2026 00:00:00";"semi; ""quote""
Zażółć gęślą jaźń";"82.7115";"new column"
"68";"10/05/2026 00:00:00";"semi; ""quote""
Zażółć gęślą jaźń";"83.9460";"new column"
"69";"10/05/2026 00:00:00";"semi; ""quote""
Zażółć gęślą jaźń";"85.1805";"new column"
"70";"10/05/2026 00:00:00";"";"86.4150";"new column"
"71";"10/05/2026 00:00:00";"semi; ""quote""
Zażółć gęślą jaźń";"87.6495";"new column"
"72";"10/05/2026 00:00:00";"semi; ""quote""
Zażółć gęślą jaźń";"88.8840";"new column"
"73";"10/05/2026 00:00:00";"semi; ""quote""
Zażółć gęślą jaźń";"90.1185";"new column"
"74";"10/05/2026 00:00:00";"semi; ""quote""
Zażółć gęślą jaźń";"91.3530";"new column"
"75";"10/05/2026 00:00:00";"semi; ""quote""
Zażółć gęślą jaźń";"92.5875";"new column"
"76";"10/05/2026 00:00:00";"semi; ""quote""
Zażółć gęślą jaźń";"93.8220";"new column"
"77";"10/05/2026 00:00:00";"";"95.0565";"new column"
"78";"10/05/2026 00:00:00";"semi; ""quote""
Zażółć gęślą jaźń";"96.2910";"new column"
"79";"10/05/2026 00:00:00";"semi; ""quote""
Zażółć gęślą jaźń";"97.5255";"new column"
"80";"10/05/2026 00:00:00";"semi; ""quote""
Zażółć gęślą jaźń";"98.7600";"new column"
"81";"10/05/2026 00:00:00";"semi; ""quote""
Zażółć gęślą jaźń";"99.9945";"new column"
"82";"10/05/2026 00:00:00";"semi; ""quote""
Zażółć gęślą jaźń";"101.2290";"new column"
"83";"10/05/2026 00:00:00";"semi; ""quote""
Zażółć gęślą jaźń";"102.4635";"new column"
"84";"10/05/2026 00:00:00";"";"103.6980";"new column"
"85";"10/05/2026 00:00:00";"semi; ""quote""
Zażółć gęślą jaźń";"104.9325";"new column"
"86";"10/05/2026 00:00:00";"semi; ""quote""
Zażółć gęślą jaźń";"106.1670";"new column"
"87";"10/05/2026 00:00:00";"semi; ""quote""
Zażółć gęślą jaźń";"107.4015";"new column"
"88";"10/05/2026 00:00:00";"semi; ""quote""
Zażółć gęślą jaźń";"108.6360";"new column"
"89";"10/05/2026 00:00:00";"semi; ""quote""
Zażółć gęślą jaźń";"109.8705";"new column"
"90";"10/05/2026 00:00:00";"semi; ""quote""
Zażółć gęślą jaźń";"111.1050";"new column"
"91";"10/05/2026 00:00:00";"";"112.3395";"new column"
"92";"10/05/2026 00:00:00";"semi; ""quote""
Zażółć gęślą jaźń";"113.5740";"new column"
"93";"10/05/2026 00:00:00";"semi; ""quote""
Zażółć gęślą jaźń";"114.8085";"new column"
"94";"10/05/2026 00:00:00";"semi; ""quote""
Zażółć gęślą jaźń";"116.0430";"new column"
"95";"10/05/2026 00:00:00";"semi; ""quote""
Zażółć gęślą jaźń";"117.2775";"new column"
"96";"10/05/2026 00:00:00";"semi; ""quote""
Zażółć gęślą jaźń";"118.5120";"new column"
"97";"10/05/2026 00:00:00";"semi; ""quote""
Zażółć gęślą jaźń";"119.7465";"new column"
"98";"10/05/2026 00:00:00";"";"120.9810";"new column"
"99";"10/05/2026 00:00:00";"semi; ""quote""
Zażółć gęślą jaźń";"122.2155";"new column"
"100";"10/05/2026 00:00:00";"semi; ""quote""
Zażółć gęślą jaźń";"123.4500";"new column"
"101";"10/05/2026 00:00:00";"semi; ""quote""
Zażółć gęślą jaźń";"124.6845";"new column"
"102";"10/05/2026 00:00:00";"semi; ""quote""
Zażółć gęślą jaźń";"125.9190";"new column"
"103";"10/05/2026 00:00:00";"semi; ""quote""
Zażółć gęślą jaźń";"127.1535";"new column"
"104";"10/05/2026 00:00:00";"semi; ""quote""
Zażółć gęślą jaźń";"128.3880";"new column"
"105";"10/05/2026 00:00:00";"";"129.6225";"new column"
"106";"10/05/2026 00:00:00";"semi; ""quote""
Zażółć gęślą jaźń";"130.8570";"new column"
"107";"10/05/2026 00:00:00";"semi; ""quote""
Zażółć gęślą jaźń";"132.0915";"new column"
"108";"10/05/2026 00:00:00";"semi; ""quote""
Zażółć gęślą jaźń";"133.3260";"new column"
"109";"10/05/2026 00:00:00";"semi; ""quote""
Zażółć gęślą jaźń";"134.5605";"new column"
"110";"10/05/2026 00:00:00";"semi; ""quote""
Zażółć gęślą jaźń";"135.7950";"new column"
"111";"10/05/2026 00:00:00";"semi; ""quote""
Zażółć gęślą jaźń";"137.0295";"new column"
"112";"10/05/2026 00:00:00";"";"138.2640";"new column"
"113";"10/05/2026 00:00:00";"semi; ""quote""
Zażółć gęślą jaźń";"139.4985";"new column"
"114";"10/05/2026 00:00:00";"semi; ""quote""
Zażółć gęślą jaźń";"140.7330";"new column"
"115";"10/05/2026 00:00:00";"semi; ""quote""
Zażółć gęślą jaźń";"141.9675";"new column"
"116";"10/05/2026 00:00:00";"semi; ""quote""
Zażółć gęślą jaźń";"143.2020";"new column"
"117";"10/05/2026 00:00:00";"semi; ""quote""
Zażółć gęślą jaźń";"144.4365";"new column"
"118";"10/05/2026 00:00:00";"semi; ""quote""
Zażółć gęślą jaźń";"145.6710";"new column"
"119";"10/05/2026 00:00:00";"";"146.9055";"new column"
"120";"10/05/2026 00:00:00";"semi; ""quote""
Zażółć gęślą jaźń";"148.1400";"new column"
"121";"10/05/2026 00:00:00";"semi; ""quote""
Zażółć gęślą jaźń";"149.3745";"new column"
"122";"10/05/2026 00:00:00";"semi; ""quote""
Zażółć gęślą jaźń";"150.6090";"new column"
"123";"10/05/2026 00:00:00";"semi; ""quote""
Zażółć gęślą jaźń";"151.8435";"new column"
"124";"10/05/2026 00:00:00";"semi; ""quote""
Zażółć gęślą jaźń";"153.0780";"new column"
"125";"10/05/2026 00:00:00";"semi; ""quote""
Zażółć gęślą jaźń";"154.3125";"new column"
"126";"10/05/2026 00:00:00";"";"155.5470";"new column"
"127";"10/05/2026 00:00:00";"semi; ""quote""
Zażółć gęślą jaźń";"156.7815";"new column"
"128";"10/05/2026 00:00:00";"semi; ""quote""
Zażółć gęślą jaźń";"158.0160";"new column"
"129";"10/05/2026 00:00:00";"semi; ""quote""
Zażółć gęślą jaźń";"159.2505";"new column"
"130";"10/05/2026 00:00:00";"semi; ""quote""
Zażółć gęślą jaźń";"160.4850";"new column"
"131";"10/05/2026 00:00:00";"semi; ""quote""
Zażółć gęślą jaźń";"161.7195";"new column"
"132";"10/05/2026 00:00:00";"semi; ""quote""
Zażółć gęślą jaźń";"162.9540";"new column"
"133";"10/05/2026 00:00:00";"";"164.1885";"new column"
"134";"10/05/2026 00:00:00";"semi; ""quote""
Zażółć gęślą jaźń";"165.4230";"new column"
"135";"10/05/2026 00:00:00";"semi; ""quote""
Zażółć gęślą jaźń";"166.6575";"new column"
"136";"10/05/2026 00:00:00";"semi; ""quote""
Zażółć gęślą jaźń";"167.8920";"new column"
"137";"10/05/2026 00:00:00";"semi; ""quote""
Zażółć gęślą jaźń";"169.1265";"new column"
"138";"10/05/2026 00:00:00";"semi; ""quote""
Zażółć gęślą jaźń";"170.3610";"new column"
"139";"10/05/2026 00:00:00";"semi; ""quote""
Zażółć gęślą jaźń";"171.5955";"new column"
"140";"10/05/2026 00:00:00";"";"172.8300";"new column"
"141";"10/05/2026 00:00:00";"semi; ""quote""
Zażółć gęślą jaźń";"174.0645";"new column"
"142";"10/05/2026 00:00:00";"semi; ""quote""
Zażółć gęślą jaźń";"175.2990";"new column"
"143";"10/05/2026 00:00:00";"semi; ""quote""
Zażółć gęślą jaźń";"176.5335";"new column"
"144";"10/05/2026 00:00:00";"semi; ""quote""
Zażółć gęślą jaźń";"177.7680";"new column"
"145";"10/05/2026 00:00:00";"semi; ""quote""
Zażółć gęślą jaźń";"179.0025";"new column"
"146";"10/05/2026 00:00:00";"semi; ""quote""
Zażółć gęślą jaźń";"180.2370";"new column"
"147";"10/05/2026 00:00:00";"";"181.4715";"new column"
"148";"10/05/2026 00:00:00";"semi; ""quote""
Zażółć gęślą jaźń";"182.7060";"new column"
"149";"10/05/2026 00:00:00";"semi; ""quote""
Zażółć gęślą jaźń";"183.9405";"new column"
"150";"10/05/2026 00:00:00";"semi; ""quote""
Zażółć gęślą jaźń";"185.1750";"new column"
"151";"10/05/2026 00:00:00";"semi; ""quote""
Zażółć gęślą jaźń";"186.4095";"new column"
"152";"10/05/2026 00:00:00";"semi; ""quote""
Zażółć gęślą jaźń";"187.6440";"new column"
"153";"10/05/2026 00:00:00";"semi; ""quote""
Zażółć gęślą jaźń";"188.8785";"new column"
"154";"10/05/2026 00:00:00";"";"190.1130";"new column"
"155";"10/05/2026 00:00:00";"semi; ""quote""
Zażółć gęślą jaźń";"191.3475";"new column"
"156";"10/05/2026 00:00:00";"semi; ""quote""
Zażółć gęślą jaźń";"192.5820";"new column"
"157";"10/05/2026 00:00:00";"semi; ""quote""
Zażółć gęślą jaźń";"193.8165";"new column"
"158";"10/05/2026 00:00:00";"semi; ""quote""
Zażółć gęślą jaźń";"195.0510";"new column"
"159";"10/05/2026 00:00:00";"semi; ""quote""
Zażółć gęślą jaźń";"196.2855";"new column"
"160";"10/05/2026 00:00:00";"semi; ""quote""
Zażółć gęślą jaźń";"197.5200";"new column"
"161";"10/05/2026 00:00:00";"";"198.7545";"new column"
"162";"10/05/2026 00:00:00";"semi; ""quote""
Zażółć gęślą jaźń";"199.9890";"new column"
"163";"10/05/2026 00:00:00";"semi; ""quote""
Zażółć gęślą jaźń";"201.2235";"new column"
"164";"10/05/2026 00:00:00";"semi; ""quote""
Zażółć gęślą jaźń";"202.4580";"new column"
"165";"10/05/2026 00:00:00";"semi; ""quote""
Zażółć gęślą jaźń";"203.6925";"new column"
"166";"10/05/2026 00:00:00";"semi; ""quote""
Zażółć gęślą jaźń";"204.9270";"new column"
"167";"10/05/2026 00:00:00";"semi; ""quote""
Zażółć gęślą jaźń";"206.1615";"new column"
"168";"10/05/2026 00:00:00";"";"207.3960";"new column"
"169";"10/05/2026 00:00:00";"semi; ""quote""
Zażółć gęślą jaźń";"208.6305";"new column"
"170";"10/05/2026 00:00:00";"semi; ""quote""
Zażółć gęślą jaźń";"209.8650";"new column"
"171";"10/05/2026 00:00:00";"semi; ""quote""
Zażółć gęślą jaźń";"211.0995";"new column"
"172";"10/05/2026 00:00:00";"semi; ""quote""
Zażółć gęślą jaźń";"212.3340";"new column"
"173";"10/05/2026 00:00:00";"semi; ""quote""
Zażółć gęślą jaźń";"213.5685";"new column"
"174";"10/05/2026 00:00:00";"semi; ""quote""
Zażółć gęślą jaźń";"214.8030";"new column"
"175";"10/05/2026 00:00:00";"";"216.0375";"new column"
"176";"10/05/2026 00:00:00";"semi; ""quote""
Zażółć gęślą jaźń";"217.2720";"new column"
"177";"10/05/2026 00:00:00";"semi; ""quote""
Zażółć gęślą jaźń";"218.5065";"new column"
"178";"10/05/2026 00:00:00";"semi; ""quote""
Zażółć gęślą jaźń";"219.7410";"new column"
"179";"10/05/2026 00:00:00";"semi; ""quote""
Zażółć gęślą jaźń";"220.9755";"new column"
"180";"10/05/2026 00:00:00";"semi; ""quote""
Zażółć gęślą jaźń";"222.2100";"new column"
"181";"10/05/2026 00:00:00";"semi; ""quote""
Zażółć gęślą jaźń";"223.4445";"new column"
"182";"10/05/2026 00:00:00";"";"224.6790";"new column"
"183";"10/05/2026 00:00:00";"semi; ""quote""
Zażółć gęślą jaźń";"225.9135";"new column"
"184";"10/05/2026 00:00:00";"semi; ""quote""
Zażółć gęślą jaźń";"227.1480";"new column"
"185";"10/05/2026 00:00:00";"semi; ""quote""
Zażółć gęślą jaźń";"228.3825";"new column"
"186";"10/05/2026 00:00:00";"semi; ""quote""
Zażółć gęślą jaźń";"229.6170";"new column"
"187";"10/05/2026 00:00:00";"semi; ""quote""
Zażółć gęślą jaźń";"230.8515";"new column"
"188";"10/05/2026 00:00:00";"semi; ""quote""
Zażółć gęślą jaźń";"232.0860";"new column"
"189";"10/05/2026 00:00:00";"";"233.3205";"new column"
"190";"10/05/2026 00:00:00";"semi; ""quote""
Zażółć gęślą jaźń";"234.5550";"new column"
"191";"10/05/2026 00:00:00";"semi; ""quote""
Zażółć gęślą jaźń";"235.7895";"new column"
"192";"10/05/2026 00:00:00";"semi; ""quote""
Zażółć gęślą jaźń";"237.0240";"new column"
"193";"10/05/2026 00:00:00";"semi; ""quote""
Zażółć gęślą jaźń";"238.2585";"new column"
"194";"10/05/2026 00:00:00";"semi; ""quote""
Zażółć gęślą jaźń";"239.4930";"new column"
"195";"10/05/2026 00:00:00";"semi; ""quote""
Zażółć gęślą jaźń";"240.7275";"new column"
"196";"10/05/2026 00:00:00";"";"241.9620";"new column"
"197";"10/05/2026 00:00:00";"semi; ""quote""
Zażółć gęślą jaźń";"243.1965";"new column"
"198";"10/05/2026 00:00:00";"semi; ""quote""
Zażółć gęślą jaźń";"244.4310";"new column"
"199";"10/05/2026 00:00:00";"semi; ""quote""
Zażółć gęślą jaźń";"245.6655";"new column"
"200";"10/05/2026 00:00:00";"semi; ""quote""
Zażółć gęślą jaźń";"246.9000";"new column"
"201";"10/05/2026 00:00:00";"semi; ""quote""
Zażółć gęślą jaźń";"248.1345";"new column"
"202";"10/05/2026 00:00:00";"semi; ""quote""
Zażółć gęślą jaźń";"249.3690";"new column"
"203";"10/05/2026 00:00:00";"";"250.6035";"new column"
"204";"10/05/2026 00:00:00";"semi; ""quote""
Zażółć gęślą jaźń";"251.8380";"new column"
"205";"10/05/2026 00:00:00";"semi; ""quote""
Zażółć gęślą jaźń";"253.0725";"new column"
"206";"10/05/2026 00:00:00";"semi; ""quote""
Zażółć gęślą jaźń";"254.3070";"new column"
"207";"10/05/2026 00:00:00";"semi; ""quote""
Zażółć gęślą jaźń";"255.5415";"new column"
"208";"10/05/2026 00:00:00";"semi; ""quote""
Zażółć gęślą jaźń";"256.7760";"new column"
"209";"10/05/2026 00:00:00";"semi; ""quote""
Zażółć gęślą jaźń";"258.0105";"new column"
"210";"10/05/2026 00:00:00";"";"259.2450";"new column"
"211";"10/05/2026 00:00:00";"semi; ""quote""
Zażółć gęślą jaźń";"260.4795";"new column"
"212";"10/05/2026 00:00:00";"semi; ""quote""
Zażółć gęślą jaźń";"261.7140";"new column"
"213";"10/05/2026 00:00:00";"semi; ""quote""
Zażółć gęślą jaźń";"262.9485";"new column"
"214";"10/05/2026 00:00:00";"semi; ""quote""
Zażółć gęślą jaźń";"264.1830";"new column"
"215";"10/05/2026 00:00:00";"semi; ""quote""
Zażółć gęślą jaźń";"265.4175";"new column"
"216";"10/05/2026 00:00:00";"semi; ""quote""
Zażółć gęślą jaźń";"266.6520";"new column"
"217";"10/05/2026 00:00:00";"";"267.8865";"new column"
"218";"10/05/2026 00:00:00";"semi; ""quote""
Zażółć gęślą jaźń";"269.1210";"new column"
"219";"10/05/2026 00:00:00";"semi; ""quote""
Zażółć gęślą jaźń";"270.3555";"new column"
"220";"10/05/2026 00:00:00";"semi; ""quote""
Zażółć gęślą jaźń";"271.5900";"new column"
"221";"10/05/2026 00:00:00";"semi; ""quote""
Zażółć gęślą jaźń";"272.8245";"new column"
"222";"10/05/2026 00:00:00";"semi; ""quote""
Zażółć gęślą jaźń";"274.0590";"new column"
"223";"10/05/2026 00:00:00";"semi; ""quote""
Zażółć gęślą jaźń";"275.2935";"new column"
"224";"10/05/2026 00:00:00";"";"276.5280";"new column"
"225";"10/05/2026 00:00:00";"semi; ""quote""
Zażółć gęślą jaźń";"277.7625";"new column"
"226";"10/05/2026 00:00:00";"semi; ""quote""
Zażółć gęślą jaźń";"278.9970";"new column"
"227";"10/05/2026 00:00:00";"semi; ""quote""
Zażółć gęślą jaźń";"280.2315";"new column"
"228";"10/05/2026 00:00:00";"semi; ""quote""
Zażółć gęślą jaźń";"281.4660";"new column"
"229";"10/05/2026 00:00:00";"semi; ""quote""
Zażółć gęślą jaźń";"282.7005";"new column"
"230";"10/05/2026 00:00:00";"semi; ""quote""
Zażółć gęślą jaźń";"283.9350";"new column"
"231";"10/05/2026 00:00:00";"";"285.1695";"new column"
"232";"10/05/2026 00:00:00";"semi; ""quote""
Zażółć gęślą jaźń";"286.4040";"new column"
"233";"10/05/2026 00:00:00";"semi; ""quote""
Zażółć gęślą jaźń";"287.6385";"new column"
"234";"10/05/2026 00:00:00";"semi; ""quote""
Zażółć gęślą jaźń";"288.8730";"new column"
"235";"10/05/2026 00:00:00";"semi; ""quote""
Zażółć gęślą jaźń";"290.1075";"new column"
"236";"10/05/2026 00:00:00";"semi; ""quote""
Zażółć gęślą jaźń";"291.3420";"new column"
"237";"10/05/2026 00:00:00";"semi; ""quote""
Zażółć gęślą jaźń";"292.5765";"new column"
"238";"10/05/2026 00:00:00";"";"293.8110";"new column"
"239";"10/05/2026 00:00:00";"semi; ""quote""
Zażółć gęślą jaźń";"295.0455";"new column"
"240";"10/05/2026 00:00:00";"semi; ""quote""
Zażółć gęślą jaźń";"296.2800";"new column"
"241";"10/05/2026 00:00:00";"semi; ""quote""
Zażółć gęślą jaźń";"297.5145";"new column"
"242";"10/05/2026 00:00:00";"semi; ""quote""
Zażółć gęślą jaźń";"298.7490";"new column"
"243";"10/05/2026 00:00:00";"semi; ""quote""
Zażółć gęślą jaźń";"299.9835";"new column"
"244";"10/05/2026 00:00:00";"semi; ""quote""
Zażółć gęślą jaźń";"301.2180";"new column"
"245";"10/05/2026 00:00:00";"";"302.4525";"new column"
"246";"10/05/2026 00:00:00";"semi; ""quote""
Zażółć gęślą jaźń";"303.6870";"new column"
"247";"10/05/2026 00:00:00";"semi; ""quote""
Zażółć gęślą jaźń";"304.9215";"new column"
"248";"10/05/2026 00:00:00";"semi; ""quote""
Zażółć gęślą jaźń";"306.1560";"new column"
"249";"10/05/2026 00:00:00";"semi; ""quote""
Zażółć gęślą jaźń";"307.3905";"new column"
"250";"10/05/2026 00:00:00";"semi; ""quote""
Zażółć gęślą jaźń";"308.6250";"new column"
"251";"10/05/2026 00:00:00";"semi; ""quote""
Zażółć gęślą jaźń";"309.8595";"new column"
"252";"10/05/2026 00:00:00";"";"311.0940";"new column"
"253";"10/05/2026 00:00:00";"semi; ""quote""
Zażółć gęślą jaźń";"312.3285";"new column"
"254";"10/05/2026 00:00:00";"semi; ""quote""
Zażółć gęślą jaźń";"313.5630";"new column"
"255";"10/05/2026 00:00:00";"semi; ""quote""
Zażółć gęślą jaźń";"314.7975";"new column"
"256";"10/05/2026 00:00:00";"semi; ""quote""
Zażółć gęślą jaźń";"316.0320";"new column"
"257";"10/05/2026 00:00:00";"semi; ""quote""
Zażółć gęślą jaźń";"317.2665";"new column"
"258";"10/05/2026 00:00:00";"semi; ""quote""
Zażółć gęślą jaźń";"318.5010";"new column"
"259";"10/05/2026 00:00:00";"";"319.7355";"new column"
"260";"10/05/2026 00:00:00";"semi; ""quote""
Zażółć gęślą jaźń";"320.9700";"new column"
"261";"10/05/2026 00:00:00";"semi; ""quote""
Zażółć gęślą jaźń";"322.2045";"new column"
"262";"10/05/2026 00:00:00";"semi; ""quote""
Zażółć gęślą jaźń";"323.4390";"new column"
"263";"10/05/2026 00:00:00";"semi; ""quote""
Zażółć gęślą jaźń";"324.6735";"new column"
"264";"10/05/2026 00:00:00";"semi; ""quote""
Zażółć gęślą jaźń";"325.9080";"new column"
"265";"10/05/2026 00:00:00";"semi; ""quote""
Zażółć gęślą jaźń";"327.1425";"new column"
"266";"10/05/2026 00:00:00";"";"328.3770";"new column"
"267";"10/05/2026 00:00:00";"semi; ""quote""
Zażółć gęślą jaźń";"329.6115";"new column"
"268";"10/05/2026 00:00:00";"semi; ""quote""
Zażółć gęślą jaźń";"330.8460";"new column"
"269";"10/05/2026 00:00:00";"semi; ""quote""
Zażółć gęślą jaźń";"332.0805";"new column"
"270";"10/05/2026 00:00:00";"semi; ""quote""
Zażółć gęślą jaźń";"333.3150";"new column"
"271";"10/05/2026 00:00:00";"semi; ""quote""
Zażółć gęślą jaźń";"334.5495";"new column"
"272";"10/05/2026 00:00:00";"semi; ""quote""
Zażółć gęślą jaźń";"335.7840";"new column"
"273";"10/05/2026 00:00:00";"";"337.0185";"new column"
"274";"10/05/2026 00:00:00";"semi; ""quote""
Zażółć gęślą jaźń";"338.2530";"new column"
"275";"10/05/2026 00:00:00";"semi; ""quote""
Zażółć gęślą jaźń";"339.4875";"new column"
"276";"10/05/2026 00:00:00";"semi; ""quote""
Zażółć gęślą jaźń";"340.7220";"new column"
"277";"10/05/2026 00:00:00";"semi; ""quote""
Zażółć gęślą jaźń";"341.9565";"new column"
"278";"10/05/2026 00:00:00";"semi; ""quote""
Zażółć gęślą jaźń";"343.1910";"new column"
"279";"10/05/2026 00:00:00";"semi; ""quote""
Zażółć gęślą jaźń";"344.4255";"new column"
"280";"10/05/2026 00:00:00";"";"345.6600";"new column"
"281";"10/05/2026 00:00:00";"semi; ""quote""
Zażółć gęślą jaźń";"346.8945";"new column"
"282";"10/05/2026 00:00:00";"semi; ""quote""
Zażółć gęślą jaźń";"348.1290";"new column"
"283";"10/05/2026 00:00:00";"semi; ""quote""
Zażółć gęślą jaźń";"349.3635";"new column"
"284";"10/05/2026 00:00:00";"semi; ""quote""
Zażółć gęślą jaźń";"350.5980";"new column"
"285";"10/05/2026 00:00:00";"semi; ""quote""
Zażółć gęślą jaźń";"351.8325";"new column"
"286";"10/05/2026 00:00:00";"semi; ""quote""
Zażółć gęślą jaźń";"353.0670";"new column"
"287";"10/05/2026 00:00:00";"";"354.3015";"new column"
"288";"10/05/2026 00:00:00";"semi; ""quote""
Zażółć gęślą jaźń";"355.5360";"new column"
"289";"10/05/2026 00:00:00";"semi; ""quote""
Zażółć gęślą jaźń";"356.7705";"new column"
"290";"10/05/2026 00:00:00";"semi; ""quote""
Zażółć gęślą jaźń";"358.0050";"new column"
"291";"10/05/2026 00:00:00";"semi; ""quote""
Zażółć gęślą jaźń";"359.2395";"new column"
"292";"10/05/2026 00:00:00";"semi; ""quote""
Zażółć gęślą jaźń";"360.4740";"new column"
"293";"10/05/2026 00:00:00";"semi; ""quote""
Zażółć gęślą jaźń";"361.7085";"new column"
"294";"10/05/2026 00:00:00";"";"362.9430";"new column"
"295";"10/05/2026 00:00:00";"semi; ""quote""
Zażółć gęślą jaźń";"364.1775";"new column"
"296";"10/05/2026 00:00:00";"semi; ""quote""
Zażółć gęślą jaźń";"365.4120";"new column"
"297";"10/05/2026 00:00:00";"semi; ""quote""
Zażółć gęślą jaźń";"366.6465";"new column"
"298";"10/05/2026 00:00:00";"semi; ""quote""
Zażółć gęślą jaźń";"367.8810";"new column"
"299";"10/05/2026 00:00:00";"semi; ""quote""
Zażółć gęślą jaźń";"369.1155";"new column"
"300";"10/05/2026 00:00:00";"semi; ""quote""
Zażółć gęślą jaźń";"370.3500";"new column"
"301";"10/05/2026 00:00:00";"";"371.5845";"new column"
"302";"10/05/2026 00:00:00";"semi; ""quote""
Zażółć gęślą jaźń";"372.8190";"new column"
"303";"10/05/2026 00:00:00";"semi; ""quote""
Zażółć gęślą jaźń";"374.0535";"new column"
"304";"10/05/2026 00:00:00";"semi; ""quote""
Zażółć gęślą jaźń";"375.2880";"new column"
"305";"10/05/2026 00:00:00";"semi; ""quote""
Zażółć gęślą jaźń";"376.5225";"new column"
"306";"10/05/2026 00:00:00";"semi; ""quote""
Zażółć gęślą jaźń";"377.7570";"new column"
"307";"10/05/2026 00:00:00";"semi; ""quote""
Zażółć gęślą jaźń";"378.9915";"new column"
"308";"10/05/2026 00:00:00";"";"380.2260";"new column"
"309";"10/05/2026 00:00:00";"semi; ""quote""
Zażółć gęślą jaźń";"381.4605";"new column"
"310";"10/05/2026 00:00:00";"semi; ""quote""
Zażółć gęślą jaźń";"382.6950";"new column"
"311";"10/05/2026 00:00:00";"semi; ""quote""
Zażółć gęślą jaźń";"383.9295";"new column"
"312";"10/05/2026 00:00:00";"semi; ""quote""
Zażółć gęślą jaźń";"385.1640";"new column"
"313";"10/05/2026 00:00:00";"semi; ""quote""
Zażółć gęślą jaźń";"386.3985";"new column"
"314";"10/05/2026 00:00:00";"semi; ""quote""
Zażółć gęślą jaźń";"387.6330";"new column"
"315";"10/05/2026 00:00:00";"";"388.8675";"new column"
"316";"10/05/2026 00:00:00";"semi; ""quote""
Zażółć gęślą jaźń";"390.1020";"new column"
"317";"10/05/2026 00:00:00";"semi; ""quote""
Zażółć gęślą jaźń";"391.3365";"new column"
"318";"10/05/2026 00:00:00";"semi; ""quote""
Zażółć gęślą jaźń";"392.5710";"new column"
"319";"10/05/2026 00:00:00";"semi; ""quote""
Zażółć gęślą jaźń";"393.8055";"new column"
"320";"10/05/2026 00:00:00";"semi; ""quote""
Zażółć gęślą jaźń";"395.0400";"new column"
"321";"10/05/2026 00:00:00";"semi; ""quote""
Zażółć gęślą jaźń";"396.2745";"new column"
"322";"10/05/2026 00:00:00";"";"397.5090";"new column"
"323";"10/05/2026 00:00:00";"semi; ""quote""
Zażółć gęślą jaźń";"398.7435";"new column"
"324";"10/05/2026 00:00:00";"semi; ""quote""
Zażółć gęślą jaźń";"399.9780";"new column"
"325";"10/05/2026 00:00:00";"semi; ""quote""
Zażółć gęślą jaźń";"401.2125";"new column"
"326";"10/05/2026 00:00:00";"semi; ""quote""
Zażółć gęślą jaźń";"402.4470";"new column"
"327";"10/05/2026 00:00:00";"semi; ""quote""
Zażółć gęślą jaźń";"403.6815";"new column"
"328";"10/05/2026 00:00:00";"semi; ""quote""
Zażółć gęślą jaźń";"404.9160";"new column"
"329";"10/05/2026 00:00:00";"";"406.1505";"new column"
"330";"10/05/2026 00:00:00";"semi; ""quote""
Zażółć gęślą jaźń";"407.3850";"new column"
"331";"10/05/2026 00:00:00";"semi; ""quote""
Zażółć gęślą jaźń";"408.6195";"new column"
"332";"10/05/2026 00:00:00";"semi; ""quote""
Zażółć gęślą jaźń";"409.8540";"new column"
"333";"10/05/2026 00:00:00";"semi; ""quote""
Zażółć gęślą jaźń";"411.0885";"new column"
"334";"10/05/2026 00:00:00";"semi; ""quote""
Zażółć gęślą jaźń";"412.3230";"new column"
"335";"10/05/2026 00:00:00";"semi; ""quote""
Zażółć gęślą jaźń";"413.5575";"new column"
"336";"10/05/2026 00:00:00";"";"414.7920";"new column"
"337";"10/05/2026 00:00:00";"semi; ""quote""
Zażółć gęślą jaźń";"416.0265";"new column"
"338";"10/05/2026 00:00:00";"semi; ""quote""
Zażółć gęślą jaźń";"417.2610";"new column"
"339";"10/05/2026 00:00:00";"semi; ""quote""
Zażółć gęślą jaźń";"418.4955";"new column"
"340";"10/05/2026 00:00:00";"semi; ""quote""
Zażółć gęślą jaźń";"419.7300";"new column"
"341";"10/05/2026 00:00:00";"semi; ""quote""
Zażółć gęślą jaźń";"420.9645";"new column"
"342";"10/05/2026 00:00:00";"semi; ""quote""
Zażółć gęślą jaźń";"422.1990";"new column"
"343";"10/05/2026 00:00:00";"";"423.4335";"new column"
"344";"10/05/2026 00:00:00";"semi; ""quote""
Zażółć gęślą jaźń";"424.6680";"new column"
"345";"10/05/2026 00:00:00";"semi; ""quote""
Zażółć gęślą jaźń";"425.9025";"new column"
"346";"10/05/2026 00:00:00";"semi; ""quote""
Zażółć gęślą jaźń";"427.1370";"new column"
"347";"10/05/2026 00:00:00";"semi; ""quote""
Zażółć gęślą jaźń";"428.3715";"new column"
"348";"10/05/2026 00:00:00";"semi; ""quote""
Zażółć gęślą jaźń";"429.6060";"new column"
"349";"10/05/2026 00:00:00";"semi; ""quote""
Zażółć gęślą jaźń";"430.8405";"new column"
"350";"10/05/2026 00:00:00";"";"432.0750";"new column"
"351";"10/05/2026 00:00:00";"semi; ""quote""
Zażółć gęślą jaźń";"433.3095";"new column"
"352";"10/05/2026 00:00:00";"semi; ""quote""
Zażółć gęślą jaźń";"434.5440";"new column"
"353";"10/05/2026 00:00:00";"semi; ""quote""
Zażółć gęślą jaźń";"435.7785";"new column"
"354";"10/05/2026 00:00:00";"semi; ""quote""
Zażółć gęślą jaźń";"437.0130";"new column"
"355";"10/05/2026 00:00:00";"semi; ""quote""
Zażółć gęślą jaźń";"438.2475";"new column"
"356";"10/05/2026 00:00:00";"semi; ""quote""
Zażółć gęślą jaźń";"439.4820";"new column"
"357";"10/05/2026 00:00:00";"";"440.7165";"new column"
"358";"10/05/2026 00:00:00";"semi; ""quote""
Zażółć gęślą jaźń";"441.9510";"new column"
"359";"10/05/2026 00:00:00";"semi; ""quote""
Zażółć gęślą jaźń";"443.1855";"new column"
"360";"10/05/2026 00:00:00";"semi; ""quote""
Zażółć gęślą jaźń";"444.4200";"new column"
"361";"10/05/2026 00:00:00";"semi; ""quote""
Zażółć gęślą jaźń";"445.6545";"new column"
"362";"10/05/2026 00:00:00";"semi; ""quote""
Zażółć gęślą jaźń";"446.8890";"new column"
"363";"10/05/2026 00:00:00";"semi; ""quote""
Zażółć gęślą jaźń";"448.1235";"new column"
"364";"10/05/2026 00:00:00";"";"449.3580";"new column"
"365";"10/05/2026 00:00:00";"semi; ""quote""
Zażółć gęślą jaźń";"450.5925";"new column"
"366";"10/05/2026 00:00:00";"semi; ""quote""
Zażółć gęślą jaźń";"451.8270";"new column"
"367";"10/05/2026 00:00:00";"semi; ""quote""
Zażółć gęślą jaźń";"453.0615";"new column"
"368";"10/05/2026 00:00:00";"semi; ""quote""
Zażółć gęślą jaźń";"454.2960";"new column"
"369";"10/05/2026 00:00:00";"semi; ""quote""
Zażółć gęślą jaźń";"455.5305";"new column"
"370";"10/05/2026 00:00:00";"semi; ""quote""
Zażółć gęślą jaźń";"456.7650";"new column"
"371";"10/05/2026 00:00:00";"";"457.9995";"new column"
"372";"10/05/2026 00:00:00";"semi; ""quote""
Zażółć gęślą jaźń";"459.2340";"new column"
"373";"10/05/2026 00:00:00";"semi; ""quote""
Zażółć gęślą jaźń";"460.4685";"new column"
"374";"10/05/2026 00:00:00";"semi; ""quote""
Zażółć gęślą jaźń";"461.7030";"new column"
"375";"10/05/2026 00:00:00";"semi; ""quote""
Zażółć gęślą jaźń";"462.9375";"new column"
"376";"10/05/2026 00:00:00";"semi; ""quote""
Zażółć gęślą jaźń";"464.1720";"new column"
"377";"10/05/2026 00:00:00";"semi; ""quote""
Zażółć gęślą jaźń";"465.4065";"new column"
"378";"10/05/2026 00:00:00";"";"466.6410";"new column"
"379";"10/05/2026 00:00:00";"semi; ""quote""
Zażółć gęślą jaźń";"467.8755";"new column"
"380";"10/05/2026 00:00:00";"semi; ""quote""
Zażółć gęślą jaźń";"469.1100";"new column"
"381";"10/05/2026 00:00:00";"semi; ""quote""
Zażółć gęślą jaźń";"470.3445";"new column"
"382";"10/05/2026 00:00:00";"semi; ""quote""
Zażółć gęślą jaźń";"471.5790";"new column"
"383";"10/05/2026 00:00:00";"semi; ""quote""
Zażółć gęślą jaźń";"472.8135";"new column"
"384";"10/05/2026 00:00:00";"semi; ""quote""
Zażółć gęślą jaźń";"474.0480";"new column"
"385";"10/05/2026 00:00:00";"";"475.2825";"new column"
"386";"10/05/2026 00:00:00";"semi; ""quote""
Zażółć gęślą jaźń";"476.5170";"new column"
"387";"10/05/2026 00:00:00";"semi; ""quote""
Zażółć gęślą jaźń";"477.7515";"new column"
"388";"10/05/2026 00:00:00";"semi; ""quote""
Zażółć gęślą jaźń";"478.9860";"new column"
"389";"10/05/2026 00:00:00";"semi; ""quote""
Zażółć gęślą jaźń";"480.2205";"new column"
"390";"10/05/2026 00:00:00";"semi; ""quote""
Zażółć gęślą jaźń";"481.4550";"new column"
"391";"10/05/2026 00:00:00";"semi; ""quote""
Zażółć gęślą jaźń";"482.6895";"new column"
"392";"10/05/2026 00:00:00";"";"483.9240";"new column"
"393";"10/05/2026 00:00:00";"semi; ""quote""
Zażółć gęślą jaźń";"485.1585";"new column"
"394";"10/05/2026 00:00:00";"semi; ""quote""
Zażółć gęślą jaźń";"486.3930";"new column"
"395";"10/05/2026 00:00:00";"semi; ""quote""
Zażółć gęślą jaźń";"487.6275";"new column"
"396";"10/05/2026 00:00:00";"semi; ""quote""
Zażółć gęślą jaźń";"488.8620";"new column"
"397";"10/05/2026 00:00:00";"semi; ""quote""
Zażółć gęślą jaźń";"490.0965";"new column"
"398";"10/05/2026 00:00:00";"semi; ""quote""
Zażółć gęślą jaźń";"491.3310";"new column"
"399";"10/05/2026 00:00:00";"";"492.5655";"new column"
"400";"10/05/2026 00:00:00";"semi; ""quote""
Zażółć gęślą jaźń";"493.8000";"new column"
"401";"10/05/2026 00:00:00";"semi; ""quote""
Zażółć gęślą jaźń";"495.0345";"new column"
"402";"10/05/2026 00:00:00";"semi; ""quote""
Zażółć gęślą jaźń";"496.2690";"new column"
"403";"10/05/2026 00:00:00";"semi; ""quote""
Zażółć gęślą jaźń";"497.5035";"new column"
"404";"10/05/2026 00:00:00";"semi; ""quote""
Zażółć gęślą jaźń";"498.7380";"new column"
"405";"10/05/2026 00:00:00";"semi; ""quote""
Zażółć gęślą jaźń";"499.9725";"new column"
"406";"10/05/2026 00:00:00";"";"501.2070";"new column"
"407";"10/05/2026 00:00:00";"semi; ""quote""
Zażółć gęślą jaźń";"502.4415";"new column"
"408";"10/05/2026 00:00:00";"semi; ""quote""
Zażółć gęślą jaźń";"503.6760";"new column"
"409";"10/05/2026 00:00:00";"semi; ""quote""
Zażółć gęślą jaźń";"504.9105";"new column"
"410";"10/05/2026 00:00:00";"semi; ""quote""
Zażółć gęślą jaźń";"506.1450";"new column"
"411";"10/05/2026 00:00:00";"semi; ""quote""
Zażółć gęślą jaźń";"507.3795";"new column"
"412";"10/05/2026 00:00:00";"semi; ""quote""
Zażółć gęślą jaźń";"508.6140";"new column"
"413";"10/05/2026 00:00:00";"";"509.8485";"new column"
"414";"10/05/2026 00:00:00";"semi; ""quote""
Zażółć gęślą jaźń";"511.0830";"new column"
"415";"10/05/2026 00:00:00";"semi; ""quote""
Zażółć gęślą jaźń";"512.3175";"new column"
"416";"10/05/2026 00:00:00";"semi; ""quote""
Zażółć gęślą jaźń";"513.5520";"new column"
"417";"10/05/2026 00:00:00";"semi; ""quote""
Zażółć gęślą jaźń";"514.7865";"new column"
"418";"10/05/2026 00:00:00";"semi; ""quote""
Zażółć gęślą jaźń";"516.0210";"new column"
"419";"10/05/2026 00:00:00";"semi; ""quote""
Zażółć gęślą jaźń";"517.2555";"new column"
"420";"10/05/2026 00:00:00";"";"518.4900";"new column"
"421";"10/05/2026 00:00:00";"semi; ""quote""
Zażółć gęślą jaźń";"519.7245";"new column"
"422";"10/05/2026 00:00:00";"semi; ""quote""
Zażółć gęślą jaźń";"520.9590";"new column"
"423";"10/05/2026 00:00:00";"semi; ""quote""
Zażółć gęślą jaźń";"522.1935";"new column"
"424";"10/05/2026 00:00:00";"semi; ""quote""
Zażółć gęślą jaźń";"523.4280";"new column"
"425";"10/05/2026 00:00:00";"semi; ""quote""
Zażółć gęślą jaźń";"524.6625";"new column"
"426";"10/05/2026 00:00:00";"semi; ""quote""
Zażółć gęślą jaźń";"525.8970";"new column"
"427";"10/05/2026 00:00:00";"";"527.1315";"new column"
"428";"10/05/2026 00:00:00";"semi; ""quote""
Zażółć gęślą jaźń";"528.3660";"new column"
"429";"10/05/2026 00:00:00";"semi; ""quote""
Zażółć gęślą jaźń";"529.6005";"new column"
"430";"10/05/2026 00:00:00";"semi; ""quote""
Zażółć gęślą jaźń";"530.8350";"new column"
"431";"10/05/2026 00:00:00";"semi; ""quote""
Zażółć gęślą jaźń";"532.0695";"new column"
"432";"10/05/2026 00:00:00";"semi; ""quote""
Zażółć gęślą jaźń";"533.3040";"new column"
"433";"10/05/2026 00:00:00";"semi; ""quote""
Zażółć gęślą jaźń";"534.5385";"new column"
"434";"10/05/2026 00:00:00";"";"535.7730";"new column"
"435";"10/05/2026 00:00:00";"semi; ""quote""
Zażółć gęślą jaźń";"537.0075";"new column"
"436";"10/05/2026 00:00:00";"semi; ""quote""
Zażółć gęślą jaźń";"538.2420";"new column"
"437";"10/05/2026 00:00:00";"semi; ""quote""
Zażółć gęślą jaźń";"539.4765";"new column"
"438";"10/05/2026 00:00:00";"semi; ""quote""
Zażółć gęślą jaźń";"540.7110";"new column"
"439";"10/05/2026 00:00:00";"semi; ""quote""
Zażółć gęślą jaźń";"541.9455";"new column"
"440";"10/05/2026 00:00:00";"semi; ""quote""
Zażółć gęślą jaźń";"543.1800";"new column"
"441";"10/05/2026 00:00:00";"";"544.4145";"new column"
"442";"10/05/2026 00:00:00";"semi; ""quote""
Zażółć gęślą jaźń";"545.6490";"new column"
"443";"10/05/2026 00:00:00";"semi; ""quote""
Zażółć gęślą jaźń";"546.8835";"new column"
"444";"10/05/2026 00:00:00";"semi; ""quote""
Zażółć gęślą jaźń";"548.1180";"new column"
"445";"10/05/2026 00:00:00";"semi; ""quote""
Zażółć gęślą jaźń";"549.3525";"new column"
"446";"10/05/2026 00:00:00";"semi; ""quote""
Zażółć gęślą jaźń";"550.5870";"new column"
"447";"10/05/2026 00:00:00";"semi; ""quote""
Zażółć gęślą jaźń";"551.8215";"new column"
"448";"10/05/2026 00:00:00";"";"553.0560";"new column"
"449";"10/05/2026 00:00:00";"semi; ""quote""
Zażółć gęślą jaźń";"554.2905";"new column"
"450";"10/05/2026 00:00:00";"semi; ""quote""
Zażółć gęślą jaźń";"555.5250";"new column"
"451";"10/05/2026 00:00:00";"semi; ""quote""
Zażółć gęślą jaźń";"556.7595";"new column"
"452";"10/05/2026 00:00:00";"semi; ""quote""
Zażółć gęślą jaźń";"557.9940";"new column"
"453";"10/05/2026 00:00:00";"semi; ""quote""
Zażółć gęślą jaźń";"559.2285";"new column"
"454";"10/05/2026 00:00:00";"semi; ""quote""
Zażółć gęślą jaźń";"560.4630";"new column"
"455";"10/05/2026 00:00:00";"";"561.6975";"new column"
"456";"10/05/2026 00:00:00";"semi; ""quote""
Zażółć gęślą jaźń";"562.9320";"new column"
"457";"10/05/2026 00:00:00";"semi; ""quote""
Zażółć gęślą jaźń";"564.1665";"new column"
"458";"10/05/2026 00:00:00";"semi; ""quote""
Zażółć gęślą jaźń";"565.4010";"new column"
"459";"10/05/2026 00:00:00";"semi; ""quote""
Zażółć gęślą jaźń";"566.6355";"new column"
"460";"10/05/2026 00:00:00";"semi; ""quote""
Zażółć gęślą jaźń";"567.8700";"new column"
"461";"10/05/2026 00:00:00";"semi; ""quote""
Zażółć gęślą jaźń";"569.1045";"new column"
"462";"10/05/2026 00:00:00";"";"570.3390";"new column"
"463";"10/05/2026 00:00:00";"semi; ""quote""
Zażółć gęślą jaźń";"571.5735";"new column"
"464";"10/05/2026 00:00:00";"semi; ""quote""
Zażółć gęślą jaźń";"572.8080";"new column"
"465";"10/05/2026 00:00:00";"semi; ""quote""
Zażółć gęślą jaźń";"574.0425";"new column"
"466";"10/05/2026 00:00:00";"semi; ""quote""
Zażółć gęślą jaźń";"575.2770";"new column"
"467";"10/05/2026 00:00:00";"semi; ""quote""
Zażółć gęślą jaźń";"576.5115";"new column"
"468";"10/05/2026 00:00:00";"semi; ""quote""
Zażółć gęślą jaźń";"577.7460";"new column"
"469";"10/05/2026 00:00:00";"";"578.9805";"new column"
"470";"10/05/2026 00:00:00";"semi; ""quote""
Zażółć gęślą jaźń";"580.2150";"new column"
"471";"10/05/2026 00:00:00";"semi; ""quote""
Zażółć gęślą jaźń";"581.4495";"new column"
"472";"10/05/2026 00:00:00";"semi; ""quote""
Zażółć gęślą jaźń";"582.6840";"new column"
"473";"10/05/2026 00:00:00";"semi; ""quote""
Zażółć gęślą jaźń";"583.9185";"new column"
"474";"10/05/2026 00:00:00";"semi; ""quote""
Zażółć gęślą jaźń";"585.1530";"new column"
"475";"10/05/2026 00:00:00";"semi; ""quote""
Zażółć gęślą jaźń";"586.3875";"new column"
"476";"10/05/2026 00:00:00";"";"587.6220";"new column"
"477";"10/05/2026 00:00:00";"semi; ""quote""
Zażółć gęślą jaźń";"588.8565";"new column"
"478";"10/05/2026 00:00:00";"semi; ""quote""
Zażółć gęślą jaźń";"590.0910";"new column"
"479";"10/05/2026 00:00:00";"semi; ""quote""
Zażółć gęślą jaźń";"591.3255";"new column"
"480";"10/05/2026 00:00:00";"semi; ""quote""
Zażółć gęślą jaźń";"592.5600";"new column"
"481";"10/05/2026 00:00:00";"semi; ""quote""
Zażółć gęślą jaźń";"593.7945";"new column"
"482";"10/05/2026 00:00:00";"semi; ""quote""
Zażółć gęślą jaźń";"595.0290";"new column"
"483";"10/05/2026 00:00:00";"";"596.2635";"new column"
"484";"10/05/2026 00:00:00";"semi; ""quote""
Zażółć gęślą jaźń";"597.4980";"new column"
"485";"10/05/2026 00:00:00";"semi; ""quote""
Zażółć gęślą jaźń";"598.7325";"new column"
"486";"10/05/2026 00:00:00";"semi; ""quote""
Zażółć gęślą jaźń";"599.9670";"new column"
"487";"10/05/2026 00:00:00";"semi; ""quote""
Zażółć gęślą jaźń";"601.2015";"new column"
"488";"10/05/2026 00:00:00";"semi; ""quote""
Zażółć gęślą jaźń";"602.4360";"new column"
"489";"10/05/2026 00:00:00";"semi; ""quote""
Zażółć gęślą jaźń";"603.6705";"new column"
"490";"10/05/2026 00:00:00";"";"604.9050";"new column"
"491";"10/05/2026 00:00:00";"semi; ""quote""
Zażółć gęślą jaźń";"606.1395";"new column"
"492";"10/05/2026 00:00:00";"semi; ""quote""
Zażółć gęślą jaźń";"607.3740";"new column"
"493";"10/05/2026 00:00:00";"semi; ""quote""
Zażółć gęślą jaźń";"608.6085";"new column"
"494";"10/05/2026 00:00:00";"semi; ""quote""
Zażółć gęślą jaźń";"609.8430";"new column"
"495";"10/05/2026 00:00:00";"semi; ""quote""
Zażółć gęślą jaźń";"611.0775";"new column"
"496";"10/05/2026 00:00:00";"semi; ""quote""
Zażółć gęślą jaźń";"612.3120";"new column"
"497";"10/05/2026 00:00:00";"";"613.5465";"new column"
"498";"10/05/2026 00:00:00";"semi; ""quote""
Zażółć gęślą jaźń";"614.7810";"new column"
"499";"10/05/2026 00:00:00";"semi; ""quote""
Zażółć gęślą jaźń";"616.0155";"new column"
"500";"10/05/2026 00:00:00";"semi; ""quote""
Zażółć gęślą jaźń";"617.2500";"new column"
"501";"10/05/2026 00:00:00";"semi; ""quote""
Zażółć gęślą jaźń";"618.4845";"new column"
"502";"10/05/2026 00:00:00";"semi; ""quote""
Zażółć gęślą jaźń";"619.7190";"new column"
"503";"10/05/2026 00:00:00";"semi; ""quote""
Zażółć gęślą jaźń";"620.9535";"new column"
"504";"10/05/2026 00:00:00";"";"622.1880";"new column"
"505";"10/05/2026 00:00:00";"semi; ""quote""
Zażółć gęślą jaźń";"623.4225";"new column"
"506";"10/05/2026 00:00:00";"semi; ""quote""
Zażółć gęślą jaźń";"624.6570";"new column"
"507";"10/05/2026 00:00:00";"semi; ""quote""
Zażółć gęślą jaźń";"625.8915";"new column"
"508";"10/05/2026 00:00:00";"semi; ""quote""
Zażółć gęślą jaźń";"627.1260";"new column"
"509";"10/05/2026 00:00:00";"semi; ""quote""
Zażółć gęślą jaźń";"628.3605";"new column"
"510";"10/05/2026 00:00:00";"semi; ""quote""
Zażółć gęślą jaźń";"629.5950";"new column"
"511";"10/05/2026 00:00:00";"";"630.8295";"new column"
"512";"10/05/2026 00:00:00";"semi; ""quote""
Zażółć gęślą jaźń";"632.0640";"new column"
"513";"10/05/2026 00:00:00";"semi; ""quote""
Zażółć gęślą jaźń";"633.2985";"new column"
"514";"10/05/2026 00:00:00";"semi; ""quote""
Zażółć gęślą jaźń";"634.5330";"new column"
"515";"10/05/2026 00:00:00";"semi; ""quote""
Zażółć gęślą jaźń";"635.7675";"new column"
"516";"10/05/2026 00:00:00";"semi; ""quote""
Zażółć gęślą jaźń";"637.0020";"new column"
"517";"10/05/2026 00:00:00";"semi; ""quote""
Zażółć gęślą jaźń";"638.2365";"new column"
"518";"10/05/2026 00:00:00";"";"639.4710";"new column"
"519";"10/05/2026 00:00:00";"semi; ""quote""
Zażółć gęślą jaźń";"640.7055";"new column"
"520";"10/05/2026 00:00:00";"semi; ""quote""
Zażółć gęślą jaźń";"641.9400";"new column"
"521";"10/05/2026 00:00:00";"semi; ""quote""
Zażółć gęślą jaźń";"643.1745";"new column"
"522";"10/05/2026 00:00:00";"semi; ""quote""
Zażółć gęślą jaźń";"644.4090";"new column"
"523";"10/05/2026 00:00:00";"semi; ""quote""
Zażółć gęślą jaźń";"645.6435";"new column"
"524";"10/05/2026 00:00:00";"semi; ""quote""
Zażółć gęślą jaźń";"646.8780";"new column"
"525";"10/05/2026 00:00:00";"";"648.1125";"new column"
"526";"10/05/2026 00:00:00";"semi; ""quote""
Zażółć gęślą jaźń";"649.3470";"new column"
"527";"10/05/2026 00:00:00";"semi; ""quote""
Zażółć gęślą jaźń";"650.5815";"new column"
"528";"10/05/2026 00:00:00";"semi; ""quote""
Zażółć gęślą jaźń";"651.8160";"new column"
"529";"10/05/2026 00:00:00";"semi; ""quote""
Zażółć gęślą jaźń";"653.0505";"new column"
"530";"10/05/2026 00:00:00";"semi; ""quote""
Zażółć gęślą jaźń";"654.2850";"new column"
"531";"10/05/2026 00:00:00";"semi; ""quote""
Zażółć gęślą jaźń";"655.5195";"new column"
"532";"10/05/2026 00:00:00";"";"656.7540";"new column"
"533";"10/05/2026 00:00:00";"semi; ""quote""
Zażółć gęślą jaźń";"657.9885";"new column"
"534";"10/05/2026 00:00:00";"semi; ""quote""
Zażółć gęślą jaźń";"659.2230";"new column"
"535";"10/05/2026 00:00:00";"semi; ""quote""
Zażółć gęślą jaźń";"660.4575";"new column"
"536";"10/05/2026 00:00:00";"semi; ""quote""
Zażółć gęślą jaźń";"661.6920";"new column"
"537";"10/05/2026 00:00:00";"semi; ""quote""
Zażółć gęślą jaźń";"662.9265";"new column"
"538";"10/05/2026 00:00:00";"semi; ""quote""
Zażółć gęślą jaźń";"664.1610";"new column"
"539";"10/05/2026 00:00:00";"";"665.3955";"new column"
"540";"10/05/2026 00:00:00";"semi; ""quote""
Zażółć gęślą jaźń";"666.6300";"new column"
"541";"10/05/2026 00:00:00";"semi; ""quote""
Zażółć gęślą jaźń";"667.8645";"new column"
"542";"10/05/2026 00:00:00";"semi; ""quote""
Zażółć gęślą jaźń";"669.0990";"new column"
"543";"10/05/2026 00:00:00";"semi; ""quote""
Zażółć gęślą jaźń";"670.3335";"new column"
"544";"10/05/2026 00:00:00";"semi; ""quote""
Zażółć gęślą jaźń";"671.5680";"new column"
"545";"10/05/2026 00:00:00";"semi; ""quote""
Zażółć gęślą jaźń";"672.8025";"new column"
"546";"10/05/2026 00:00:00";"";"674.0370";"new column"
"547";"10/05/2026 00:00:00";"semi; ""quote""
Zażółć gęślą jaźń";"675.2715";"new column"
"548";"10/05/2026 00:00:00";"semi; ""quote""
Zażółć gęślą jaźń";"676.5060";"new column"
"549";"10/05/2026 00:00:00";"semi; ""quote""
Zażółć gęślą jaźń";"677.7405";"new column"
"550";"10/05/2026 00:00:00";"semi; ""quote""
Zażółć gęślą jaźń";"678.9750";"new column"
"551";"10/05/2026 00:00:00";"semi; ""quote""
Zażółć gęślą jaźń";"680.2095";"new column"
"552";"10/05/2026 00:00:00";"semi; ""quote""
Zażółć gęślą jaźń";"681.4440";"new column"
"553";"10/05/2026 00:00:00";"";"682.6785";"new column"
"554";"10/05/2026 00:00:00";"semi; ""quote""
Zażółć gęślą jaźń";"683.9130";"new column"
"555";"10/05/2026 00:00:00";"semi; ""quote""
Zażółć gęślą jaźń";"685.1475";"new column"
"556";"10/05/2026 00:00:00";"semi; ""quote""
Zażółć gęślą jaźń";"686.3820";"new column"
"557";"10/05/2026 00:00:00";"semi; ""quote""
Zażółć gęślą jaźń";"687.6165";"new column"
"558";"10/05/2026 00:00:00";"semi; ""quote""
Zażółć gęślą jaźń";"688.8510";"new column"
"559";"10/05/2026 00:00:00";"semi; ""quote""
Zażółć gęślą jaźń";"690.0855";"new column"
"560";"10/05/2026 00:00:00";"";"691.3200";"new column"
"561";"10/05/2026 00:00:00";"semi; ""quote""
Zażółć gęślą jaźń";"692.5545";"new column"
"562";"10/05/2026 00:00:00";"semi; ""quote""
Zażółć gęślą jaźń";"693.7890";"new column"
"563";"10/05/2026 00:00:00";"semi; ""quote""
Zażółć gęślą jaźń";"695.0235";"new column"
"564";"10/05/2026 00:00:00";"semi; ""quote""
Zażółć gęślą jaźń";"696.2580";"new column"
"565";"10/05/2026 00:00:00";"semi; ""quote""
Zażółć gęślą jaźń";"697.4925";"new column"
"566";"10/05/2026 00:00:00";"semi; ""quote""
Zażółć gęślą jaźń";"698.7270";"new column"
"567";"10/05/2026 00:00:00";"";"699.9615";"new column"
"568";"10/05/2026 00:00:00";"semi; ""quote""
Zażółć gęślą jaźń";"701.1960";"new column"
"569";"10/05/2026 00:00:00";"semi; ""quote""
Zażółć gęślą jaźń";"702.4305";"new column"
"570";"10/05/2026 00:00:00";"semi; ""quote""
Zażółć gęślą jaźń";"703.6650";"new column"
"571";"10/05/2026 00:00:00";"semi; ""quote""
Zażółć gęślą jaźń";"704.8995";"new column"
"572";"10/05/2026 00:00:00";"semi; ""quote""
Zażółć gęślą jaźń";"706.1340";"new column"
"573";"10/05/2026 00:00:00";"semi; ""quote""
Zażółć gęślą jaźń";"707.3685";"new column"
"574";"10/05/2026 00:00:00";"";"708.6030";"new column"
"575";"10/05/2026 00:00:00";"semi; ""quote""
Zażółć gęślą jaźń";"709.8375";"new column"
"576";"10/05/2026 00:00:00";"semi; ""quote""
Zażółć gęślą jaźń";"711.0720";"new column"
"577";"10/05/2026 00:00:00";"semi; ""quote""
Zażółć gęślą jaźń";"712.3065";"new column"
"578";"10/05/2026 00:00:00";"semi; ""quote""
Zażółć gęślą jaźń";"713.5410";"new column"
"579";"10/05/2026 00:00:00";"semi; ""quote""
Zażółć gęślą jaźń";"714.7755";"new column"
"580";"10/05/2026 00:00:00";"semi; ""quote""
Zażółć gęślą jaźń";"716.0100";"new column"
"581";"10/05/2026 00:00:00";"";"717.2445";"new column"
"582";"10/05/2026 00:00:00";"semi; ""quote""
Zażółć gęślą jaźń";"718.4790";"new column"
"583";"10/05/2026 00:00:00";"semi; ""quote""
Zażółć gęślą jaźń";"719.7135";"new column"
"584";"10/05/2026 00:00:00";"semi; ""quote""
Zażółć gęślą jaźń";"720.9480";"new column"
"585";"10/05/2026 00:00:00";"semi; ""quote""
Zażółć gęślą jaźń";"722.1825";"new column"
"586";"10/05/2026 00:00:00";"semi; ""quote""
Zażółć gęślą jaźń";"723.4170";"new column"
"587";"10/05/2026 00:00:00";"semi; ""quote""
Zażółć gęślą jaźń";"724.6515";"new column"
"588";"10/05/2026 00:00:00";"";"725.8860";"new column"
"589";"10/05/2026 00:00:00";"semi; ""quote""
Zażółć gęślą jaźń";"727.1205";"new column"
"590";"10/05/2026 00:00:00";"semi; ""quote""
Zażółć gęślą jaźń";"728.3550";"new column"
"591";"10/05/2026 00:00:00";"semi; ""quote""
Zażółć gęślą jaźń";"729.5895";"new column"
"592";"10/05/2026 00:00:00";"semi; ""quote""
Zażółć gęślą jaźń";"730.8240";"new column"
"593";"10/05/2026 00:00:00";"semi; ""quote""
Zażółć gęślą jaźń";"732.0585";"new column"
"594";"10/05/2026 00:00:00";"semi; ""quote""
Zażółć gęślą jaźń";"733.2930";"new column"
"595";"10/05/2026 00:00:00";"";"734.5275";"new column"
"596";"10/05/2026 00:00:00";"semi; ""quote""
Zażółć gęślą jaźń";"735.7620";"new column"
"597";"10/05/2026 00:00:00";"semi; ""quote""
Zażółć gęślą jaźń";"736.9965";"new column"
"598";"10/05/2026 00:00:00";"semi; ""quote""
Zażółć gęślą jaźń";"738.2310";"new column"
"599";"10/05/2026 00:00:00";"semi; ""quote""
Zażółć gęślą jaźń";"739.4655";"new column"
"600";"10/05/2026 00:00:00";"semi; ""quote""
Zażółć gęślą jaźń";"740.7000";"new column"
"601";"10/05/2026 00:00:00";"semi; ""quote""
Zażółć gęślą jaźń";"741.9345";"new column"
"602";"10/05/2026 00:00:00";"";"743.1690";"new column"
"603";"10/05/2026 00:00:00";"semi; ""quote""
Zażółć gęślą jaźń";"744.4035";"new column"
"604";"10/05/2026 00:00:00";"semi; ""quote""
Zażółć gęślą jaźń";"745.6380";"new column"
"605";"10/05/2026 00:00:00";"semi; ""quote""
Zażółć gęślą jaźń";"746.8725";"new column"
"606";"10/05/2026 00:00:00";"semi; ""quote""
Zażółć gęślą jaźń";"748.1070";"new column"
"607";"10/05/2026 00:00:00";"semi; ""quote""
Zażółć gęślą jaźń";"749.3415";"new column"
"608";"10/05/2026 00:00:00";"semi; ""quote""
Zażółć gęślą jaźń";"750.5760";"new column"
"609";"10/05/2026 00:00:00";"";"751.8105";"new column"
"610";"10/05/2026 00:00:00";"semi; ""quote""
Zażółć gęślą jaźń";"753.0450";"new column"
"611";"10/05/2026 00:00:00";"semi; ""quote""
Zażółć gęślą jaźń";"754.2795";"new column"
"612";"10/05/2026 00:00:00";"semi; ""quote""
Zażółć gęślą jaźń";"755.5140";"new column"
"613";"10/05/2026 00:00:00";"semi; ""quote""
Zażółć gęślą jaźń";"756.7485";"new column"
"614";"10/05/2026 00:00:00";"semi; ""quote""
Zażółć gęślą jaźń";"757.9830";"new column"
"615";"10/05/2026 00:00:00";"semi; ""quote""
Zażółć gęślą jaźń";"759.2175";"new column"
"616";"10/05/2026 00:00:00";"";"760.4520";"new column"
"617";"10/05/2026 00:00:00";"semi; ""quote""
Zażółć gęślą jaźń";"761.6865";"new column"
"618";"10/05/2026 00:00:00";"semi; ""quote""
Zażółć gęślą jaźń";"762.9210";"new column"
"619";"10/05/2026 00:00:00";"semi; ""quote""
Zażółć gęślą jaźń";"764.1555";"new column"
"620";"10/05/2026 00:00:00";"semi; ""quote""
Zażółć gęślą jaźń";"765.3900";"new column"
"621";"10/05/2026 00:00:00";"semi; ""quote""
Zażółć gęślą jaźń";"766.6245";"new column"
"622";"10/05/2026 00:00:00";"semi; ""quote""
Zażółć gęślą jaźń";"767.8590";"new column"
"623";"10/05/2026 00:00:00";"";"769.0935";"new column"
"624";"10/05/2026 00:00:00";"semi; ""quote""
Zażółć gęślą jaźń";"770.3280";"new column"
"625";"10/05/2026 00:00:00";"semi; ""quote""
Zażółć gęślą jaźń";"771.5625";"new column"
"626";"10/05/2026 00:00:00";"semi; ""quote""
Zażółć gęślą jaźń";"772.7970";"new column"
"627";"10/05/2026 00:00:00";"semi; ""quote""
Zażółć gęślą jaźń";"774.0315";"new column"
"628";"10/05/2026 00:00:00";"semi; ""quote""
Zażółć gęślą jaźń";"775.2660";"new column"
"629";"10/05/2026 00:00:00";"semi; ""quote""
Zażółć gęślą jaźń";"776.5005";"new column"
"630";"10/05/2026 00:00:00";"";"777.7350";"new column"
"631";"10/05/2026 00:00:00";"semi; ""quote""
Zażółć gęślą jaźń";"778.9695";"new column"
"632";"10/05/2026 00:00:00";"semi; ""quote""
Zażółć gęślą jaźń";"780.2040";"new column"
"633";"10/05/2026 00:00:00";"semi; ""quote""
Zażółć gęślą jaźń";"781.4385";"new column"
"634";"10/05/2026 00:00:00";"semi; ""quote""
Zażółć gęślą jaźń";"782.6730";"new column"
"635";"10/05/2026 00:00:00";"semi; ""quote""
Zażółć gęślą jaźń";"783.9075";"new column"
"636";"10/05/2026 00:00:00";"semi; ""quote""
Zażółć gęślą jaźń";"785.1420";"new column"
"637";"10/05/2026 00:00:00";"";"786.3765";"new column"
"638";"10/05/2026 00:00:00";"semi; ""quote""
Zażółć gęślą jaźń";"787.6110";"new column"
"639";"10/05/2026 00:00:00";"semi; ""quote""
Zażółć gęślą jaźń";"788.8455";"new column"
"640";"10/05/2026 00:00:00";"semi; ""quote""
Zażółć gęślą jaźń";"790.0800";"new column"
"641";"10/05/2026 00:00:00";"semi; ""quote""
Zażółć gęślą jaźń";"791.3145";"new column"
"642";"10/05/2026 00:00:00";"semi; ""quote""
Zażółć gęślą jaźń";"792.5490";"new column"
"643";"10/05/2026 00:00:00";"semi; ""quote""
Zażółć gęślą jaźń";"793.7835";"new column"
"644";"10/05/2026 00:00:00";"";"795.0180";"new column"
"645";"10/05/2026 00:00:00";"semi; ""quote""
Zażółć gęślą jaźń";"796.2525";"new column"
"646";"10/05/2026 00:00:00";"semi; ""quote""
Zażółć gęślą jaźń";"797.4870";"new column"
"647";"10/05/2026 00:00:00";"semi; ""quote""
Zażółć gęślą jaźń";"798.7215";"new column"
"648";"10/05/2026 00:00:00";"semi; ""quote""
Zażółć gęślą jaźń";"799.9560";"new column"
"649";"10/05/2026 00:00:00";"semi; ""quote""
Zażółć gęślą jaźń";"801.1905";"new column"
"650";"10/05/2026 00:00:00";"semi; ""quote""
Zażółć gęślą jaźń";"802.4250";"new column"
"651";"10/05/2026 00:00:00";"";"803.6595";"new column"
"652";"10/05/2026 00:00:00";"semi; ""quote""
Zażółć gęślą jaźń";"804.8940";"new column"
"653";"10/05/2026 00:00:00";"semi; ""quote""
Zażółć gęślą jaźń";"806.1285";"new column"
"654";"10/05/2026 00:00:00";"semi; ""quote""
Zażółć gęślą jaźń";"807.3630";"new column"
"655";"10/05/2026 00:00:00";"semi; ""quote""
Zażółć gęślą jaźń";"808.5975";"new column"
"656";"10/05/2026 00:00:00";"semi; ""quote""
Zażółć gęślą jaźń";"809.8320";"new column"
"657";"10/05/2026 00:00:00";"semi; ""quote""
Zażółć gęślą jaźń";"811.0665";"new column"
"658";"10/05/2026 00:00:00";"";"812.3010";"new column"
"659";"10/05/2026 00:00:00";"semi; ""quote""
Zażółć gęślą jaźń";"813.5355";"new column"
"660";"10/05/2026 00:00:00";"semi; ""quote""
Zażółć gęślą jaźń";"814.7700";"new column"
"661";"10/05/2026 00:00:00";"semi; ""quote""
Zażółć gęślą jaźń";"816.0045";"new column"
"662";"10/05/2026 00:00:00";"semi; ""quote""
Zażółć gęślą jaźń";"817.2390";"new column"
"663";"10/05/2026 00:00:00";"semi; ""quote""
Zażółć gęślą jaźń";"818.4735";"new column"
"664";"10/05/2026 00:00:00";"semi; ""quote""
Zażółć gęślą jaźń";"819.7080";"new column"
"665";"10/05/2026 00:00:00";"";"820.9425";"new column"
"666";"10/05/2026 00:00:00";"semi; ""quote""
Zażółć gęślą jaźń";"822.1770";"new column"
"667";"10/05/2026 00:00:00";"semi; ""quote""
Zażółć gęślą jaźń";"823.4115";"new column"
"668";"10/05/2026 00:00:00";"semi; ""quote""
Zażółć gęślą jaźń";"824.6460";"new column"
"669";"10/05/2026 00:00:00";"semi; ""quote""
Zażółć gęślą jaźń";"825.8805";"new column"
"670";"10/05/2026 00:00:00";"semi; ""quote""
Zażółć gęślą jaźń";"827.1150";"new column"
"671";"10/05/2026 00:00:00";"semi; ""quote""
Zażółć gęślą jaźń";"828.3495";"new column"
"672";"10/05/2026 00:00:00";"";"829.5840";"new column"
"673";"10/05/2026 00:00:00";"semi; ""quote""
Zażółć gęślą jaźń";"830.8185";"new column"
"674";"10/05/2026 00:00:00";"semi; ""quote""
Zażółć gęślą jaźń";"832.0530";"new column"
"675";"10/05/2026 00:00:00";"semi; ""quote""
Zażółć gęślą jaźń";"833.2875";"new column"
"676";"10/05/2026 00:00:00";"semi; ""quote""
Zażółć gęślą jaźń";"834.5220";"new column"
"677";"10/05/2026 00:00:00";"semi; ""quote""
Zażółć gęślą jaźń";"835.7565";"new column"
"678";"10/05/2026 00:00:00";"semi; ""quote""
Zażółć gęślą jaźń";"836.9910";"new column"
"679";"10/05/2026 00:00:00";"";"838.2255";"new column"
"680";"10/05/2026 00:00:00";"semi; ""quote""
Zażółć gęślą jaźń";"839.4600";"new column"
"681";"10/05/2026 00:00:00";"semi; ""quote""
Zażółć gęślą jaźń";"840.6945";"new column"
"682";"10/05/2026 00:00:00";"semi; ""quote""
Zażółć gęślą jaźń";"841.9290";"new column"
"683";"10/05/2026 00:00:00";"semi; ""quote""
Zażółć gęślą jaźń";"843.1635";"new column"
"684";"10/05/2026 00:00:00";"semi; ""quote""
Zażółć gęślą jaźń";"844.3980";"new column"
"685";"10/05/2026 00:00:00";"semi; ""quote""
Zażółć gęślą jaźń";"845.6325";"new column"
"686";"10/05/2026 00:00:00";"";"846.8670";"new column"
"687";"10/05/2026 00:00:00";"semi; ""quote""
Zażółć gęślą jaźń";"848.1015";"new column"
"688";"10/05/2026 00:00:00";"semi; ""quote""
Zażółć gęślą jaźń";"849.3360";"new column"
"689";"10/05/2026 00:00:00";"semi; ""quote""
Zażółć gęślą jaźń";"850.5705";"new column"
"690";"10/05/2026 00:00:00";"semi; ""quote""
Zażółć gęślą jaźń";"851.8050";"new column"
"691";"10/05/2026 00:00:00";"semi; ""quote""
Zażółć gęślą jaźń";"853.0395";"new column"
"692";"10/05/2026 00:00:00";"semi; ""quote""
Zażółć gęślą jaźń";"854.2740";"new column"
"693";"10/05/2026 00:00:00";"";"855.5085";"new column"
"694";"10/05/2026 00:00:00";"semi; ""quote""
Zażółć gęślą jaźń";"856.7430";"new column"
"695";"10/05/2026 00:00:00";"semi; ""quote""
Zażółć gęślą jaźń";"857.9775";"new column"
"696";"10/05/2026 00:00:00";"semi; ""quote""
Zażółć gęślą jaźń";"859.2120";"new column"
"697";"10/05/2026 00:00:00";"semi; ""quote""
Zażółć gęślą jaźń";"860.4465";"new column"
"698";"10/05/2026 00:00:00";"semi; ""quote""
Zażółć gęślą jaźń";"861.6810";"new column"
"699";"10/05/2026 00:00:00";"semi; ""quote""
Zażółć gęślą jaźń";"862.9155";"new column"
"700";"10/05/2026 00:00:00";"";"864.1500";"new column"
"701";"10/05/2026 00:00:00";"semi; ""quote""
Zażółć gęślą jaźń";"865.3845";"new column"
"702";"10/05/2026 00:00:00";"semi; ""quote""
Zażółć gęślą jaźń";"866.6190";"new column"
"703";"10/05/2026 00:00:00";"semi; ""quote""
Zażółć gęślą jaźń";"867.8535";"new column"
"704";"10/05/2026 00:00:00";"semi; ""quote""
Zażółć gęślą jaźń";"869.0880";"new column"
"705";"10/05/2026 00:00:00";"semi; ""quote""
Zażółć gęślą jaźń";"870.3225";"new column"
"706";"10/05/2026 00:00:00";"semi; ""quote""
Zażółć gęślą jaźń";"871.5570";"new column"
"707";"10/05/2026 00:00:00";"";"872.7915";"new column"
"708";"10/05/2026 00:00:00";"semi; ""quote""
Zażółć gęślą jaźń";"874.0260";"new column"
"709";"10/05/2026 00:00:00";"semi; ""quote""
Zażółć gęślą jaźń";"875.2605";"new column"
"710";"10/05/2026 00:00:00";"semi; ""quote""
Zażółć gęślą jaźń";"876.4950";"new column"
"711";"10/05/2026 00:00:00";"semi; ""quote""
Zażółć gęślą jaźń";"877.7295";"new column"
"712";"10/05/2026 00:00:00";"semi; ""quote""
Zażółć gęślą jaźń";"878.9640";"new column"
"713";"10/05/2026 00:00:00";"semi; ""quote""
Zażółć gęślą jaźń";"880.1985";"new column"
"714";"10/05/2026 00:00:00";"";"881.4330";"new column"
"715";"10/05/2026 00:00:00";"semi; ""quote""
Zażółć gęślą jaźń";"882.6675";"new column"
"716";"10/05/2026 00:00:00";"semi; ""quote""
Zażółć gęślą jaźń";"883.9020";"new column"
"717";"10/05/2026 00:00:00";"semi; ""quote""
Zażółć gęślą jaźń";"885.1365";"new column"
"718";"10/05/2026 00:00:00";"semi; ""quote""
Zażółć gęślą jaźń";"886.3710";"new column"
"719";"10/05/2026 00:00:00";"semi; ""quote""
Zażółć gęślą jaźń";"887.6055";"new column"
"720";"10/05/2026 00:00:00";"semi; ""quote""
Zażółć gęślą jaźń";"888.8400";"new column"
"721";"10/05/2026 00:00:00";"";"890.0745";"new column"
"722";"10/05/2026 00:00:00";"semi; ""quote""
Zażółć gęślą jaźń";"891.3090";"new column"
"723";"10/05/2026 00:00:00";"semi; ""quote""
Zażółć gęślą jaźń";"892.5435";"new column"
"724";"10/05/2026 00:00:00";"semi; ""quote""
Zażółć gęślą jaźń";"893.7780";"new column"
"725";"10/05/2026 00:00:00";"semi; ""quote""
Zażółć gęślą jaźń";"895.0125";"new column"
"726";"10/05/2026 00:00:00";"semi; ""quote""
Zażółć gęślą jaźń";"896.2470";"new column"
"727";"10/05/2026 00:00:00";"semi; ""quote""
Zażółć gęślą jaźń";"897.4815";"new column"
"728";"10/05/2026 00:00:00";"";"898.7160";"new column"
"729";"10/05/2026 00:00:00";"semi; ""quote""
Zażółć gęślą jaźń";"899.9505";"new column"
"730";"10/05/2026 00:00:00";"semi; ""quote""
Zażółć gęślą jaźń";"901.1850";"new column"
"731";"10/05/2026 00:00:00";"semi; ""quote""
Zażółć gęślą jaźń";"902.4195";"new column"
"732";"10/05/2026 00:00:00";"semi; ""quote""
Zażółć gęślą jaźń";"903.6540";"new column"
"733";"10/05/2026 00:00:00";"semi; ""quote""
Zażółć gęślą jaźń";"904.8885";"new column"
"734";"10/05/2026 00:00:00";"semi; ""quote""
Zażółć gęślą jaźń";"906.1230";"new column"
"735";"10/05/2026 00:00:00";"";"907.3575";"new column"
"736";"10/05/2026 00:00:00";"semi; ""quote""
Zażółć gęślą jaźń";"908.5920";"new column"
"737";"10/05/2026 00:00:00";"semi; ""quote""
Zażółć gęślą jaźń";"909.8265";"new column"
"738";"10/05/2026 00:00:00";"semi; ""quote""
Zażółć gęślą jaźń";"911.0610";"new column"
"739";"10/05/2026 00:00:00";"semi; ""quote""
Zażółć gęślą jaźń";"912.2955";"new column"
"740";"10/05/2026 00:00:00";"semi; ""quote""
Zażółć gęślą jaźń";"913.5300";"new column"
"741";"10/05/2026 00:00:00";"semi; ""quote""
Zażółć gęślą jaźń";"914.7645";"new column"
"742";"10/05/2026 00:00:00";"";"915.9990";"new column"
"743";"10/05/2026 00:00:00";"semi; ""quote""
Zażółć gęślą jaźń";"917.2335";"new column"
"744";"10/05/2026 00:00:00";"semi; ""quote""
Zażółć gęślą jaźń";"918.4680";"new column"
"745";"10/05/2026 00:00:00";"semi; ""quote""
Zażółć gęślą jaźń";"919.7025";"new column"
"746";"10/05/2026 00:00:00";"semi; ""quote""
Zażółć gęślą jaźń";"920.9370";"new column"
"747";"10/05/2026 00:00:00";"semi; ""quote""
Zażółć gęślą jaźń";"922.1715";"new column"
"748";"10/05/2026 00:00:00";"semi; ""quote""
Zażółć gęślą jaźń";"923.4060";"new column"
"749";"10/05/2026 00:00:00";"";"924.6405";"new column"
"750";"10/05/2026 00:00:00";"semi; ""quote""
Zażółć gęślą jaźń";"925.8750";"new column"
"751";"10/05/2026 00:00:00";"semi; ""quote""
Zażółć gęślą jaźń";"927.1095";"new column"
"752";"10/05/2026 00:00:00";"semi; ""quote""
Zażółć gęślą jaźń";"928.3440";"new column"
"753";"10/05/2026 00:00:00";"semi; ""quote""
Zażółć gęślą jaźń";"929.5785";"new column"
"754";"10/05/2026 00:00:00";"semi; ""quote""
Zażółć gęślą jaźń";"930.8130";"new column"
"755";"10/05/2026 00:00:00";"semi; ""quote""
Zażółć gęślą jaźń";"932.0475";"new column"
"756";"10/05/2026 00:00:00";"";"933.2820";"new column"
"757";"10/05/2026 00:00:00";"semi; ""quote""
Zażółć gęślą jaźń";"934.5165";"new column"
"758";"10/05/2026 00:00:00";"semi; ""quote""
Zażółć gęślą jaźń";"935.7510";"new column"
"759";"10/05/2026 00:00:00";"semi; ""quote""
Zażółć gęślą jaźń";"936.9855";"new column"
"760";"10/05/2026 00:00:00";"semi; ""quote""
Zażółć gęślą jaźń";"938.2200";"new column"
"761";"10/05/2026 00:00:00";"semi; ""quote""
Zażółć gęślą jaźń";"939.4545";"new column"
"762";"10/05/2026 00:00:00";"semi; ""quote""
Zażółć gęślą jaźń";"940.6890";"new column"
"763";"10/05/2026 00:00:00";"";"941.9235";"new column"
"764";"10/05/2026 00:00:00";"semi; ""quote""
Zażółć gęślą jaźń";"943.1580";"new column"
"765";"10/05/2026 00:00:00";"semi; ""quote""
Zażółć gęślą jaźń";"944.3925";"new column"
"766";"10/05/2026 00:00:00";"semi; ""quote""
Zażółć gęślą jaźń";"945.6270";"new column"
"767";"10/05/2026 00:00:00";"semi; ""quote""
Zażółć gęślą jaźń";"946.8615";"new column"
"768";"10/05/2026 00:00:00";"semi; ""quote""
Zażółć gęślą jaźń";"948.0960";"new column"
"769";"10/05/2026 00:00:00";"semi; ""quote""
Zażółć gęślą jaźń";"949.3305";"new column"
"770";"10/05/2026 00:00:00";"";"950.5650";"new column"
"771";"10/05/2026 00:00:00";"semi; ""quote""
Zażółć gęślą jaźń";"951.7995";"new column"
"772";"10/05/2026 00:00:00";"semi; ""quote""
Zażółć gęślą jaźń";"953.0340";"new column"
"773";"10/05/2026 00:00:00";"semi; ""quote""
Zażółć gęślą jaźń";"954.2685";"new column"
"774";"10/05/2026 00:00:00";"semi; ""quote""
Zażółć gęślą jaźń";"955.5030";"new column"
"775";"10/05/2026 00:00:00";"semi; ""quote""
Zażółć gęślą jaźń";"956.7375";"new column"
"776";"10/05/2026 00:00:00";"semi; ""quote""
Zażółć gęślą jaźń";"957.9720";"new column"
"777";"10/05/2026 00:00:00";"";"959.2065";"new column"
"778";"10/05/2026 00:00:00";"semi; ""quote""
Zażółć gęślą jaźń";"960.4410";"new column"
"779";"10/05/2026 00:00:00";"semi; ""quote""
Zażółć gęślą jaźń";"961.6755";"new column"
"780";"10/05/2026 00:00:00";"semi; ""quote""
Zażółć gęślą jaźń";"962.9100";"new column"
"781";"10/05/2026 00:00:00";"semi; ""quote""
Zażółć gęślą jaźń";"964.1445";"new column"
"782";"10/05/2026 00:00:00";"semi; ""quote""
Zażółć gęślą jaźń";"965.3790";"new column"
"783";"10/05/2026 00:00:00";"semi; ""quote""
Zażółć gęślą jaźń";"966.6135";"new column"
"784";"10/05/2026 00:00:00";"";"967.8480";"new column"
"785";"10/05/2026 00:00:00";"semi; ""quote""
Zażółć gęślą jaźń";"969.0825";"new column"
"786";"10/05/2026 00:00:00";"semi; ""quote""
Zażółć gęślą jaźń";"970.3170";"new column"
"787";"10/05/2026 00:00:00";"semi; ""quote""
Zażółć gęślą jaźń";"971.5515";"new column"
"788";"10/05/2026 00:00:00";"semi; ""quote""
Zażółć gęślą jaźń";"972.7860";"new column"
"789";"10/05/2026 00:00:00";"semi; ""quote""
Zażółć gęślą jaźń";"974.0205";"new column"
"790";"10/05/2026 00:00:00";"semi; ""quote""
Zażółć gęślą jaźń";"975.2550";"new column"
"791";"10/05/2026 00:00:00";"";"976.4895";"new column"
"792";"10/05/2026 00:00:00";"semi; ""quote""
Zażółć gęślą jaźń";"977.7240";"new column"
"793";"10/05/2026 00:00:00";"semi; ""quote""
Zażółć gęślą jaźń";"978.9585";"new column"
"794";"10/05/2026 00:00:00";"semi; ""quote""
Zażółć gęślą jaźń";"980.1930";"new column"
"795";"10/05/2026 00:00:00";"semi; ""quote""
Zażółć gęślą jaźń";"981.4275";"new column"
"796";"10/05/2026 00:00:00";"semi; ""quote""
Zażółć gęślą jaźń";"982.6620";"new column"
"797";"10/05/2026 00:00:00";"semi; ""quote""
Zażółć gęślą jaźń";"983.8965";"new column"
"798";"10/05/2026 00:00:00";"";"985.1310";"new column"
"799";"10/05/2026 00:00:00";"semi; ""quote""
Zażółć gęślą jaźń";"986.3655";"new column"
"800";"10/05/2026 00:00:00";"semi; ""quote""
Zażółć gęślą jaźń";"987.6000";"new column"
"801";"10/05/2026 00:00:00";"semi; ""quote""
Zażółć gęślą jaźń";"988.8345";"new column"
"802";"10/05/2026 00:00:00";"semi; ""quote""
Zażółć gęślą jaźń";"990.0690";"new column"
"803";"10/05/2026 00:00:00";"semi; ""quote""
Zażółć gęślą jaźń";"991.3035";"new column"
"804";"10/05/2026 00:00:00";"semi; ""quote""
Zażółć gęślą jaźń";"992.5380";"new column"
"805";"10/05/2026 00:00:00";"";"993.7725";"new column"
"806";"10/05/2026 00:00:00";"semi; ""quote""
Zażółć gęślą jaźń";"995.0070";"new column"
"807";"10/05/2026 00:00:00";"semi; ""quote""
Zażółć gęślą jaźń";"996.2415";"new column"
"808";"10/05/2026 00:00:00";"semi; ""quote""
Zażółć gęślą jaźń";"997.4760";"new column"
"809";"10/05/2026 00:00:00";"semi; ""quote""
Zażółć gęślą jaźń";"998.7105";"new column"
"810";"10/05/2026 00:00:00";"semi; ""quote""
Zażółć gęślą jaźń";"999.9450";"new column"
"811";"10/05/2026 00:00:00";"semi; ""quote""
Zażółć gęślą jaźń";"1001.1795";"new column"
"812";"10/05/2026 00:00:00";"";"1002.4140";"new column"
"813";"10/05/2026 00:00:00";"semi; ""quote""
Zażółć gęślą jaźń";"1003.6485";"new column"
"814";"10/05/2026 00:00:00";"semi; ""quote""
Zażółć gęślą jaźń";"1004.8830";"new column"
"815";"10/05/2026 00:00:00";"semi; ""quote""
Zażółć gęślą jaźń";"1006.1175";"new column"
"816";"10/05/2026 00:00:00";"semi; ""quote""
Zażółć gęślą jaźń";"1007.3520";"new column"
"817";"10/05/2026 00:00:00";"semi; ""quote""
Zażółć gęślą jaźń";"1008.5865";"new column"
"818";"10/05/2026 00:00:00";"semi; ""quote""
Zażółć gęślą jaźń";"1009.8210";"new column"
"819";"10/05/2026 00:00:00";"";"1011.0555";"new column"
"820";"10/05/2026 00:00:00";"semi; ""quote""
Zażółć gęślą jaźń";"1012.2900";"new column"
"821";"10/05/2026 00:00:00";"semi; ""quote""
Zażółć gęślą jaźń";"1013.5245";"new column"
"822";"10/05/2026 00:00:00";"semi; ""quote""
Zażółć gęślą jaźń";"1014.7590";"new column"
"823";"10/05/2026 00:00:00";"semi; ""quote""
Zażółć gęślą jaźń";"1015.9935";"new column"
"824";"10/05/2026 00:00:00";"semi; ""quote""
Zażółć gęślą jaźń";"1017.2280";"new column"
"825";"10/05/2026 00:00:00";"semi; ""quote""
Zażółć gęślą jaźń";"1018.4625";"new column"
"826";"10/05/2026 00:00:00";"";"1019.6970";"new column"
"827";"10/05/2026 00:00:00";"semi; ""quote""
Zażółć gęślą jaźń";"1020.9315";"new column"
"828";"10/05/2026 00:00:00";"semi; ""quote""
Zażółć gęślą jaźń";"1022.1660";"new column"
"829";"10/05/2026 00:00:00";"semi; ""quote""
Zażółć gęślą jaźń";"1023.4005";"new column"
"830";"10/05/2026 00:00:00";"semi; ""quote""
Zażółć gęślą jaźń";"1024.6350";"new column"
"831";"10/05/2026 00:00:00";"semi; ""quote""
Zażółć gęślą jaźń";"1025.8695";"new column"
"832";"10/05/2026 00:00:00";"semi; ""quote""
Zażółć gęślą jaźń";"1027.1040";"new column"
"833";"10/05/2026 00:00:00";"";"1028.3385";"new column"
"834";"10/05/2026 00:00:00";"semi; ""quote""
Zażółć gęślą jaźń";"1029.5730";"new column"
"835";"10/05/2026 00:00:00";"semi; ""quote""
Zażółć gęślą jaźń";"1030.8075";"new column"
"836";"10/05/2026 00:00:00";"semi; ""quote""
Zażółć gęślą jaźń";"1032.0420";"new column"
"837";"10/05/2026 00:00:00";"semi; ""quote""
Zażółć gęślą jaźń";"1033.2765";"new column"
"838";"10/05/2026 00:00:00";"semi; ""quote""
Zażółć gęślą jaźń";"1034.5110";"new column"
"839";"10/05/2026 00:00:00";"semi; ""quote""
Zażółć gęślą jaźń";"1035.7455";"new column"
"840";"10/05/2026 00:00:00";"";"1036.9800";"new column"
"841";"10/05/2026 00:00:00";"semi; ""quote""
Zażółć gęślą jaźń";"1038.2145";"new column"
"842";"10/05/2026 00:00:00";"semi; ""quote""
Zażółć gęślą jaźń";"1039.4490";"new column"
"843";"10/05/2026 00:00:00";"semi; ""quote""
Zażółć gęślą jaźń";"1040.6835";"new column"
"844";"10/05/2026 00:00:00";"semi; ""quote""
Zażółć gęślą jaźń";"1041.9180";"new column"
"845";"10/05/2026 00:00:00";"semi; ""quote""
Zażółć gęślą jaźń";"1043.1525";"new column"
"846";"10/05/2026 00:00:00";"semi; ""quote""
Zażółć gęślą jaźń";"1044.3870";"new column"
"847";"10/05/2026 00:00:00";"";"1045.6215";"new column"
"848";"10/05/2026 00:00:00";"semi; ""quote""
Zażółć gęślą jaźń";"1046.8560";"new column"
"849";"10/05/2026 00:00:00";"semi; ""quote""
Zażółć gęślą jaźń";"1048.0905";"new column"
"850";"10/05/2026 00:00:00";"semi; ""quote""
Zażółć gęślą jaźń";"1049.3250";"new column"
"851";"10/05/2026 00:00:00";"semi; ""quote""
Zażółć gęślą jaźń";"1050.5595";"new column"
"852";"10/05/2026 00:00:00";"semi; ""quote""
Zażółć gęślą jaźń";"1051.7940";"new column"
"853";"10/05/2026 00:00:00";"semi; ""quote""
Zażółć gęślą jaźń";"1053.0285";"new column"
"854";"10/05/2026 00:00:00";"";"1054.2630";"new column"
"855";"10/05/2026 00:00:00";"semi; ""quote""
Zażółć gęślą jaźń";"1055.4975";"new column"
"856";"10/05/2026 00:00:00";"semi; ""quote""
Zażółć gęślą jaźń";"1056.7320";"new column"
"857";"10/05/2026 00:00:00";"semi; ""quote""
Zażółć gęślą jaźń";"1057.9665";"new column"
"858";"10/05/2026 00:00:00";"semi; ""quote""
Zażółć gęślą jaźń";"1059.2010";"new column"
"859";"10/05/2026 00:00:00";"semi; ""quote""
Zażółć gęślą jaźń";"1060.4355";"new column"
"860";"10/05/2026 00:00:00";"semi; ""quote""
Zażółć gęślą jaźń";"1061.6700";"new column"
"861";"10/05/2026 00:00:00";"";"1062.9045";"new column"
"862";"10/05/2026 00:00:00";"semi; ""quote""
Zażółć gęślą jaźń";"1064.1390";"new column"
"863";"10/05/2026 00:00:00";"semi; ""quote""
Zażółć gęślą jaźń";"1065.3735";"new column"
"864";"10/05/2026 00:00:00";"semi; ""quote""
Zażółć gęślą jaźń";"1066.6080";"new column"
"865";"10/05/2026 00:00:00";"semi; ""quote""
Zażółć gęślą jaźń";"1067.8425";"new column"
"866";"10/05/2026 00:00:00";"semi; ""quote""
Zażółć gęślą jaźń";"1069.0770";"new column"
"867";"10/05/2026 00:00:00";"semi; ""quote""
Zażółć gęślą jaźń";"1070.3115";"new column"
"868";"10/05/2026 00:00:00";"";"1071.5460";"new column"
"869";"10/05/2026 00:00:00";"semi; ""quote""
Zażółć gęślą jaźń";"1072.7805";"new column"
"870";"10/05/2026 00:00:00";"semi; ""quote""
Zażółć gęślą jaźń";"1074.0150";"new column"
"871";"10/05/2026 00:00:00";"semi; ""quote""
Zażółć gęślą jaźń";"1075.2495";"new column"
"872";"10/05/2026 00:00:00";"semi; ""quote""
Zażółć gęślą jaźń";"1076.4840";"new column"
"873";"10/05/2026 00:00:00";"semi; ""quote""
Zażółć gęślą jaźń";"1077.7185";"new column"
"874";"10/05/2026 00:00:00";"semi; ""quote""
Zażółć gęślą jaźń";"1078.9530";"new column"
"875";"10/05/2026 00:00:00";"";"1080.1875";"new column"
"876";"10/05/2026 00:00:00";"semi; ""quote""
Zażółć gęślą jaźń";"1081.4220";"new column"
"877";"10/05/2026 00:00:00";"semi; ""quote""
Zażółć gęślą jaźń";"1082.6565";"new column"
"878";"10/05/2026 00:00:00";"semi; ""quote""
Zażółć gęślą jaźń";"1083.8910";"new column"
"879";"10/05/2026 00:00:00";"semi; ""quote""
Zażółć gęślą jaźń";"1085.1255";"new column"
"880";"10/05/2026 00:00:00";"semi; ""quote""
Zażółć gęślą jaźń";"1086.3600";"new column"
"881";"10/05/2026 00:00:00";"semi; ""quote""
Zażółć gęślą jaźń";"1087.5945";"new column"
"882";"10/05/2026 00:00:00";"";"1088.8290";"new column"
"883";"10/05/2026 00:00:00";"semi; ""quote""
Zażółć gęślą jaźń";"1090.0635";"new column"
"884";"10/05/2026 00:00:00";"semi; ""quote""
Zażółć gęślą jaźń";"1091.2980";"new column"
"885";"10/05/2026 00:00:00";"semi; ""quote""
Zażółć gęślą jaźń";"1092.5325";"new column"
"886";"10/05/2026 00:00:00";"semi; ""quote""
Zażółć gęślą jaźń";"1093.7670";"new column"
"887";"10/05/2026 00:00:00";"semi; ""quote""
Zażółć gęślą jaźń";"1095.0015";"new column"
"888";"10/05/2026 00:00:00";"semi; ""quote""
Zażółć gęślą jaźń";"1096.2360";"new column"
"889";"10/05/2026 00:00:00";"";"1097.4705";"new column"
"890";"10/05/2026 00:00:00";"semi; ""quote""
Zażółć gęślą jaźń";"1098.7050";"new column"
"891";"10/05/2026 00:00:00";"semi; ""quote""
Zażółć gęślą jaźń";"1099.9395";"new column"
"892";"10/05/2026 00:00:00";"semi; ""quote""
Zażółć gęślą jaźń";"1101.1740";"new column"
"893";"10/05/2026 00:00:00";"semi; ""quote""
Zażółć gęślą jaźń";"1102.4085";"new column"
"894";"10/05/2026 00:00:00";"semi; ""quote""
Zażółć gęślą jaźń";"1103.6430";"new column"
"895";"10/05/2026 00:00:00";"semi; ""quote""
Zażółć gęślą jaźń";"1104.8775";"new column"
"896";"10/05/2026 00:00:00";"";"1106.1120";"new column"
"897";"10/05/2026 00:00:00";"semi; ""quote""
Zażółć gęślą jaźń";"1107.3465";"new column"
"898";"10/05/2026 00:00:00";"semi; ""quote""
Zażółć gęślą jaźń";"1108.5810";"new column"
"899";"10/05/2026 00:00:00";"semi; ""quote""
Zażółć gęślą jaźń";"1109.8155";"new column"
"900";"10/05/2026 00:00:00";"semi; ""quote""
Zażółć gęślą jaźń";"1111.0500";"new column"
"901";"10/05/2026 00:00:00";"semi; ""quote""
Zażółć gęślą jaźń";"1112.2845";"new column"
"902";"10/05/2026 00:00:00";"semi; ""quote""
Zażółć gęślą jaźń";"1113.5190";"new column"
"903";"10/05/2026 00:00:00";"";"1114.7535";"new column"
"904";"10/05/2026 00:00:00";"semi; ""quote""
Zażółć gęślą jaźń";"1115.9880";"new column"
"905";"10/05/2026 00:00:00";"semi; ""quote""
Zażółć gęślą jaźń";"1117.2225";"new column"
"906";"10/05/2026 00:00:00";"semi; ""quote""
Zażółć gęślą jaźń";"1118.4570";"new column"
"907";"10/05/2026 00:00:00";"semi; ""quote""
Zażółć gęślą jaźń";"1119.6915";"new column"
"908";"10/05/2026 00:00:00";"semi; ""quote""
Zażółć gęślą jaźń";"1120.9260";"new column"
"909";"10/05/2026 00:00:00";"semi; ""quote""
Zażółć gęślą jaźń";"1122.1605";"new column"
"910";"10/05/2026 00:00:00";"";"1123.3950";"new column"
"911";"10/05/2026 00:00:00";"semi; ""quote""
Zażółć gęślą jaźń";"1124.6295";"new column"
"912";"10/05/2026 00:00:00";"semi; ""quote""
Zażółć gęślą jaźń";"1125.8640";"new column"
"913";"10/05/2026 00:00:00";"semi; ""quote""
Zażółć gęślą jaźń";"1127.0985";"new column"
"914";"10/05/2026 00:00:00";"semi; ""quote""
Zażółć gęślą jaźń";"1128.3330";"new column"
"915";"10/05/2026 00:00:00";"semi; ""quote""
Zażółć gęślą jaźń";"1129.5675";"new column"
"916";"10/05/2026 00:00:00";"semi; ""quote""
Zażółć gęślą jaźń";"1130.8020";"new column"
"917";"10/05/2026 00:00:00";"";"1132.0365";"new column"
"918";"10/05/2026 00:00:00";"semi; ""quote""
Zażółć gęślą jaźń";"1133.2710";"new column"
"919";"10/05/2026 00:00:00";"semi; ""quote""
Zażółć gęślą jaźń";"1134.5055";"new column"
"920";"10/05/2026 00:00:00";"semi; ""quote""
Zażółć gęślą jaźń";"1135.7400";"new column"
"921";"10/05/2026 00:00:00";"semi; ""quote""
Zażółć gęślą jaźń";"1136.9745";"new column"
"922";"10/05/2026 00:00:00";"semi; ""quote""
Zażółć gęślą jaźń";"1138.2090";"new column"
"923";"10/05/2026 00:00:00";"semi; ""quote""
Zażółć gęślą jaźń";"1139.4435";"new column"
"924";"10/05/2026 00:00:00";"";"1140.6780";"new column"
"925";"10/05/2026 00:00:00";"semi; ""quote""
Zażółć gęślą jaźń";"1141.9125";"new column"
"926";"10/05/2026 00:00:00";"semi; ""quote""
Zażółć gęślą jaźń";"1143.1470";"new column"
"927";"10/05/2026 00:00:00";"semi; ""quote""
Zażółć gęślą jaźń";"1144.3815";"new column"
"928";"10/05/2026 00:00:00";"semi; ""quote""
Zażółć gęślą jaźń";"1145.6160";"new column"
"929";"10/05/2026 00:00:00";"semi; ""quote""
Zażółć gęślą jaźń";"1146.8505";"new column"
"930";"10/05/2026 00:00:00";"semi; ""quote""
Zażółć gęślą jaźń";"1148.0850";"new column"
"931";"10/05/2026 00:00:00";"";"1149.3195";"new column"
"932";"10/05/2026 00:00:00";"semi; ""quote""
Zażółć gęślą jaźń";"1150.5540";"new column"
"933";"10/05/2026 00:00:00";"semi; ""quote""
Zażółć gęślą jaźń";"1151.7885";"new column"
"934";"10/05/2026 00:00:00";"semi; ""quote""
Zażółć gęślą jaźń";"1153.0230";"new column"
"935";"10/05/2026 00:00:00";"semi; ""quote""
Zażółć gęślą jaźń";"1154.2575";"new column"
"936";"10/05/2026 00:00:00";"semi; ""quote""
Zażółć gęślą jaźń";"1155.4920";"new column"
"937";"10/05/2026 00:00:00";"semi; ""quote""
Zażółć gęślą jaźń";"1156.7265";"new column"
"938";"10/05/2026 00:00:00";"";"1157.9610";"new column"
"939";"10/05/2026 00:00:00";"semi; ""quote""
Zażółć gęślą jaźń";"1159.1955";"new column"
"940";"10/05/2026 00:00:00";"semi; ""quote""
Zażółć gęślą jaźń";"1160.4300";"new column"
"941";"10/05/2026 00:00:00";"semi; ""quote""
Zażółć gęślą jaźń";"1161.6645";"new column"
"942";"10/05/2026 00:00:00";"semi; ""quote""
Zażółć gęślą jaźń";"1162.8990";"new column"
"943";"10/05/2026 00:00:00";"semi; ""quote""
Zażółć gęślą jaźń";"1164.1335";"new column"
"944";"10/05/2026 00:00:00";"semi; ""quote""
Zażółć gęślą jaźń";"1165.3680";"new column"
"945";"10/05/2026 00:00:00";"";"1166.6025";"new column"
"946";"10/05/2026 00:00:00";"semi; ""quote""
Zażółć gęślą jaźń";"1167.8370";"new column"
"947";"10/05/2026 00:00:00";"semi; ""quote""
Zażółć gęślą jaźń";"1169.0715";"new column"
"948";"10/05/2026 00:00:00";"semi; ""quote""
Zażółć gęślą jaźń";"1170.3060";"new column"
"949";"10/05/2026 00:00:00";"semi; ""quote""
Zażółć gęślą jaźń";"1171.5405";"new column"
"950";"10/05/2026 00:00:00";"semi; ""quote""
Zażółć gęślą jaźń";"1172.7750";"new column"
"951";"10/05/2026 00:00:00";"semi; ""quote""
Zażółć gęślą jaźń";"1174.0095";"new column"
"952";"10/05/2026 00:00:00";"";"1175.2440";"new column"
"953";"10/05/2026 00:00:00";"semi; ""quote""
Zażółć gęślą jaźń";"1176.4785";"new column"
"954";"10/05/2026 00:00:00";"semi; ""quote""
Zażółć gęślą jaźń";"1177.7130";"new column"
"955";"10/05/2026 00:00:00";"semi; ""quote""
Zażółć gęślą jaźń";"1178.9475";"new column"
"956";"10/05/2026 00:00:00";"semi; ""quote""
Zażółć gęślą jaźń";"1180.1820";"new column"
"957";"10/05/2026 00:00:00";"semi; ""quote""
Zażółć gęślą jaźń";"1181.4165";"new column"
"958";"10/05/2026 00:00:00";"semi; ""quote""
Zażółć gęślą jaźń";"1182.6510";"new column"
"959";"10/05/2026 00:00:00";"";"1183.8855";"new column"
"960";"10/05/2026 00:00:00";"semi; ""quote""
Zażółć gęślą jaźń";"1185.1200";"new column"
"961";"10/05/2026 00:00:00";"semi; ""quote""
Zażółć gęślą jaźń";"1186.3545";"new column"
"962";"10/05/2026 00:00:00";"semi; ""quote""
Zażółć gęślą jaźń";"1187.5890";"new column"
"963";"10/05/2026 00:00:00";"semi; ""quote""
Zażółć gęślą jaźń";"1188.8235";"new column"
"964";"10/05/2026 00:00:00";"semi; ""quote""
Zażółć gęślą jaźń";"1190.0580";"new column"
"965";"10/05/2026 00:00:00";"semi; ""quote""
Zażółć gęślą jaźń";"1191.2925";"new column"
"966";"10/05/2026 00:00:00";"";"1192.5270";"new column"
"967";"10/05/2026 00:00:00";"semi; ""quote""
Zażółć gęślą jaźń";"1193.7615";"new column"
"968";"10/05/2026 00:00:00";"semi; ""quote""
Zażółć gęślą jaźń";"1194.9960";"new column"
"969";"10/05/2026 00:00:00";"semi; ""quote""
Zażółć gęślą jaźń";"1196.2305";"new column"
"970";"10/05/2026 00:00:00";"semi; ""quote""
Zażółć gęślą jaźń";"1197.4650";"new column"
"971";"10/05/2026 00:00:00";"semi; ""quote""
Zażółć gęślą jaźń";"1198.6995";"new column"
"972";"10/05/2026 00:00:00";"semi; ""quote""
Zażółć gęślą jaźń";"1199.9340";"new column"
"973";"10/05/2026 00:00:00";"";"1201.1685";"new column"
"974";"10/05/2026 00:00:00";"semi; ""quote""
Zażółć gęślą jaźń";"1202.4030";"new column"
"975";"10/05/2026 00:00:00";"semi; ""quote""
Zażółć gęślą jaźń";"1203.6375";"new column"
"976";"10/05/2026 00:00:00";"semi; ""quote""
Zażółć gęślą jaźń";"1204.8720";"new column"
"977";"10/05/2026 00:00:00";"semi; ""quote""
Zażółć gęślą jaźń";"1206.1065";"new column"
"978";"10/05/2026 00:00:00";"semi; ""quote""
Zażółć gęślą jaźń";"1207.3410";"new column"
"979";"10/05/2026 00:00:00";"semi; ""quote""
Zażółć gęślą jaźń";"1208.5755";"new column"
"980";"10/05/2026 00:00:00";"";"1209.8100";"new column"
"981";"10/05/2026 00:00:00";"semi; ""quote""
Zażółć gęślą jaźń";"1211.0445";"new column"
"982";"10/05/2026 00:00:00";"semi; ""quote""
Zażółć gęślą jaźń";"1212.2790";"new column"
"983";"10/05/2026 00:00:00";"semi; ""quote""
Zażółć gęślą jaźń";"1213.5135";"new column"
"984";"10/05/2026 00:00:00";"semi; ""quote""
Zażółć gęślą jaźń";"1214.7480";"new column"
"985";"10/05/2026 00:00:00";"semi; ""quote""
Zażółć gęślą jaźń";"1215.9825";"new column"
"986";"10/05/2026 00:00:00";"semi; ""quote""
Zażółć gęślą jaźń";"1217.2170";"new column"
"987";"10/05/2026 00:00:00";"";"1218.4515";"new column"
"988";"10/05/2026 00:00:00";"semi; ""quote""
Zażółć gęślą jaźń";"1219.6860";"new column"
"989";"10/05/2026 00:00:00";"semi; ""quote""
Zażółć gęślą jaźń";"1220.9205";"new column"
"990";"10/05/2026 00:00:00";"semi; ""quote""
Zażółć gęślą jaźń";"1222.1550";"new column"
"991";"10/05/2026 00:00:00";"semi; ""quote""
Zażółć gęślą jaźń";"1223.3895";"new column"
"992";"10/05/2026 00:00:00";"semi; ""quote""
Zażółć gęślą jaźń";"1224.6240";"new column"
"993";"10/05/2026 00:00:00";"semi; ""quote""
Zażółć gęślą jaźń";"1225.8585";"new column"
"994";"10/05/2026 00:00:00";"";"1227.0930";"new column"
"995";"10/05/2026 00:00:00";"semi; ""quote""
Zażółć gęślą jaźń";"1228.3275";"new column"
"996";"10/05/2026 00:00:00";"semi; ""quote""
Zażółć gęślą jaźń";"1229.5620";"new column"
"997";"10/05/2026 00:00:00";"semi; ""quote""
Zażółć gęślą jaźń";"1230.7965";"new column"
"998";"10/05/2026 00:00:00";"semi; ""quote""
Zażółć gęślą jaźń";"1232.0310";"new column"
"999";"10/05/2026 00:00:00";"semi; ""quote""
Zażółć gęślą jaźń";"1233.2655";"new column"
"1000";"10/05/2026 00:00:00";"semi; ""quote""
Zażółć gęślą jaźń";"1234.5000";"new column"
"1001";"10/05/2026 00:00:00";"";"1235.7345";"new column"
"1002";"10/05/2026 00:00:00";"semi; ""quote""
Zażółć gęślą jaźń";"1236.9690";"new column"
"1003";"10/05/2026 00:00:00";"semi; ""quote""
Zażółć gęślą jaźń";"1238.2035";"new column"
"1004";"10/05/2026 00:00:00";"semi; ""quote""
Zażółć gęślą jaźń";"1239.4380";"new column"
"1005";"10/05/2026 00:00:00";"semi; ""quote""
Zażółć gęślą jaźń";"1240.6725";"new column"
"1006";"10/05/2026 00:00:00";"semi; ""quote""
Zażółć gęślą jaźń";"1241.9070";"new column"
"1007";"10/05/2026 00:00:00";"semi; ""quote""
Zażółć gęślą jaźń";"1243.1415";"new column"
"1008";"10/05/2026 00:00:00";"";"1244.3760";"new column"
"1009";"10/05/2026 00:00:00";"semi; ""quote""
Zażółć gęślą jaźń";"1245.6105";"new column"
"1010";"10/05/2026 00:00:00";"semi; ""quote""
Zażółć gęślą jaźń";"1246.8450";"new column"
"1011";"10/05/2026 00:00:00";"semi; ""quote""
Zażółć gęślą jaźń";"1248.0795";"new column"
"1012";"10/05/2026 00:00:00";"semi; ""quote""
Zażółć gęślą jaźń";"1249.3140";"new column"
"1013";"10/05/2026 00:00:00";"semi; ""quote""
Zażółć gęślą jaźń";"1250.5485";"new column"
"1014";"10/05/2026 00:00:00";"semi; ""quote""
Zażółć gęślą jaźń";"1251.7830";"new column"
"1015";"10/05/2026 00:00:00";"";"1253.0175";"new column"
"1016";"10/05/2026 00:00:00";"semi; ""quote""
Zażółć gęślą jaźń";"1254.2520";"new column"
"1017";"10/05/2026 00:00:00";"semi; ""quote""
Zażółć gęślą jaźń";"1255.4865";"new column"
"1018";"10/05/2026 00:00:00";"semi; ""quote""
Zażółć gęślą jaźń";"1256.7210";"new column"
"1019";"10/05/2026 00:00:00";"semi; ""quote""
Zażółć gęślą jaźń";"1257.9555";"new column"
"1020";"10/05/2026 00:00:00";"semi; ""quote""
Zażółć gęślą jaźń";"1259.1900";"new column"
"1021";"10/05/2026 00:00:00";"semi; ""quote""
Zażółć gęślą jaźń";"1260.4245";"new column"
"1022";"10/05/2026 00:00:00";"";"1261.6590";"new column"
"1023";"10/05/2026 00:00:00";"semi; ""quote""
Zażółć gęślą jaźń";"1262.8935";"new column"
"1024";"10/05/2026 00:00:00";"semi; ""quote""
Zażółć gęślą jaźń";"1264.1280";"new column"
"1025";"10/05/2026 00:00:00";"semi; ""quote""
Zażółć gęślą jaźń";"1265.3625";"new column"
"1026";"10/05/2026 00:00:00";"semi; ""quote""
Zażółć gęślą jaźń";"1266.5970";"new column"
"1027";"10/05/2026 00:00:00";"semi; ""quote""
Zażółć gęślą jaźń";"1267.8315";"new column"
"1028";"10/05/2026 00:00:00";"semi; ""quote""
Zażółć gęślą jaźń";"1269.0660";"new column"
"1029";"10/05/2026 00:00:00";"";"1270.3005";"new column"
"1030";"10/05/2026 00:00:00";"semi; ""quote""
Zażółć gęślą jaźń";"1271.5350";"new column"
"1031";"10/05/2026 00:00:00";"semi; ""quote""
Zażółć gęślą jaźń";"1272.7695";"new column"
"1032";"10/05/2026 00:00:00";"semi; ""quote""
Zażółć gęślą jaźń";"1274.0040";"new column"
"1033";"10/05/2026 00:00:00";"semi; ""quote""
Zażółć gęślą jaźń";"1275.2385";"new column"
"1034";"10/05/2026 00:00:00";"semi; ""quote""
Zażółć gęślą jaźń";"1276.4730";"new column"
"1035";"10/05/2026 00:00:00";"semi; ""quote""
Zażółć gęślą jaźń";"1277.7075";"new column"
"1036";"10/05/2026 00:00:00";"";"1278.9420";"new column"
"1037";"10/05/2026 00:00:00";"semi; ""quote""
Zażółć gęślą jaźń";"1280.1765";"new column"
"1038";"10/05/2026 00:00:00";"semi; ""quote""
Zażółć gęślą jaźń";"1281.4110";"new column"
"1039";"10/05/2026 00:00:00";"semi; ""quote""
Zażółć gęślą jaźń";"1282.6455";"new column"
"1040";"10/05/2026 00:00:00";"semi; ""quote""
Zażółć gęślą jaźń";"1283.8800";"new column"
"1041";"10/05/2026 00:00:00";"semi; ""quote""
Zażółć gęślą jaźń";"1285.1145";"new column"
"1042";"10/05/2026 00:00:00";"semi; ""quote""
Zażółć gęślą jaźń";"1286.3490";"new column"
"1043";"10/05/2026 00:00:00";"";"1287.5835";"new column"
"1044";"10/05/2026 00:00:00";"semi; ""quote""
Zażółć gęślą jaźń";"1288.8180";"new column"
"1045";"10/05/2026 00:00:00";"semi; ""quote""
Zażółć gęślą jaźń";"1290.0525";"new column"
"1046";"10/05/2026 00:00:00";"semi; ""quote""
Zażółć gęślą jaźń";"1291.2870";"new column"
"1047";"10/05/2026 00:00:00";"semi; ""quote""
Zażółć gęślą jaźń";"1292.5215";"new column"
"1048";"10/05/2026 00:00:00";"semi; ""quote""
Zażółć gęślą jaźń";"1293.7560";"new column"
"1049";"10/05/2026 00:00:00";"semi; ""quote""
Zażółć gęślą jaźń";"1294.9905";"new column"
"1050";"10/05/2026 00:00:00";"";"1296.2250";"new column"
"1051";"10/05/2026 00:00:00";"semi; ""quote""
Zażółć gęślą jaźń";"1297.4595";"new column"
"1052";"10/05/2026 00:00:00";"semi; ""quote""
Zażółć gęślą jaźń";"1298.6940";"new column"
"1053";"10/05/2026 00:00:00";"semi; ""quote""
Zażółć gęślą jaźń";"1299.9285";"new column"
"1054";"10/05/2026 00:00:00";"semi; ""quote""
Zażółć gęślą jaźń";"1301.1630";"new column"
"1055";"10/05/2026 00:00:00";"semi; ""quote""
Zażółć gęślą jaźń";"1302.3975";"new column"
"1056";"10/05/2026 00:00:00";"semi; ""quote""
Zażółć gęślą jaźń";"1303.6320";"new column"
"1057";"10/05/2026 00:00:00";"";"1304.8665";"new column"
"1058";"10/05/2026 00:00:00";"semi; ""quote""
Zażółć gęślą jaźń";"1306.1010";"new column"
"1059";"10/05/2026 00:00:00";"semi; ""quote""
Zażółć gęślą jaźń";"1307.3355";"new column"
"1060";"10/05/2026 00:00:00";"semi; ""quote""
Zażółć gęślą jaźń";"1308.5700";"new column"
"1061";"10/05/2026 00:00:00";"semi; ""quote""
Zażółć gęślą jaźń";"1309.8045";"new column"
"1062";"10/05/2026 00:00:00";"semi; ""quote""
Zażółć gęślą jaźń";"1311.0390";"new column"
"1063";"10/05/2026 00:00:00";"semi; ""quote""
Zażółć gęślą jaźń";"1312.2735";"new column"
"1064";"10/05/2026 00:00:00";"";"1313.5080";"new column"
"1065";"10/05/2026 00:00:00";"semi; ""quote""
Zażółć gęślą jaźń";"1314.7425";"new column"
"1066";"10/05/2026 00:00:00";"semi; ""quote""
Zażółć gęślą jaźń";"1315.9770";"new column"
"1067";"10/05/2026 00:00:00";"semi; ""quote""
Zażółć gęślą jaźń";"1317.2115";"new column"
"1068";"10/05/2026 00:00:00";"semi; ""quote""
Zażółć gęślą jaźń";"1318.4460";"new column"
"1069";"10/05/2026 00:00:00";"semi; ""quote""
Zażółć gęślą jaźń";"1319.6805";"new column"
"1070";"10/05/2026 00:00:00";"semi; ""quote""
Zażółć gęślą jaźń";"1320.9150";"new column"
"1071";"10/05/2026 00:00:00";"";"1322.1495";"new column"
"1072";"10/05/2026 00:00:00";"semi; ""quote""
Zażółć gęślą jaźń";"1323.3840";"new column"
"1073";"10/05/2026 00:00:00";"semi; ""quote""
Zażółć gęślą jaźń";"1324.6185";"new column"
"1074";"10/05/2026 00:00:00";"semi; ""quote""
Zażółć gęślą jaźń";"1325.8530";"new column"
"1075";"10/05/2026 00:00:00";"semi; ""quote""
Zażółć gęślą jaźń";"1327.0875";"new column"
"1076";"10/05/2026 00:00:00";"semi; ""quote""
Zażółć gęślą jaźń";"1328.3220";"new column"
"1077";"10/05/2026 00:00:00";"semi; ""quote""
Zażółć gęślą jaźń";"1329.5565";"new column"
"1078";"10/05/2026 00:00:00";"";"1330.7910";"new column"
"1079";"10/05/2026 00:00:00";"semi; ""quote""
Zażółć gęślą jaźń";"1332.0255";"new column"
"1080";"10/05/2026 00:00:00";"semi; ""quote""
Zażółć gęślą jaźń";"1333.2600";"new column"
"1081";"10/05/2026 00:00:00";"semi; ""quote""
Zażółć gęślą jaźń";"1334.4945";"new column"
"1082";"10/05/2026 00:00:00";"semi; ""quote""
Zażółć gęślą jaźń";"1335.7290";"new column"
"1083";"10/05/2026 00:00:00";"semi; ""quote""
Zażółć gęślą jaźń";"1336.9635";"new column"
"1084";"10/05/2026 00:00:00";"semi; ""quote""
Zażółć gęślą jaźń";"1338.1980";"new column"
"1085";"10/05/2026 00:00:00";"";"1339.4325";"new column"
"1086";"10/05/2026 00:00:00";"semi; ""quote""
Zażółć gęślą jaźń";"1340.6670";"new column"
"1087";"10/05/2026 00:00:00";"semi; ""quote""
Zażółć gęślą jaźń";"1341.9015";"new column"
"1088";"10/05/2026 00:00:00";"semi; ""quote""
Zażółć gęślą jaźń";"1343.1360";"new column"
"1089";"10/05/2026 00:00:00";"semi; ""quote""
Zażółć gęślą jaźń";"1344.3705";"new column"
"1090";"10/05/2026 00:00:00";"semi; ""quote""
Zażółć gęślą jaźń";"1345.6050";"new column"
"1091";"10/05/2026 00:00:00";"semi; ""quote""
Zażółć gęślą jaźń";"1346.8395";"new column"
"1092";"10/05/2026 00:00:00";"";"1348.0740";"new column"
"1093";"10/05/2026 00:00:00";"semi; ""quote""
Zażółć gęślą jaźń";"1349.3085";"new column"
"1094";"10/05/2026 00:00:00";"semi; ""quote""
Zażółć gęślą jaźń";"1350.5430";"new column"
"1095";"10/05/2026 00:00:00";"semi; ""quote""
Zażółć gęślą jaźń";"1351.7775";"new column"
"1096";"10/05/2026 00:00:00";"semi; ""quote""
Zażółć gęślą jaźń";"1353.0120";"new column"
"1097";"10/05/2026 00:00:00";"semi; ""quote""
Zażółć gęślą jaźń";"1354.2465";"new column"
"1098";"10/05/2026 00:00:00";"semi; ""quote""
Zażółć gęślą jaźń";"1355.4810";"new column"
"1099";"10/05/2026 00:00:00";"";"1356.7155";"new column"
"1100";"10/05/2026 00:00:00";"semi; ""quote""
Zażółć gęślą jaźń";"1357.9500";"new column"
"1101";"10/05/2026 00:00:00";"semi; ""quote""
Zażółć gęślą jaźń";"1359.1845";"new column"
"1102";"10/05/2026 00:00:00";"semi; ""quote""
Zażółć gęślą jaźń";"1360.4190";"new column"
"1103";"10/05/2026 00:00:00";"semi; ""quote""
Zażółć gęślą jaźń";"1361.6535";"new column"
"1104";"10/05/2026 00:00:00";"semi; ""quote""
Zażółć gęślą jaźń";"1362.8880";"new column"
"1105";"10/05/2026 00:00:00";"semi; ""quote""
Zażółć gęślą jaźń";"1364.1225";"new column"
"1106";"10/05/2026 00:00:00";"";"1365.3570";"new column"
"1107";"10/05/2026 00:00:00";"semi; ""quote""
Zażółć gęślą jaźń";"1366.5915";"new column"
"1108";"10/05/2026 00:00:00";"semi; ""quote""
Zażółć gęślą jaźń";"1367.8260";"new column"
"1109";"10/05/2026 00:00:00";"semi; ""quote""
Zażółć gęślą jaźń";"1369.0605";"new column"
"1110";"10/05/2026 00:00:00";"semi; ""quote""
Zażółć gęślą jaźń";"1370.2950";"new column"
"1111";"10/05/2026 00:00:00";"semi; ""quote""
Zażółć gęślą jaźń";"1371.5295";"new column"
"1112";"10/05/2026 00:00:00";"semi; ""quote""
Zażółć gęślą jaźń";"1372.7640";"new column"
"1113";"10/05/2026 00:00:00";"";"1373.9985";"new column"
"1114";"10/05/2026 00:00:00";"semi; ""quote""
Zażółć gęślą jaźń";"1375.2330";"new column"
"1115";"10/05/2026 00:00:00";"semi; ""quote""
Zażółć gęślą jaźń";"1376.4675";"new column"
"1116";"10/05/2026 00:00:00";"semi; ""quote""
Zażółć gęślą jaźń";"1377.7020";"new column"
"1117";"10/05/2026 00:00:00";"semi; ""quote""
Zażółć gęślą jaźń";"1378.9365";"new column"
"1118";"10/05/2026 00:00:00";"semi; ""quote""
Zażółć gęślą jaźń";"1380.1710";"new column"
"1119";"10/05/2026 00:00:00";"semi; ""quote""
Zażółć gęślą jaźń";"1381.4055";"new column"
"1120";"10/05/2026 00:00:00";"";"1382.6400";"new column"
"1121";"10/05/2026 00:00:00";"semi; ""quote""
Zażółć gęślą jaźń";"1383.8745";"new column"
"1122";"10/05/2026 00:00:00";"semi; ""quote""
Zażółć gęślą jaźń";"1385.1090";"new column"
"1123";"10/05/2026 00:00:00";"semi; ""quote""
Zażółć gęślą jaźń";"1386.3435";"new column"
"1124";"10/05/2026 00:00:00";"semi; ""quote""
Zażółć gęślą jaźń";"1387.5780";"new column"
"1125";"10/05/2026 00:00:00";"semi; ""quote""
Zażółć gęślą jaźń";"1388.8125";"new column"
"1126";"10/05/2026 00:00:00";"semi; ""quote""
Zażółć gęślą jaźń";"1390.0470";"new column"
"1127";"10/05/2026 00:00:00";"";"1391.2815";"new column"
"1128";"10/05/2026 00:00:00";"semi; ""quote""
Zażółć gęślą jaźń";"1392.5160";"new column"
"1129";"10/05/2026 00:00:00";"semi; ""quote""
Zażółć gęślą jaźń";"1393.7505";"new column"
"1130";"10/05/2026 00:00:00";"semi; ""quote""
Zażółć gęślą jaźń";"1394.9850";"new column"
"1131";"10/05/2026 00:00:00";"semi; ""quote""
Zażółć gęślą jaźń";"1396.2195";"new column"
"1132";"10/05/2026 00:00:00";"semi; ""quote""
Zażółć gęślą jaźń";"1397.4540";"new column"
"1133";"10/05/2026 00:00:00";"semi; ""quote""
Zażółć gęślą jaźń";"1398.6885";"new column"
"1134";"10/05/2026 00:00:00";"";"1399.9230";"new column"
"1135";"10/05/2026 00:00:00";"semi; ""quote""
Zażółć gęślą jaźń";"1401.1575";"new column"
"1136";"10/05/2026 00:00:00";"semi; ""quote""
Zażółć gęślą jaźń";"1402.3920";"new column"
"1137";"10/05/2026 00:00:00";"semi; ""quote""
Zażółć gęślą jaźń";"1403.6265";"new column"
"1138";"10/05/2026 00:00:00";"semi; ""quote""
Zażółć gęślą jaźń";"1404.8610";"new column"
"1139";"10/05/2026 00:00:00";"semi; ""quote""
Zażółć gęślą jaźń";"1406.0955";"new column"
"1140";"10/05/2026 00:00:00";"semi; ""quote""
Zażółć gęślą jaźń";"1407.3300";"new column"
"1141";"10/05/2026 00:00:00";"";"1408.5645";"new column"
"1142";"10/05/2026 00:00:00";"semi; ""quote""
Zażółć gęślą jaźń";"1409.7990";"new column"
"1143";"10/05/2026 00:00:00";"semi; ""quote""
Zażółć gęślą jaźń";"1411.0335";"new column"
"1144";"10/05/2026 00:00:00";"semi; ""quote""
Zażółć gęślą jaźń";"1412.2680";"new column"
"1145";"10/05/2026 00:00:00";"semi; ""quote""
Zażółć gęślą jaźń";"1413.5025";"new column"
"1146";"10/05/2026 00:00:00";"semi; ""quote""
Zażółć gęślą jaźń";"1414.7370";"new column"
"1147";"10/05/2026 00:00:00";"semi; ""quote""
Zażółć gęślą jaźń";"1415.9715";"new column"
"1148";"10/05/2026 00:00:00";"";"1417.2060";"new column"
"1149";"10/05/2026 00:00:00";"semi; ""quote""
Zażółć gęślą jaźń";"1418.4405";"new column"
"1150";"10/05/2026 00:00:00";"semi; ""quote""
Zażółć gęślą jaźń";"1419.6750";"new column"
"1151";"10/05/2026 00:00:00";"semi; ""quote""
Zażółć gęślą jaźń";"1420.9095";"new column"
"1152";"10/05/2026 00:00:00";"semi; ""quote""
Zażółć gęślą jaźń";"1422.1440";"new column"
"1153";"10/05/2026 00:00:00";"semi; ""quote""
Zażółć gęślą jaźń";"1423.3785";"new column"
"1154";"10/05/2026 00:00:00";"semi; ""quote""
Zażółć gęślą jaźń";"1424.6130";"new column"
"1155";"10/05/2026 00:00:00";"";"1425.8475";"new column"
"1156";"10/05/2026 00:00:00";"semi; ""quote""
Zażółć gęślą jaźń";"1427.0820";"new column"
"1157";"10/05/2026 00:00:00";"semi; ""quote""
Zażółć gęślą jaźń";"1428.3165";"new column"
"1158";"10/05/2026 00:00:00";"semi; ""quote""
Zażółć gęślą jaźń";"1429.5510";"new column"
"1159";"10/05/2026 00:00:00";"semi; ""quote""
Zażółć gęślą jaźń";"1430.7855";"new column"
"1160";"10/05/2026 00:00:00";"semi; ""quote""
Zażółć gęślą jaźń";"1432.0200";"new column"
"1161";"10/05/2026 00:00:00";"semi; ""quote""
Zażółć gęślą jaźń";"1433.2545";"new column"
"1162";"10/05/2026 00:00:00";"";"1434.4890";"new column"
"1163";"10/05/2026 00:00:00";"semi; ""quote""
Zażółć gęślą jaźń";"1435.7235";"new column"
"1164";"10/05/2026 00:00:00";"semi; ""quote""
Zażółć gęślą jaźń";"1436.9580";"new column"
"1165";"10/05/2026 00:00:00";"semi; ""quote""
Zażółć gęślą jaźń";"1438.1925";"new column"
"1166";"10/05/2026 00:00:00";"semi; ""quote""
Zażółć gęślą jaźń";"1439.4270";"new column"
"1167";"10/05/2026 00:00:00";"semi; ""quote""
Zażółć gęślą jaźń";"1440.6615";"new column"
"1168";"10/05/2026 00:00:00";"semi; ""quote""
Zażółć gęślą jaźń";"1441.8960";"new column"
"1169";"10/05/2026 00:00:00";"";"1443.1305";"new column"
"1170";"10/05/2026 00:00:00";"semi; ""quote""
Zażółć gęślą jaźń";"1444.3650";"new column"
"1171";"10/05/2026 00:00:00";"semi; ""quote""
Zażółć gęślą jaźń";"1445.5995";"new column"
"1172";"10/05/2026 00:00:00";"semi; ""quote""
Zażółć gęślą jaźń";"1446.8340";"new column"
"1173";"10/05/2026 00:00:00";"semi; ""quote""
Zażółć gęślą jaźń";"1448.0685";"new column"
"1174";"10/05/2026 00:00:00";"semi; ""quote""
Zażółć gęślą jaźń";"1449.3030";"new column"
"1175";"10/05/2026 00:00:00";"semi; ""quote""
Zażółć gęślą jaźń";"1450.5375";"new column"
"1176";"10/05/2026 00:00:00";"";"1451.7720";"new column"
"1177";"10/05/2026 00:00:00";"semi; ""quote""
Zażółć gęślą jaźń";"1453.0065";"new column"
"1178";"10/05/2026 00:00:00";"semi; ""quote""
Zażółć gęślą jaźń";"1454.2410";"new column"
"1179";"10/05/2026 00:00:00";"semi; ""quote""
Zażółć gęślą jaźń";"1455.4755";"new column"
"1180";"10/05/2026 00:00:00";"semi; ""quote""
Zażółć gęślą jaźń";"1456.7100";"new column"
"1181";"10/05/2026 00:00:00";"semi; ""quote""
Zażółć gęślą jaźń";"1457.9445";"new column"
"1182";"10/05/2026 00:00:00";"semi; ""quote""
Zażółć gęślą jaźń";"1459.1790";"new column"
"1183";"10/05/2026 00:00:00";"";"1460.4135";"new column"
"1184";"10/05/2026 00:00:00";"semi; ""quote""
Zażółć gęślą jaźń";"1461.6480";"new column"
"1185";"10/05/2026 00:00:00";"semi; ""quote""
Zażółć gęślą jaźń";"1462.8825";"new column"
"1186";"10/05/2026 00:00:00";"semi; ""quote""
Zażółć gęślą jaźń";"1464.1170";"new column"
"1187";"10/05/2026 00:00:00";"semi; ""quote""
Zażółć gęślą jaźń";"1465.3515";"new column"
"1188";"10/05/2026 00:00:00";"semi; ""quote""
Zażółć gęślą jaźń";"1466.5860";"new column"
"1189";"10/05/2026 00:00:00";"semi; ""quote""
Zażółć gęślą jaźń";"1467.8205";"new column"
"1190";"10/05/2026 00:00:00";"";"1469.0550";"new column"
"1191";"10/05/2026 00:00:00";"semi; ""quote""
Zażółć gęślą jaźń";"1470.2895";"new column"
"1192";"10/05/2026 00:00:00";"semi; ""quote""
Zażółć gęślą jaźń";"1471.5240";"new column"
"1193";"10/05/2026 00:00:00";"semi; ""quote""
Zażółć gęślą jaźń";"1472.7585";"new column"
"1194";"10/05/2026 00:00:00";"semi; ""quote""
Zażółć gęślą jaźń";"1473.9930";"new column"
"1195";"10/05/2026 00:00:00";"semi; ""quote""
Zażółć gęślą jaźń";"1475.2275";"new column"
"1196";"10/05/2026 00:00:00";"semi; ""quote""
Zażółć gęślą jaźń";"1476.4620";"new column"
"1197";"10/05/2026 00:00:00";"";"1477.6965";"new column"
"1198";"10/05/2026 00:00:00";"semi; ""quote""
Zażółć gęślą jaźń";"1478.9310";"new column"
"1199";"10/05/2026 00:00:00";"semi; ""quote""
Zażółć gęślą jaźń";"1480.1655";"new column"
"1200";"10/05/2026 00:00:00";"semi; ""quote""
Zażółć gęślą jaźń";"1481.4000";"new column"
"1201";"10/05/2026 00:00:00";"semi; ""quote""
Zażółć gęślą jaźń";"1482.6345";"new column"
"1202";"10/05/2026 00:00:00";"semi; ""quote""
Zażółć gęślą jaźń";"1483.8690";"new column"
"1203";"10/05/2026 00:00:00";"semi; ""quote""
Zażółć gęślą jaźń";"1485.1035";"new column"
"1204";"10/05/2026 00:00:00";"";"1486.3380";"new column"
"1205";"10/05/2026 00:00:00";"semi; ""quote""
Zażółć gęślą jaźń";"1487.5725";"new column"
"1206";"10/05/2026 00:00:00";"semi; ""quote""
Zażółć gęślą jaźń";"1488.8070";"new column"
"1207";"10/05/2026 00:00:00";"semi; ""quote""
Zażółć gęślą jaźń";"1490.0415";"new column"
"1208";"10/05/2026 00:00:00";"semi; ""quote""
Zażółć gęślą jaźń";"1491.2760";"new column"
"1209";"10/05/2026 00:00:00";"semi; ""quote""
Zażółć gęślą jaźń";"1492.5105";"new column"
"1210";"10/05/2026 00:00:00";"semi; ""quote""
Zażółć gęślą jaźń";"1493.7450";"new column"
"1211";"10/05/2026 00:00:00";"";"1494.9795";"new column"
"1212";"10/05/2026 00:00:00";"semi; ""quote""
Zażółć gęślą jaźń";"1496.2140";"new column"
"1213";"10/05/2026 00:00:00";"semi; ""quote""
Zażółć gęślą jaźń";"1497.4485";"new column"
"1214";"10/05/2026 00:00:00";"semi; ""quote""
Zażółć gęślą jaźń";"1498.6830";"new column"
"1215";"10/05/2026 00:00:00";"semi; ""quote""
Zażółć gęślą jaźń";"1499.9175";"new column"
"1216";"10/05/2026 00:00:00";"semi; ""quote""
Zażółć gęślą jaźń";"1501.1520";"new column"
"1217";"10/05/2026 00:00:00";"semi; ""quote""
Zażółć gęślą jaźń";"1502.3865";"new column"
"1218";"10/05/2026 00:00:00";"";"1503.6210";"new column"
"1219";"10/05/2026 00:00:00";"semi; ""quote""
Zażółć gęślą jaźń";"1504.8555";"new column"
"1220";"10/05/2026 00:00:00";"semi; ""quote""
Zażółć gęślą jaźń";"1506.0900";"new column"
"1221";"10/05/2026 00:00:00";"semi; ""quote""
Zażółć gęślą jaźń";"1507.3245";"new column"
"1222";"10/05/2026 00:00:00";"semi; ""quote""
Zażółć gęślą jaźń";"1508.5590";"new column"
"1223";"10/05/2026 00:00:00";"semi; ""quote""
Zażółć gęślą jaźń";"1509.7935";"new column"
"1224";"10/05/2026 00:00:00";"semi; ""quote""
Zażółć gęślą jaźń";"1511.0280";"new column"
"1225";"10/05/2026 00:00:00";"";"1512.2625";"new column"
"1226";"10/05/2026 00:00:00";"semi; ""quote""
Zażółć gęślą jaźń";"1513.4970";"new column"
"1227";"10/05/2026 00:00:00";"semi; ""quote""
Zażółć gęślą jaźń";"1514.7315";"new column"
"1228";"10/05/2026 00:00:00";"semi; ""quote""
Zażółć gęślą jaźń";"1515.9660";"new column"
"1229";"10/05/2026 00:00:00";"semi; ""quote""
Zażółć gęślą jaźń";"1517.2005";"new column"
"1230";"10/05/2026 00:00:00";"semi; ""quote""
Zażółć gęślą jaźń";"1518.4350";"new column"
"1231";"10/05/2026 00:00:00";"semi; ""quote""
Zażółć gęślą jaźń";"1519.6695";"new column"
"1232";"10/05/2026 00:00:00";"";"1520.9040";"new column"
"1233";"10/05/2026 00:00:00";"semi; ""quote""
Zażółć gęślą jaźń";"1522.1385";"new column"
"1234";"10/05/2026 00:00:00";"semi; ""quote""
Zażółć gęślą jaźń";"1523.3730";"new column"
"1235";"10/05/2026 00:00:00";"semi; ""quote""
Zażółć gęślą jaźń";"1524.6075";"new column"
"1236";"10/05/2026 00:00:00";"semi; ""quote""
Zażółć gęślą jaźń";"1525.8420";"new column"
"1237";"10/05/2026 00:00:00";"semi; ""quote""
Zażółć gęślą jaźń";"1527.0765";"new column"
"1238";"10/05/2026 00:00:00";"semi; ""quote""
Zażółć gęślą jaźń";"1528.3110";"new column"
"1239";"10/05/2026 00:00:00";"";"1529.5455";"new column"
"1240";"10/05/2026 00:00:00";"semi; ""quote""
Zażółć gęślą jaźń";"1530.7800";"new column"
"1241";"10/05/2026 00:00:00";"semi; ""quote""
Zażółć gęślą jaźń";"1532.0145";"new column"
"1242";"10/05/2026 00:00:00";"semi; ""quote""
Zażółć gęślą jaźń";"1533.2490";"new column"
"1243";"10/05/2026 00:00:00";"semi; ""quote""
Zażółć gęślą jaźń";"1534.4835";"new column"
"1244";"10/05/2026 00:00:00";"semi; ""quote""
Zażółć gęślą jaźń";"1535.7180";"new column"
"1245";"10/05/2026 00:00:00";"semi; ""quote""
Zażółć gęślą jaźń";"1536.9525";"new column"
"1246";"10/05/2026 00:00:00";"";"1538.1870";"new column"
"1247";"10/05/2026 00:00:00";"semi; ""quote""
Zażółć gęślą jaźń";"1539.4215";"new column"
"1248";"10/05/2026 00:00:00";"semi; ""quote""
Zażółć gęślą jaźń";"1540.6560";"new column"
"1249";"10/05/2026 00:00:00";"semi; ""quote""
Zażółć gęślą jaźń";"1541.8905";"new column"
"1250";"10/05/2026 00:00:00";"semi; ""quote""
Zażółć gęślą jaźń";"1543.1250";"new column"
"1251";"10/05/2026 00:00:00";"semi; ""quote""
Zażółć gęślą jaźń";"1544.3595";"new column"
"1252";"10/05/2026 00:00:00";"semi; ""quote""
Zażółć gęślą jaźń";"1545.5940";"new column"
"1253";"10/05/2026 00:00:00";"";"1546.8285";"new column"
"1254";"10/05/2026 00:00:00";"semi; ""quote""
Zażółć gęślą jaźń";"1548.0630";"new column"
"1255";"10/05/2026 00:00:00";"semi; ""quote""
Zażółć gęślą jaźń";"1549.2975";"new column"
"1256";"10/05/2026 00:00:00";"semi; ""quote""
Zażółć gęślą jaźń";"1550.5320";"new column"
"1257";"10/05/2026 00:00:00";"semi; ""quote""
Zażółć gęślą jaźń";"1551.7665";"new column"
"1258";"10/05/2026 00:00:00";"semi; ""quote""
Zażółć gęślą jaźń";"1553.0010";"new column"
"1259";"10/05/2026 00:00:00";"semi; ""quote""
Zażółć gęślą jaźń";"1554.2355";"new column"
"1260";"10/05/2026 00:00:00";"";"1555.4700";"new column"
"1261";"10/05/2026 00:00:00";"semi; ""quote""
Zażółć gęślą jaźń";"1556.7045";"new column"
"1262";"10/05/2026 00:00:00";"semi; ""quote""
Zażółć gęślą jaźń";"1557.9390";"new column"
"1263";"10/05/2026 00:00:00";"semi; ""quote""
Zażółć gęślą jaźń";"1559.1735";"new column"
"1264";"10/05/2026 00:00:00";"semi; ""quote""
Zażółć gęślą jaźń";"1560.4080";"new column"
"1265";"10/05/2026 00:00:00";"semi; ""quote""
Zażółć gęślą jaźń";"1561.6425";"new column"
"1266";"10/05/2026 00:00:00";"semi; ""quote""
Zażółć gęślą jaźń";"1562.8770";"new column"
"1267";"10/05/2026 00:00:00";"";"1564.1115";"new column"
"1268";"10/05/2026 00:00:00";"semi; ""quote""
Zażółć gęślą jaźń";"1565.3460";"new column"
"1269";"10/05/2026 00:00:00";"semi; ""quote""
Zażółć gęślą jaźń";"1566.5805";"new column"
"1270";"10/05/2026 00:00:00";"semi; ""quote""
Zażółć gęślą jaźń";"1567.8150";"new column"
"1271";"10/05/2026 00:00:00";"semi; ""quote""
Zażółć gęślą jaźń";"1569.0495";"new column"
"1272";"10/05/2026 00:00:00";"semi; ""quote""
Zażółć gęślą jaźń";"1570.2840";"new column"
"1273";"10/05/2026 00:00:00";"semi; ""quote""
Zażółć gęślą jaźń";"1571.5185";"new column"
"1274";"10/05/2026 00:00:00";"";"1572.7530";"new column"
"1275";"10/05/2026 00:00:00";"semi; ""quote""
Zażółć gęślą jaźń";"1573.9875";"new column"
"1276";"10/05/2026 00:00:00";"semi; ""quote""
Zażółć gęślą jaźń";"1575.2220";"new column"
"1277";"10/05/2026 00:00:00";"semi; ""quote""
Zażółć gęślą jaźń";"1576.4565";"new column"
"1278";"10/05/2026 00:00:00";"semi; ""quote""
Zażółć gęślą jaźń";"1577.6910";"new column"
"1279";"10/05/2026 00:00:00";"semi; ""quote""
Zażółć gęślą jaźń";"1578.9255";"new column"
"1280";"10/05/2026 00:00:00";"semi; ""quote""
Zażółć gęślą jaźń";"1580.1600";"new column"
"1281";"10/05/2026 00:00:00";"";"1581.3945";"new column"
"1282";"10/05/2026 00:00:00";"semi; ""quote""
Zażółć gęślą jaźń";"1582.6290";"new column"
"1283";"10/05/2026 00:00:00";"semi; ""quote""
Zażółć gęślą jaźń";"1583.8635";"new column"
"1284";"10/05/2026 00:00:00";"semi; ""quote""
Zażółć gęślą jaźń";"1585.0980";"new column"
"1285";"10/05/2026 00:00:00";"semi; ""quote""
Zażółć gęślą jaźń";"1586.3325";"new column"
"1286";"10/05/2026 00:00:00";"semi; ""quote""
Zażółć gęślą jaźń";"1587.5670";"new column"
"1287";"10/05/2026 00:00:00";"semi; ""quote""
Zażółć gęślą jaźń";"1588.8015";"new column"
"1288";"10/05/2026 00:00:00";"";"1590.0360";"new column"
"1289";"10/05/2026 00:00:00";"semi; ""quote""
Zażółć gęślą jaźń";"1591.2705";"new column"
"1290";"10/05/2026 00:00:00";"semi; ""quote""
Zażółć gęślą jaźń";"1592.5050";"new column"
"1291";"10/05/2026 00:00:00";"semi; ""quote""
Zażółć gęślą jaźń";"1593.7395";"new column"
"1292";"10/05/2026 00:00:00";"semi; ""quote""
Zażółć gęślą jaźń";"1594.9740";"new column"
"1293";"10/05/2026 00:00:00";"semi; ""quote""
Zażółć gęślą jaźń";"1596.2085";"new column"
"1294";"10/05/2026 00:00:00";"semi; ""quote""
Zażółć gęślą jaźń";"1597.4430";"new column"
"1295";"10/05/2026 00:00:00";"";"1598.6775";"new column"
"1296";"10/05/2026 00:00:00";"semi; ""quote""
Zażółć gęślą jaźń";"1599.9120";"new column"
"1297";"10/05/2026 00:00:00";"semi; ""quote""
Zażółć gęślą jaźń";"1601.1465";"new column"
"1298";"10/05/2026 00:00:00";"semi; ""quote""
Zażółć gęślą jaźń";"1602.3810";"new column"
"1299";"10/05/2026 00:00:00";"semi; ""quote""
Zażółć gęślą jaźń";"1603.6155";"new column"
"1300";"10/05/2026 00:00:00";"semi; ""quote""
Zażółć gęślą jaźń";"1604.8500";"new column"
"1301";"10/05/2026 00:00:00";"semi; ""quote""
Zażółć gęślą jaźń";"1606.0845";"new column"
"1302";"10/05/2026 00:00:00";"";"1607.3190";"new column"
"1303";"10/05/2026 00:00:00";"semi; ""quote""
Zażółć gęślą jaźń";"1608.5535";"new column"
"1304";"10/05/2026 00:00:00";"semi; ""quote""
Zażółć gęślą jaźń";"1609.7880";"new column"
"1305";"10/05/2026 00:00:00";"semi; ""quote""
Zażółć gęślą jaźń";"1611.0225";"new column"
"1306";"10/05/2026 00:00:00";"semi; ""quote""
Zażółć gęślą jaźń";"1612.2570";"new column"
"1307";"10/05/2026 00:00:00";"semi; ""quote""
Zażółć gęślą jaźń";"1613.4915";"new column"
"1308";"10/05/2026 00:00:00";"semi; ""quote""
Zażółć gęślą jaźń";"1614.7260";"new column"
"1309";"10/05/2026 00:00:00";"";"1615.9605";"new column"
"1310";"10/05/2026 00:00:00";"semi; ""quote""
Zażółć gęślą jaźń";"1617.1950";"new column"
"1311";"10/05/2026 00:00:00";"semi; ""quote""
Zażółć gęślą jaźń";"1618.4295";"new column"
"1312";"10/05/2026 00:00:00";"semi; ""quote""
Zażółć gęślą jaźń";"1619.6640";"new column"
"1313";"10/05/2026 00:00:00";"semi; ""quote""
Zażółć gęślą jaźń";"1620.8985";"new column"
"1314";"10/05/2026 00:00:00";"semi; ""quote""
Zażółć gęślą jaźń";"1622.1330";"new column"
"1315";"10/05/2026 00:00:00";"semi; ""quote""
Zażółć gęślą jaźń";"1623.3675";"new column"
"1316";"10/05/2026 00:00:00";"";"1624.6020";"new column"
"1317";"10/05/2026 00:00:00";"semi; ""quote""
Zażółć gęślą jaźń";"1625.8365";"new column"
"1318";"10/05/2026 00:00:00";"semi; ""quote""
Zażółć gęślą jaźń";"1627.0710";"new column"
"1319";"10/05/2026 00:00:00";"semi; ""quote""
Zażółć gęślą jaźń";"1628.3055";"new column"
"1320";"10/05/2026 00:00:00";"semi; ""quote""
Zażółć gęślą jaźń";"1629.5400";"new column"
"1321";"10/05/2026 00:00:00";"semi; ""quote""
Zażółć gęślą jaźń";"1630.7745";"new column"
"1322";"10/05/2026 00:00:00";"semi; ""quote""
Zażółć gęślą jaźń";"1632.0090";"new column"
"1323";"10/05/2026 00:00:00";"";"1633.2435";"new column"
"1324";"10/05/2026 00:00:00";"semi; ""quote""
Zażółć gęślą jaźń";"1634.4780";"new column"
"1325";"10/05/2026 00:00:00";"semi; ""quote""
Zażółć gęślą jaźń";"1635.7125";"new column"
"1326";"10/05/2026 00:00:00";"semi; ""quote""
Zażółć gęślą jaźń";"1636.9470";"new column"
"1327";"10/05/2026 00:00:00";"semi; ""quote""
Zażółć gęślą jaźń";"1638.1815";"new column"
"1328";"10/05/2026 00:00:00";"semi; ""quote""
Zażółć gęślą jaźń";"1639.4160";"new column"
"1329";"10/05/2026 00:00:00";"semi; ""quote""
Zażółć gęślą jaźń";"1640.6505";"new column"
"1330";"10/05/2026 00:00:00";"";"1641.8850";"new column"
"1331";"10/05/2026 00:00:00";"semi; ""quote""
Zażółć gęślą jaźń";"1643.1195";"new column"
"1332";"10/05/2026 00:00:00";"semi; ""quote""
Zażółć gęślą jaźń";"1644.3540";"new column"
"1333";"10/05/2026 00:00:00";"semi; ""quote""
Zażółć gęślą jaźń";"1645.5885";"new column"
"1334";"10/05/2026 00:00:00";"semi; ""quote""
Zażółć gęślą jaźń";"1646.8230";"new column"
"1335";"10/05/2026 00:00:00";"semi; ""quote""
Zażółć gęślą jaźń";"1648.0575";"new column"
"1336";"10/05/2026 00:00:00";"semi; ""quote""
Zażółć gęślą jaźń";"1649.2920";"new column"
"1337";"10/05/2026 00:00:00";"";"1650.5265";"new column"
"1338";"10/05/2026 00:00:00";"semi; ""quote""
Zażółć gęślą jaźń";"1651.7610";"new column"
"1339";"10/05/2026 00:00:00";"semi; ""quote""
Zażółć gęślą jaźń";"1652.9955";"new column"
"1340";"10/05/2026 00:00:00";"semi; ""quote""
Zażółć gęślą jaźń";"1654.2300";"new column"
"1341";"10/05/2026 00:00:00";"semi; ""quote""
Zażółć gęślą jaźń";"1655.4645";"new column"
"1342";"10/05/2026 00:00:00";"semi; ""quote""
Zażółć gęślą jaźń";"1656.6990";"new column"
"1343";"10/05/2026 00:00:00";"semi; ""quote""
Zażółć gęślą jaźń";"1657.9335";"new column"
"1344";"10/05/2026 00:00:00";"";"1659.1680";"new column"
"1345";"10/05/2026 00:00:00";"semi; ""quote""
Zażółć gęślą jaźń";"1660.4025";"new column"
"1346";"10/05/2026 00:00:00";"semi; ""quote""
Zażółć gęślą jaźń";"1661.6370";"new column"
"1347";"10/05/2026 00:00:00";"semi; ""quote""
Zażółć gęślą jaźń";"1662.8715";"new column"
"1348";"10/05/2026 00:00:00";"semi; ""quote""
Zażółć gęślą jaźń";"1664.1060";"new column"
"1349";"10/05/2026 00:00:00";"semi; ""quote""
Zażółć gęślą jaźń";"1665.3405";"new column"
"1350";"10/05/2026 00:00:00";"semi; ""quote""
Zażółć gęślą jaźń";"1666.5750";"new column"
"1351";"10/05/2026 00:00:00";"";"1667.8095";"new column"
"1352";"10/05/2026 00:00:00";"semi; ""quote""
Zażółć gęślą jaźń";"1669.0440";"new column"
"1353";"10/05/2026 00:00:00";"semi; ""quote""
Zażółć gęślą jaźń";"1670.2785";"new column"
"1354";"10/05/2026 00:00:00";"semi; ""quote""
Zażółć gęślą jaźń";"1671.5130";"new column"
"1355";"10/05/2026 00:00:00";"semi; ""quote""
Zażółć gęślą jaźń";"1672.7475";"new column"
"1356";"10/05/2026 00:00:00";"semi; ""quote""
Zażółć gęślą jaźń";"1673.9820";"new column"
"1357";"10/05/2026 00:00:00";"semi; ""quote""
Zażółć gęślą jaźń";"1675.2165";"new column"
"1358";"10/05/2026 00:00:00";"";"1676.4510";"new column"
"1359";"10/05/2026 00:00:00";"semi; ""quote""
Zażółć gęślą jaźń";"1677.6855";"new column"
"1360";"10/05/2026 00:00:00";"semi; ""quote""
Zażółć gęślą jaźń";"1678.9200";"new column"
"1361";"10/05/2026 00:00:00";"semi; ""quote""
Zażółć gęślą jaźń";"1680.1545";"new column"
"1362";"10/05/2026 00:00:00";"semi; ""quote""
Zażółć gęślą jaźń";"1681.3890";"new column"
"1363";"10/05/2026 00:00:00";"semi; ""quote""
Zażółć gęślą jaźń";"1682.6235";"new column"
"1364";"10/05/2026 00:00:00";"semi; ""quote""
Zażółć gęślą jaźń";"1683.8580";"new column"
"1365";"10/05/2026 00:00:00";"";"1685.0925";"new column"
"1366";"10/05/2026 00:00:00";"semi; ""quote""
Zażółć gęślą jaźń";"1686.3270";"new column"
"1367";"10/05/2026 00:00:00";"semi; ""quote""
Zażółć gęślą jaźń";"1687.5615";"new column"
"1368";"10/05/2026 00:00:00";"semi; ""quote""
Zażółć gęślą jaźń";"1688.7960";"new column"
"1369";"10/05/2026 00:00:00";"semi; ""quote""
Zażółć gęślą jaźń";"1690.0305";"new column"
"1370";"10/05/2026 00:00:00";"semi; ""quote""
Zażółć gęślą jaźń";"1691.2650";"new column"
"1371";"10/05/2026 00:00:00";"semi; ""quote""
Zażółć gęślą jaźń";"1692.4995";"new column"
"1372";"10/05/2026 00:00:00";"";"1693.7340";"new column"
"1373";"10/05/2026 00:00:00";"semi; ""quote""
Zażółć gęślą jaźń";"1694.9685";"new column"
"1374";"10/05/2026 00:00:00";"semi; ""quote""
Zażółć gęślą jaźń";"1696.2030";"new column"
"1375";"10/05/2026 00:00:00";"semi; ""quote""
Zażółć gęślą jaźń";"1697.4375";"new column"
"1376";"10/05/2026 00:00:00";"semi; ""quote""
Zażółć gęślą jaźń";"1698.6720";"new column"
"1377";"10/05/2026 00:00:00";"semi; ""quote""
Zażółć gęślą jaźń";"1699.9065";"new column"
"1378";"10/05/2026 00:00:00";"semi; ""quote""
Zażółć gęślą jaźń";"1701.1410";"new column"
"1379";"10/05/2026 00:00:00";"";"1702.3755";"new column"
"1380";"10/05/2026 00:00:00";"semi; ""quote""
Zażółć gęślą jaźń";"1703.6100";"new column"
"1381";"10/05/2026 00:00:00";"semi; ""quote""
Zażółć gęślą jaźń";"1704.8445";"new column"
"1382";"10/05/2026 00:00:00";"semi; ""quote""
Zażółć gęślą jaźń";"1706.0790";"new column"
"1383";"10/05/2026 00:00:00";"semi; ""quote""
Zażółć gęślą jaźń";"1707.3135";"new column"
"1384";"10/05/2026 00:00:00";"semi; ""quote""
Zażółć gęślą jaźń";"1708.5480";"new column"
"1385";"10/05/2026 00:00:00";"semi; ""quote""
Zażółć gęślą jaźń";"1709.7825";"new column"
"1386";"10/05/2026 00:00:00";"";"1711.0170";"new column"
"1387";"10/05/2026 00:00:00";"semi; ""quote""
Zażółć gęślą jaźń";"1712.2515";"new column"
"1388";"10/05/2026 00:00:00";"semi; ""quote""
Zażółć gęślą jaźń";"1713.4860";"new column"
"1389";"10/05/2026 00:00:00";"semi; ""quote""
Zażółć gęślą jaźń";"1714.7205";"new column"
"1390";"10/05/2026 00:00:00";"semi; ""quote""
Zażółć gęślą jaźń";"1715.9550";"new column"
"1391";"10/05/2026 00:00:00";"semi; ""quote""
Zażółć gęślą jaźń";"1717.1895";"new column"
"1392";"10/05/2026 00:00:00";"semi; ""quote""
Zażółć gęślą jaźń";"1718.4240";"new column"
"1393";"10/05/2026 00:00:00";"";"1719.6585";"new column"
"1394";"10/05/2026 00:00:00";"semi; ""quote""
Zażółć gęślą jaźń";"1720.8930";"new column"
"1395";"10/05/2026 00:00:00";"semi; ""quote""
Zażółć gęślą jaźń";"1722.1275";"new column"
"1396";"10/05/2026 00:00:00";"semi; ""quote""
Zażółć gęślą jaźń";"1723.3620";"new column"
"1397";"10/05/2026 00:00:00";"semi; ""quote""
Zażółć gęślą jaźń";"1724.5965";"new column"
"1398";"10/05/2026 00:00:00";"semi; ""quote""
Zażółć gęślą jaźń";"1725.8310";"new column"
"1399";"10/05/2026 00:00:00";"semi; ""quote""
Zażółć gęślą jaźń";"1727.0655";"new column"
"1400";"10/05/2026 00:00:00";"";"1728.3000";"new column"
"1401";"10/05/2026 00:00:00";"semi; ""quote""
Zażółć gęślą jaźń";"1729.5345";"new column"
"1402";"10/05/2026 00:00:00";"semi; ""quote""
Zażółć gęślą jaźń";"1730.7690";"new column"
"1403";"10/05/2026 00:00:00";"semi; ""quote""
Zażółć gęślą jaźń";"1732.0035";"new column"
"1404";"10/05/2026 00:00:00";"semi; ""quote""
Zażółć gęślą jaźń";"1733.2380";"new column"
"1405";"10/05/2026 00:00:00";"semi; ""quote""
Zażółć gęślą jaźń";"1734.4725";"new column"
"1406";"10/05/2026 00:00:00";"semi; ""quote""
Zażółć gęślą jaźń";"1735.7070";"new column"
"1407";"10/05/2026 00:00:00";"";"1736.9415";"new column"
"1408";"10/05/2026 00:00:00";"semi; ""quote""
Zażółć gęślą jaźń";"1738.1760";"new column"
"1409";"10/05/2026 00:00:00";"semi; ""quote""
Zażółć gęślą jaźń";"1739.4105";"new column"
"1410";"10/05/2026 00:00:00";"semi; ""quote""
Zażółć gęślą jaźń";"1740.6450";"new column"
"1411";"10/05/2026 00:00:00";"semi; ""quote""
Zażółć gęślą jaźń";"1741.8795";"new column"
"1412";"10/05/2026 00:00:00";"semi; ""quote""
Zażółć gęślą jaźń";"1743.1140";"new column"
"1413";"10/05/2026 00:00:00";"semi; ""quote""
Zażółć gęślą jaźń";"1744.3485";"new column"
"1414";"10/05/2026 00:00:00";"";"1745.5830";"new column"
"1415";"10/05/2026 00:00:00";"semi; ""quote""
Zażółć gęślą jaźń";"1746.8175";"new column"
"1416";"10/05/2026 00:00:00";"semi; ""quote""
Zażółć gęślą jaźń";"1748.0520";"new column"
"1417";"10/05/2026 00:00:00";"semi; ""quote""
Zażółć gęślą jaźń";"1749.2865";"new column"
"1418";"10/05/2026 00:00:00";"semi; ""quote""
Zażółć gęślą jaźń";"1750.5210";"new column"
"1419";"10/05/2026 00:00:00";"semi; ""quote""
Zażółć gęślą jaźń";"1751.7555";"new column"
"1420";"10/05/2026 00:00:00";"semi; ""quote""
Zażółć gęślą jaźń";"1752.9900";"new column"
"1421";"10/05/2026 00:00:00";"";"1754.2245";"new column"
"1422";"10/05/2026 00:00:00";"semi; ""quote""
Zażółć gęślą jaźń";"1755.4590";"new column"
"1423";"10/05/2026 00:00:00";"semi; ""quote""
Zażółć gęślą jaźń";"1756.6935";"new column"
"1424";"10/05/2026 00:00:00";"semi; ""quote""
Zażółć gęślą jaźń";"1757.9280";"new column"
"1425";"10/05/2026 00:00:00";"semi; ""quote""
Zażółć gęślą jaźń";"1759.1625";"new column"
"1426";"10/05/2026 00:00:00";"semi; ""quote""
Zażółć gęślą jaźń";"1760.3970";"new column"
"1427";"10/05/2026 00:00:00";"semi; ""quote""
Zażółć gęślą jaźń";"1761.6315";"new column"
"1428";"10/05/2026 00:00:00";"";"1762.8660";"new column"
"1429";"10/05/2026 00:00:00";"semi; ""quote""
Zażółć gęślą jaźń";"1764.1005";"new column"
"1430";"10/05/2026 00:00:00";"semi; ""quote""
Zażółć gęślą jaźń";"1765.3350";"new column"
"1431";"10/05/2026 00:00:00";"semi; ""quote""
Zażółć gęślą jaźń";"1766.5695";"new column"
"1432";"10/05/2026 00:00:00";"semi; ""quote""
Zażółć gęślą jaźń";"1767.8040";"new column"
"1433";"10/05/2026 00:00:00";"semi; ""quote""
Zażółć gęślą jaźń";"1769.0385";"new column"
"1434";"10/05/2026 00:00:00";"semi; ""quote""
Zażółć gęślą jaźń";"1770.2730";"new column"
"1435";"10/05/2026 00:00:00";"";"1771.5075";"new column"
"1436";"10/05/2026 00:00:00";"semi; ""quote""
Zażółć gęślą jaźń";"1772.7420";"new column"
"1437";"10/05/2026 00:00:00";"semi; ""quote""
Zażółć gęślą jaźń";"1773.9765";"new column"
"1438";"10/05/2026 00:00:00";"semi; ""quote""
Zażółć gęślą jaźń";"1775.2110";"new column"
"1439";"10/05/2026 00:00:00";"semi; ""quote""
Zażółć gęślą jaźń";"1776.4455";"new column"
"1440";"10/05/2026 00:00:00";"semi; ""quote""
Zażółć gęślą jaźń";"1777.6800";"new column"
"1441";"10/05/2026 00:00:00";"semi; ""quote""
Zażółć gęślą jaźń";"1778.9145";"new column"
"1442";"10/05/2026 00:00:00";"";"1780.1490";"new column"
"1443";"10/05/2026 00:00:00";"semi; ""quote""
Zażółć gęślą jaźń";"1781.3835";"new column"
"1444";"10/05/2026 00:00:00";"semi; ""quote""
Zażółć gęślą jaźń";"1782.6180";"new column"
"1445";"10/05/2026 00:00:00";"semi; ""quote""
Zażółć gęślą jaźń";"1783.8525";"new column"
"1446";"10/05/2026 00:00:00";"semi; ""quote""
Zażółć gęślą jaźń";"1785.0870";"new column"
"1447";"10/05/2026 00:00:00";"semi; ""quote""
Zażółć gęślą jaźń";"1786.3215";"new column"
"1448";"10/05/2026 00:00:00";"semi; ""quote""
Zażółć gęślą jaźń";"1787.5560";"new column"
"1449";"10/05/2026 00:00:00";"";"1788.7905";"new column"
"1450";"10/05/2026 00:00:00";"semi; ""quote""
Zażółć gęślą jaźń";"1790.0250";"new column"
"1451";"10/05/2026 00:00:00";"semi; ""quote""
Zażółć gęślą jaźń";"1791.2595";"new column"
"1452";"10/05/2026 00:00:00";"semi; ""quote""
Zażółć gęślą jaźń";"1792.4940";"new column"
"1453";"10/05/2026 00:00:00";"semi; ""quote""
Zażółć gęślą jaźń";"1793.7285";"new column"
"1454";"10/05/2026 00:00:00";"semi; ""quote""
Zażółć gęślą jaźń";"1794.9630";"new column"
"1455";"10/05/2026 00:00:00";"semi; ""quote""
Zażółć gęślą jaźń";"1796.1975";"new column"
"1456";"10/05/2026 00:00:00";"";"1797.4320";"new column"
"1457";"10/05/2026 00:00:00";"semi; ""quote""
Zażółć gęślą jaźń";"1798.6665";"new column"
"1458";"10/05/2026 00:00:00";"semi; ""quote""
Zażółć gęślą jaźń";"1799.9010";"new column"
"1459";"10/05/2026 00:00:00";"semi; ""quote""
Zażółć gęślą jaźń";"1801.1355";"new column"
"1460";"10/05/2026 00:00:00";"semi; ""quote""
Zażółć gęślą jaźń";"1802.3700";"new column"
"1461";"10/05/2026 00:00:00";"semi; ""quote""
Zażółć gęślą jaźń";"1803.6045";"new column"
"1462";"10/05/2026 00:00:00";"semi; ""quote""
Zażółć gęślą jaźń";"1804.8390";"new column"
"1463";"10/05/2026 00:00:00";"";"1806.0735";"new column"
"1464";"10/05/2026 00:00:00";"semi; ""quote""
Zażółć gęślą jaźń";"1807.3080";"new column"
"1465";"10/05/2026 00:00:00";"semi; ""quote""
Zażółć gęślą jaźń";"1808.5425";"new column"
"1466";"10/05/2026 00:00:00";"semi; ""quote""
Zażółć gęślą jaźń";"1809.7770";"new column"
"1467";"10/05/2026 00:00:00";"semi; ""quote""
Zażółć gęślą jaźń";"1811.0115";"new column"
"1468";"10/05/2026 00:00:00";"semi; ""quote""
Zażółć gęślą jaźń";"1812.2460";"new column"
"1469";"10/05/2026 00:00:00";"semi; ""quote""
Zażółć gęślą jaźń";"1813.4805";"new column"
"1470";"10/05/2026 00:00:00";"";"1814.7150";"new column"
"1471";"10/05/2026 00:00:00";"semi; ""quote""
Zażółć gęślą jaźń";"1815.9495";"new column"
"1472";"10/05/2026 00:00:00";"semi; ""quote""
Zażółć gęślą jaźń";"1817.1840";"new column"
"1473";"10/05/2026 00:00:00";"semi; ""quote""
Zażółć gęślą jaźń";"1818.4185";"new column"
"1474";"10/05/2026 00:00:00";"semi; ""quote""
Zażółć gęślą jaźń";"1819.6530";"new column"
"1475";"10/05/2026 00:00:00";"semi; ""quote""
Zażółć gęślą jaźń";"1820.8875";"new column"
"1476";"10/05/2026 00:00:00";"semi; ""quote""
Zażółć gęślą jaźń";"1822.1220";"new column"
"1477";"10/05/2026 00:00:00";"";"1823.3565";"new column"
"1478";"10/05/2026 00:00:00";"semi; ""quote""
Zażółć gęślą jaźń";"1824.5910";"new column"
"1479";"10/05/2026 00:00:00";"semi; ""quote""
Zażółć gęślą jaźń";"1825.8255";"new column"
"1480";"10/05/2026 00:00:00";"semi; ""quote""
Zażółć gęślą jaźń";"1827.0600";"new column"
"1481";"10/05/2026 00:00:00";"semi; ""quote""
Zażółć gęślą jaźń";"1828.2945";"new column"
"1482";"10/05/2026 00:00:00";"semi; ""quote""
Zażółć gęślą jaźń";"1829.5290";"new column"
"1483";"10/05/2026 00:00:00";"semi; ""quote""
Zażółć gęślą jaźń";"1830.7635";"new column"
"1484";"10/05/2026 00:00:00";"";"1831.9980";"new column"
"1485";"10/05/2026 00:00:00";"semi; ""quote""
Zażółć gęślą jaźń";"1833.2325";"new column"
"1486";"10/05/2026 00:00:00";"semi; ""quote""
Zażółć gęślą jaźń";"1834.4670";"new column"
"1487";"10/05/2026 00:00:00";"semi; ""quote""
Zażółć gęślą jaźń";"1835.7015";"new column"
"1488";"10/05/2026 00:00:00";"semi; ""quote""
Zażółć gęślą jaźń";"1836.9360";"new column"
"1489";"10/05/2026 00:00:00";"semi; ""quote""
Zażółć gęślą jaźń";"1838.1705";"new column"
"1490";"10/05/2026 00:00:00";"semi; ""quote""
Zażółć gęślą jaźń";"1839.4050";"new column"
"1491";"10/05/2026 00:00:00";"";"1840.6395";"new column"
"1492";"10/05/2026 00:00:00";"semi; ""quote""
Zażółć gęślą jaźń";"1841.8740";"new column"
"1493";"10/05/2026 00:00:00";"semi; ""quote""
Zażółć gęślą jaźń";"1843.1085";"new column"
"1494";"10/05/2026 00:00:00";"semi; ""quote""
Zażółć gęślą jaźń";"1844.3430";"new column"
"1495";"10/05/2026 00:00:00";"semi; ""quote""
Zażółć gęślą jaźń";"1845.5775";"new column"
"1496";"10/05/2026 00:00:00";"semi; ""quote""
Zażółć gęślą jaźń";"1846.8120";"new column"
"1497";"10/05/2026 00:00:00";"semi; ""quote""
Zażółć gęślą jaźń";"1848.0465";"new column"
"1498";"10/05/2026 00:00:00";"";"1849.2810";"new column"
"1499";"10/05/2026 00:00:00";"semi; ""quote""
Zażółć gęślą jaźń";"1850.5155";"new column"
"1500";"10/05/2026 00:00:00";"semi; ""quote""
Zażółć gęślą jaźń";"1851.7500";"new column"
"1501";"10/05/2026 00:00:00";"semi; ""quote""
Zażółć gęślą jaźń";"1852.9845";"new column"
"1502";"10/05/2026 00:00:00";"semi; ""quote""
Zażółć gęślą jaźń";"1854.2190";"new column"
"1503";"10/05/2026 00:00:00";"semi; ""quote""
Zażółć gęślą jaźń";"1855.4535";"new column"
"1504";"10/05/2026 00:00:00";"semi; ""quote""
Zażółć gęślą jaźń";"1856.6880";"new column"
"1505";"10/05/2026 00:00:00";"";"1857.9225";"new column"
"1506";"10/05/2026 00:00:00";"semi; ""quote""
Zażółć gęślą jaźń";"1859.1570";"new column"
"1507";"10/05/2026 00:00:00";"semi; ""quote""
Zażółć gęślą jaźń";"1860.3915";"new column"
"1508";"10/05/2026 00:00:00";"semi; ""quote""
Zażółć gęślą jaźń";"1861.6260";"new column"
"1509";"10/05/2026 00:00:00";"semi; ""quote""
Zażółć gęślą jaźń";"1862.8605";"new column"
"1510";"10/05/2026 00:00:00";"semi; ""quote""
Zażółć gęślą jaźń";"1864.0950";"new column"
"1511";"10/05/2026 00:00:00";"semi; ""quote""
Zażółć gęślą jaźń";"1865.3295";"new column"
"1512";"10/05/2026 00:00:00";"";"1866.5640";"new column"
"1513";"10/05/2026 00:00:00";"semi; ""quote""
Zażółć gęślą jaźń";"1867.7985";"new column"
"1514";"10/05/2026 00:00:00";"semi; ""quote""
Zażółć gęślą jaźń";"1869.0330";"new column"
"1515";"10/05/2026 00:00:00";"semi; ""quote""
Zażółć gęślą jaźń";"1870.2675";"new column"
"1516";"10/05/2026 00:00:00";"semi; ""quote""
Zażółć gęślą jaźń";"1871.5020";"new column"
"1517";"10/05/2026 00:00:00";"semi; ""quote""
Zażółć gęślą jaźń";"1872.7365";"new column"
"1518";"10/05/2026 00:00:00";"semi; ""quote""
Zażółć gęślą jaźń";"1873.9710";"new column"
"1519";"10/05/2026 00:00:00";"";"1875.2055";"new column"
"1520";"10/05/2026 00:00:00";"semi; ""quote""
Zażółć gęślą jaźń";"1876.4400";"new column"
"1521";"10/05/2026 00:00:00";"semi; ""quote""
Zażółć gęślą jaźń";"1877.6745";"new column"
"1522";"10/05/2026 00:00:00";"semi; ""quote""
Zażółć gęślą jaźń";"1878.9090";"new column"
"1523";"10/05/2026 00:00:00";"semi; ""quote""
Zażółć gęślą jaźń";"1880.1435";"new column"
"1524";"10/05/2026 00:00:00";"semi; ""quote""
Zażółć gęślą jaźń";"1881.3780";"new column"
"1525";"10/05/2026 00:00:00";"semi; ""quote""
Zażółć gęślą jaźń";"1882.6125";"new column"
"1526";"10/05/2026 00:00:00";"";"1883.8470";"new column"
"1527";"10/05/2026 00:00:00";"semi; ""quote""
Zażółć gęślą jaźń";"1885.0815";"new column"
"1528";"10/05/2026 00:00:00";"semi; ""quote""
Zażółć gęślą jaźń";"1886.3160";"new column"
"1529";"10/05/2026 00:00:00";"semi; ""quote""
Zażółć gęślą jaźń";"1887.5505";"new column"
"1530";"10/05/2026 00:00:00";"semi; ""quote""
Zażółć gęślą jaźń";"1888.7850";"new column"
"1531";"10/05/2026 00:00:00";"semi; ""quote""
Zażółć gęślą jaźń";"1890.0195";"new column"
"1532";"10/05/2026 00:00:00";"semi; ""quote""
Zażółć gęślą jaźń";"1891.2540";"new column"
"1533";"10/05/2026 00:00:00";"";"1892.4885";"new column"
"1534";"10/05/2026 00:00:00";"semi; ""quote""
Zażółć gęślą jaźń";"1893.7230";"new column"
"1535";"10/05/2026 00:00:00";"semi; ""quote""
Zażółć gęślą jaźń";"1894.9575";"new column"
"1536";"10/05/2026 00:00:00";"semi; ""quote""
Zażółć gęślą jaźń";"1896.1920";"new column"
"1537";"10/05/2026 00:00:00";"semi; ""quote""
Zażółć gęślą jaźń";"1897.4265";"new column"
"1538";"10/05/2026 00:00:00";"semi; ""quote""
Zażółć gęślą jaźń";"1898.6610";"new column"
"1539";"10/05/2026 00:00:00";"semi; ""quote""
Zażółć gęślą jaźń";"1899.8955";"new column"
"1540";"10/05/2026 00:00:00";"";"1901.1300";"new column"
"1541";"10/05/2026 00:00:00";"semi; ""quote""
Zażółć gęślą jaźń";"1902.3645";"new column"
"1542";"10/05/2026 00:00:00";"semi; ""quote""
Zażółć gęślą jaźń";"1903.5990";"new column"
"1543";"10/05/2026 00:00:00";"semi; ""quote""
Zażółć gęślą jaźń";"1904.8335";"new column"
"1544";"10/05/2026 00:00:00";"semi; ""quote""
Zażółć gęślą jaźń";"1906.0680";"new column"
"1545";"10/05/2026 00:00:00";"semi; ""quote""
Zażółć gęślą jaźń";"1907.3025";"new column"
"1546";"10/05/2026 00:00:00";"semi; ""quote""
Zażółć gęślą jaźń";"1908.5370";"new column"
"1547";"10/05/2026 00:00:00";"";"1909.7715";"new column"
"1548";"10/05/2026 00:00:00";"semi; ""quote""
Zażółć gęślą jaźń";"1911.0060";"new column"
"1549";"10/05/2026 00:00:00";"semi; ""quote""
Zażółć gęślą jaźń";"1912.2405";"new column"
"1550";"10/05/2026 00:00:00";"semi; ""quote""
Zażółć gęślą jaźń";"1913.4750";"new column"
"1551";"10/05/2026 00:00:00";"semi; ""quote""
Zażółć gęślą jaźń";"1914.7095";"new column"
"1552";"10/05/2026 00:00:00";"semi; ""quote""
Zażółć gęślą jaźń";"1915.9440";"new column"
"1553";"10/05/2026 00:00:00";"semi; ""quote""
Zażółć gęślą jaźń";"1917.1785";"new column"
"1554";"10/05/2026 00:00:00";"";"1918.4130";"new column"
"1555";"10/05/2026 00:00:00";"semi; ""quote""
Zażółć gęślą jaźń";"1919.6475";"new column"
"1556";"10/05/2026 00:00:00";"semi; ""quote""
Zażółć gęślą jaźń";"1920.8820";"new column"
"1557";"10/05/2026 00:00:00";"semi; ""quote""
Zażółć gęślą jaźń";"1922.1165";"new column"
"1558";"10/05/2026 00:00:00";"semi; ""quote""
Zażółć gęślą jaźń";"1923.3510";"new column"
"1559";"10/05/2026 00:00:00";"semi; ""quote""
Zażółć gęślą jaźń";"1924.5855";"new column"
"1560";"10/05/2026 00:00:00";"semi; ""quote""
Zażółć gęślą jaźń";"1925.8200";"new column"
"1561";"10/05/2026 00:00:00";"";"1927.0545";"new column"
"1562";"10/05/2026 00:00:00";"semi; ""quote""
Zażółć gęślą jaźń";"1928.2890";"new column"
"1563";"10/05/2026 00:00:00";"semi; ""quote""
Zażółć gęślą jaźń";"1929.5235";"new column"
"1564";"10/05/2026 00:00:00";"semi; ""quote""
Zażółć gęślą jaźń";"1930.7580";"new column"
"1565";"10/05/2026 00:00:00";"semi; ""quote""
Zażółć gęślą jaźń";"1931.9925";"new column"
"1566";"10/05/2026 00:00:00";"semi; ""quote""
Zażółć gęślą jaźń";"1933.2270";"new column"
"1567";"10/05/2026 00:00:00";"semi; ""quote""
Zażółć gęślą jaźń";"1934.4615";"new column"
"1568";"10/05/2026 00:00:00";"";"1935.6960";"new column"
"1569";"10/05/2026 00:00:00";"semi; ""quote""
Zażółć gęślą jaźń";"1936.9305";"new column"
"1570";"10/05/2026 00:00:00";"semi; ""quote""
Zażółć gęślą jaźń";"1938.1650";"new column"
"1571";"10/05/2026 00:00:00";"semi; ""quote""
Zażółć gęślą jaźń";"1939.3995";"new column"
"1572";"10/05/2026 00:00:00";"semi; ""quote""
Zażółć gęślą jaźń";"1940.6340";"new column"
"1573";"10/05/2026 00:00:00";"semi; ""quote""
Zażółć gęślą jaźń";"1941.8685";"new column"
"1574";"10/05/2026 00:00:00";"semi; ""quote""
Zażółć gęślą jaźń";"1943.1030";"new column"
"1575";"10/05/2026 00:00:00";"";"1944.3375";"new column"
"1576";"10/05/2026 00:00:00";"semi; ""quote""
Zażółć gęślą jaźń";"1945.5720";"new column"
"1577";"10/05/2026 00:00:00";"semi; ""quote""
Zażółć gęślą jaźń";"1946.8065";"new column"
"1578";"10/05/2026 00:00:00";"semi; ""quote""
Zażółć gęślą jaźń";"1948.0410";"new column"
"1579";"10/05/2026 00:00:00";"semi; ""quote""
Zażółć gęślą jaźń";"1949.2755";"new column"
"1580";"10/05/2026 00:00:00";"semi; ""quote""
Zażółć gęślą jaźń";"1950.5100";"new column"
"1581";"10/05/2026 00:00:00";"semi; ""quote""
Zażółć gęślą jaźń";"1951.7445";"new column"
"1582";"10/05/2026 00:00:00";"";"1952.9790";"new column"
"1583";"10/05/2026 00:00:00";"semi; ""quote""
Zażółć gęślą jaźń";"1954.2135";"new column"
"1584";"10/05/2026 00:00:00";"semi; ""quote""
Zażółć gęślą jaźń";"1955.4480";"new column"
"1585";"10/05/2026 00:00:00";"semi; ""quote""
Zażółć gęślą jaźń";"1956.6825";"new column"
"1586";"10/05/2026 00:00:00";"semi; ""quote""
Zażółć gęślą jaźń";"1957.9170";"new column"
"1587";"10/05/2026 00:00:00";"semi; ""quote""
Zażółć gęślą jaźń";"1959.1515";"new column"
"1588";"10/05/2026 00:00:00";"semi; ""quote""
Zażółć gęślą jaźń";"1960.3860";"new column"
"1589";"10/05/2026 00:00:00";"";"1961.6205";"new column"
"1590";"10/05/2026 00:00:00";"semi; ""quote""
Zażółć gęślą jaźń";"1962.8550";"new column"
"1591";"10/05/2026 00:00:00";"semi; ""quote""
Zażółć gęślą jaźń";"1964.0895";"new column"
"1592";"10/05/2026 00:00:00";"semi; ""quote""
Zażółć gęślą jaźń";"1965.3240";"new column"
"1593";"10/05/2026 00:00:00";"semi; ""quote""
Zażółć gęślą jaźń";"1966.5585";"new column"
"1594";"10/05/2026 00:00:00";"semi; ""quote""
Zażółć gęślą jaźń";"1967.7930";"new column"
"1595";"10/05/2026 00:00:00";"semi; ""quote""
Zażółć gęślą jaźń";"1969.0275";"new column"
"1596";"10/05/2026 00:00:00";"";"1970.2620";"new column"
"1597";"10/05/2026 00:00:00";"semi; ""quote""
Zażółć gęślą jaźń";"1971.4965";"new column"
"1598";"10/05/2026 00:00:00";"semi; ""quote""
Zażółć gęślą jaźń";"1972.7310";"new column"
"1599";"10/05/2026 00:00:00";"semi; ""quote""
Zażółć gęślą jaźń";"1973.9655";"new column"
"1600";"10/05/2026 00:00:00";"semi; ""quote""
Zażółć gęślą jaźń";"1975.2000";"new column"
"1601";"10/05/2026 00:00:00";"semi; ""quote""
Zażółć gęślą jaźń";"1976.4345";"new column"
"1602";"10/05/2026 00:00:00";"semi; ""quote""
Zażółć gęślą jaźń";"1977.6690";"new column"
"1603";"10/05/2026 00:00:00";"";"1978.9035";"new column"
"1604";"10/05/2026 00:00:00";"semi; ""quote""
Zażółć gęślą jaźń";"1980.1380";"new column"
"1605";"10/05/2026 00:00:00";"semi; ""quote""
Zażółć gęślą jaźń";"1981.3725";"new column"
"1606";"10/05/2026 00:00:00";"semi; ""quote""
Zażółć gęślą jaźń";"1982.6070";"new column"
"1607";"10/05/2026 00:00:00";"semi; ""quote""
Zażółć gęślą jaźń";"1983.8415";"new column"
"1608";"10/05/2026 00:00:00";"semi; ""quote""
Zażółć gęślą jaźń";"1985.0760";"new column"
"1609";"10/05/2026 00:00:00";"semi; ""quote""
Zażółć gęślą jaźń";"1986.3105";"new column"
"1610";"10/05/2026 00:00:00";"";"1987.5450";"new column"
"1611";"10/05/2026 00:00:00";"semi; ""quote""
Zażółć gęślą jaźń";"1988.7795";"new column"
"1612";"10/05/2026 00:00:00";"semi; ""quote""
Zażółć gęślą jaźń";"1990.0140";"new column"
"1613";"10/05/2026 00:00:00";"semi; ""quote""
Zażółć gęślą jaźń";"1991.2485";"new column"
"1614";"10/05/2026 00:00:00";"semi; ""quote""
Zażółć gęślą jaźń";"1992.4830";"new column"
"1615";"10/05/2026 00:00:00";"semi; ""quote""
Zażółć gęślą jaźń";"1993.7175";"new column"
"1616";"10/05/2026 00:00:00";"semi; ""quote""
Zażółć gęślą jaźń";"1994.9520";"new column"
"1617";"10/05/2026 00:00:00";"";"1996.1865";"new column"
"1618";"10/05/2026 00:00:00";"semi; ""quote""
Zażółć gęślą jaźń";"1997.4210";"new column"
"1619";"10/05/2026 00:00:00";"semi; ""quote""
Zażółć gęślą jaźń";"1998.6555";"new column"
"1620";"10/05/2026 00:00:00";"semi; ""quote""
Zażółć gęślą jaźń";"1999.8900";"new column"
"1621";"10/05/2026 00:00:00";"semi; ""quote""
Zażółć gęślą jaźń";"2001.1245";"new column"
"1622";"10/05/2026 00:00:00";"semi; ""quote""
Zażółć gęślą jaźń";"2002.3590";"new column"
"1623";"10/05/2026 00:00:00";"semi; ""quote""
Zażółć gęślą jaźń";"2003.5935";"new column"
"1624";"10/05/2026 00:00:00";"";"2004.8280";"new column"
"1625";"10/05/2026 00:00:00";"semi; ""quote""
Zażółć gęślą jaźń";"2006.0625";"new column"
"1626";"10/05/2026 00:00:00";"semi; ""quote""
Zażółć gęślą jaźń";"2007.2970";"new column"
"1627";"10/05/2026 00:00:00";"semi; ""quote""
Zażółć gęślą jaźń";"2008.5315";"new column"
"1628";"10/05/2026 00:00:00";"semi; ""quote""
Zażółć gęślą jaźń";"2009.7660";"new column"
"1629";"10/05/2026 00:00:00";"semi; ""quote""
Zażółć gęślą jaźń";"2011.0005";"new column"
"1630";"10/05/2026 00:00:00";"semi; ""quote""
Zażółć gęślą jaźń";"2012.2350";"new column"
"1631";"10/05/2026 00:00:00";"";"2013.4695";"new column"
"1632";"10/05/2026 00:00:00";"semi; ""quote""
Zażółć gęślą jaźń";"2014.7040";"new column"
"1633";"10/05/2026 00:00:00";"semi; ""quote""
Zażółć gęślą jaźń";"2015.9385";"new column"
"1634";"10/05/2026 00:00:00";"semi; ""quote""
Zażółć gęślą jaźń";"2017.1730";"new column"
"1635";"10/05/2026 00:00:00";"semi; ""quote""
Zażółć gęślą jaźń";"2018.4075";"new column"
"1636";"10/05/2026 00:00:00";"semi; ""quote""
Zażółć gęślą jaźń";"2019.6420";"new column"
"1637";"10/05/2026 00:00:00";"semi; ""quote""
Zażółć gęślą jaźń";"2020.8765";"new column"
"1638";"10/05/2026 00:00:00";"";"2022.1110";"new column"
"1639";"10/05/2026 00:00:00";"semi; ""quote""
Zażółć gęślą jaźń";"2023.3455";"new column"
"1640";"10/05/2026 00:00:00";"semi; ""quote""
Zażółć gęślą jaźń";"2024.5800";"new column"
"1641";"10/05/2026 00:00:00";"semi; ""quote""
Zażółć gęślą jaźń";"2025.8145";"new column"
"1642";"10/05/2026 00:00:00";"semi; ""quote""
Zażółć gęślą jaźń";"2027.0490";"new column"
"1643";"10/05/2026 00:00:00";"semi; ""quote""
Zażółć gęślą jaźń";"2028.2835";"new column"
"1644";"10/05/2026 00:00:00";"semi; ""quote""
Zażółć gęślą jaźń";"2029.5180";"new column"
"1645";"10/05/2026 00:00:00";"";"2030.7525";"new column"
"1646";"10/05/2026 00:00:00";"semi; ""quote""
Zażółć gęślą jaźń";"2031.9870";"new column"
"1647";"10/05/2026 00:00:00";"semi; ""quote""
Zażółć gęślą jaźń";"2033.2215";"new column"
"1648";"10/05/2026 00:00:00";"semi; ""quote""
Zażółć gęślą jaźń";"2034.4560";"new column"
"1649";"10/05/2026 00:00:00";"semi; ""quote""
Zażółć gęślą jaźń";"2035.6905";"new column"
"1650";"10/05/2026 00:00:00";"semi; ""quote""
Zażółć gęślą jaźń";"2036.9250";"new column"
"1651";"10/05/2026 00:00:00";"semi; ""quote""
Zażółć gęślą jaźń";"2038.1595";"new column"
"1652";"10/05/2026 00:00:00";"";"2039.3940";"new column"
"1653";"10/05/2026 00:00:00";"semi; ""quote""
Zażółć gęślą jaźń";"2040.6285";"new column"
"1654";"10/05/2026 00:00:00";"semi; ""quote""
Zażółć gęślą jaźń";"2041.8630";"new column"
"1655";"10/05/2026 00:00:00";"semi; ""quote""
Zażółć gęślą jaźń";"2043.0975";"new column"
"1656";"10/05/2026 00:00:00";"semi; ""quote""
Zażółć gęślą jaźń";"2044.3320";"new column"
"1657";"10/05/2026 00:00:00";"semi; ""quote""
Zażółć gęślą jaźń";"2045.5665";"new column"
"1658";"10/05/2026 00:00:00";"semi; ""quote""
Zażółć gęślą jaźń";"2046.8010";"new column"
"1659";"10/05/2026 00:00:00";"";"2048.0355";"new column"
"1660";"10/05/2026 00:00:00";"semi; ""quote""
Zażółć gęślą jaźń";"2049.2700";"new column"
"1661";"10/05/2026 00:00:00";"semi; ""quote""
Zażółć gęślą jaźń";"2050.5045";"new column"
"1662";"10/05/2026 00:00:00";"semi; ""quote""
Zażółć gęślą jaźń";"2051.7390";"new column"
"1663";"10/05/2026 00:00:00";"semi; ""quote""
Zażółć gęślą jaźń";"2052.9735";"new column"
"1664";"10/05/2026 00:00:00";"semi; ""quote""
Zażółć gęślą jaźń";"2054.2080";"new column"
"1665";"10/05/2026 00:00:00";"semi; ""quote""
Zażółć gęślą jaźń";"2055.4425";"new column"
"1666";"10/05/2026 00:00:00";"";"2056.6770";"new column"
"1667";"10/05/2026 00:00:00";"semi; ""quote""
Zażółć gęślą jaźń";"2057.9115";"new column"
"1668";"10/05/2026 00:00:00";"semi; ""quote""
Zażółć gęślą jaźń";"2059.1460";"new column"
"1669";"10/05/2026 00:00:00";"semi; ""quote""
Zażółć gęślą jaźń";"2060.3805";"new column"
"1670";"10/05/2026 00:00:00";"semi; ""quote""
Zażółć gęślą jaźń";"2061.6150";"new column"
"1671";"10/05/2026 00:00:00";"semi; ""quote""
Zażółć gęślą jaźń";"2062.8495";"new column"
"1672";"10/05/2026 00:00:00";"semi; ""quote""
Zażółć gęślą jaźń";"2064.0840";"new column"
"1673";"10/05/2026 00:00:00";"";"2065.3185";"new column"
"1674";"10/05/2026 00:00:00";"semi; ""quote""
Zażółć gęślą jaźń";"2066.5530";"new column"
"1675";"10/05/2026 00:00:00";"semi; ""quote""
Zażółć gęślą jaźń";"2067.7875";"new column"
"1676";"10/05/2026 00:00:00";"semi; ""quote""
Zażółć gęślą jaźń";"2069.0220";"new column"
"1677";"10/05/2026 00:00:00";"semi; ""quote""
Zażółć gęślą jaźń";"2070.2565";"new column"
"1678";"10/05/2026 00:00:00";"semi; ""quote""
Zażółć gęślą jaźń";"2071.4910";"new column"
"1679";"10/05/2026 00:00:00";"semi; ""quote""
Zażółć gęślą jaźń";"2072.7255";"new column"
"1680";"10/05/2026 00:00:00";"";"2073.9600";"new column"
"1681";"10/05/2026 00:00:00";"semi; ""quote""
Zażółć gęślą jaźń";"2075.1945";"new column"
"1682";"10/05/2026 00:00:00";"semi; ""quote""
Zażółć gęślą jaźń";"2076.4290";"new column"
"1683";"10/05/2026 00:00:00";"semi; ""quote""
Zażółć gęślą jaźń";"2077.6635";"new column"
"1684";"10/05/2026 00:00:00";"semi; ""quote""
Zażółć gęślą jaźń";"2078.8980";"new column"
"1685";"10/05/2026 00:00:00";"semi; ""quote""
Zażółć gęślą jaźń";"2080.1325";"new column"
"1686";"10/05/2026 00:00:00";"semi; ""quote""
Zażółć gęślą jaźń";"2081.3670";"new column"
"1687";"10/05/2026 00:00:00";"";"2082.6015";"new column"
"1688";"10/05/2026 00:00:00";"semi; ""quote""
Zażółć gęślą jaźń";"2083.8360";"new column"
"1689";"10/05/2026 00:00:00";"semi; ""quote""
Zażółć gęślą jaźń";"2085.0705";"new column"
"1690";"10/05/2026 00:00:00";"semi; ""quote""
Zażółć gęślą jaźń";"2086.3050";"new column"
"1691";"10/05/2026 00:00:00";"semi; ""quote""
Zażółć gęślą jaźń";"2087.5395";"new column"
"1692";"10/05/2026 00:00:00";"semi; ""quote""
Zażółć gęślą jaźń";"2088.7740";"new column"
"1693";"10/05/2026 00:00:00";"semi; ""quote""
Zażółć gęślą jaźń";"2090.0085";"new column"
"1694";"10/05/2026 00:00:00";"";"2091.2430";"new column"
"1695";"10/05/2026 00:00:00";"semi; ""quote""
Zażółć gęślą jaźń";"2092.4775";"new column"
"1696";"10/05/2026 00:00:00";"semi; ""quote""
Zażółć gęślą jaźń";"2093.7120";"new column"
"1697";"10/05/2026 00:00:00";"semi; ""quote""
Zażółć gęślą jaźń";"2094.9465";"new column"
"1698";"10/05/2026 00:00:00";"semi; ""quote""
Zażółć gęślą jaźń";"2096.1810";"new column"
"1699";"10/05/2026 00:00:00";"semi; ""quote""
Zażółć gęślą jaźń";"2097.4155";"new column"
"1700";"10/05/2026 00:00:00";"semi; ""quote""
Zażółć gęślą jaźń";"2098.6500";"new column"
"1701";"10/05/2026 00:00:00";"";"2099.8845";"new column"
"1702";"10/05/2026 00:00:00";"semi; ""quote""
Zażółć gęślą jaźń";"2101.1190";"new column"
"1703";"10/05/2026 00:00:00";"semi; ""quote""
Zażółć gęślą jaźń";"2102.3535";"new column"
"1704";"10/05/2026 00:00:00";"semi; ""quote""
Zażółć gęślą jaźń";"2103.5880";"new column"
"1705";"10/05/2026 00:00:00";"semi; ""quote""
Zażółć gęślą jaźń";"2104.8225";"new column"
"1706";"10/05/2026 00:00:00";"semi; ""quote""
Zażółć gęślą jaźń";"2106.0570";"new column"
"1707";"10/05/2026 00:00:00";"semi; ""quote""
Zażółć gęślą jaźń";"2107.2915";"new column"
"1708";"10/05/2026 00:00:00";"";"2108.5260";"new column"
"1709";"10/05/2026 00:00:00";"semi; ""quote""
Zażółć gęślą jaźń";"2109.7605";"new column"
"1710";"10/05/2026 00:00:00";"semi; ""quote""
Zażółć gęślą jaźń";"2110.9950";"new column"
"1711";"10/05/2026 00:00:00";"semi; ""quote""
Zażółć gęślą jaźń";"2112.2295";"new column"
"1712";"10/05/2026 00:00:00";"semi; ""quote""
Zażółć gęślą jaźń";"2113.4640";"new column"
"1713";"10/05/2026 00:00:00";"semi; ""quote""
Zażółć gęślą jaźń";"2114.6985";"new column"
"1714";"10/05/2026 00:00:00";"semi; ""quote""
Zażółć gęślą jaźń";"2115.9330";"new column"
"1715";"10/05/2026 00:00:00";"";"2117.1675";"new column"
"1716";"10/05/2026 00:00:00";"semi; ""quote""
Zażółć gęślą jaźń";"2118.4020";"new column"
"1717";"10/05/2026 00:00:00";"semi; ""quote""
Zażółć gęślą jaźń";"2119.6365";"new column"
"1718";"10/05/2026 00:00:00";"semi; ""quote""
Zażółć gęślą jaźń";"2120.8710";"new column"
"1719";"10/05/2026 00:00:00";"semi; ""quote""
Zażółć gęślą jaźń";"2122.1055";"new column"
"1720";"10/05/2026 00:00:00";"semi; ""quote""
Zażółć gęślą jaźń";"2123.3400";"new column"
"1721";"10/05/2026 00:00:00";"semi; ""quote""
Zażółć gęślą jaźń";"2124.5745";"new column"
"1722";"10/05/2026 00:00:00";"";"2125.8090";"new column"
"1723";"10/05/2026 00:00:00";"semi; ""quote""
Zażółć gęślą jaźń";"2127.0435";"new column"
"1724";"10/05/2026 00:00:00";"semi; ""quote""
Zażółć gęślą jaźń";"2128.2780";"new column"
"1725";"10/05/2026 00:00:00";"semi; ""quote""
Zażółć gęślą jaźń";"2129.5125";"new column"
"1726";"10/05/2026 00:00:00";"semi; ""quote""
Zażółć gęślą jaźń";"2130.7470";"new column"
"1727";"10/05/2026 00:00:00";"semi; ""quote""
Zażółć gęślą jaźń";"2131.9815";"new column"
"1728";"10/05/2026 00:00:00";"semi; ""quote""
Zażółć gęślą jaźń";"2133.2160";"new column"
"1729";"10/05/2026 00:00:00";"";"2134.4505";"new column"
"1730";"10/05/2026 00:00:00";"semi; ""quote""
Zażółć gęślą jaźń";"2135.6850";"new column"
"1731";"10/05/2026 00:00:00";"semi; ""quote""
Zażółć gęślą jaźń";"2136.9195";"new column"
"1732";"10/05/2026 00:00:00";"semi; ""quote""
Zażółć gęślą jaźń";"2138.1540";"new column"
"1733";"10/05/2026 00:00:00";"semi; ""quote""
Zażółć gęślą jaźń";"2139.3885";"new column"
"1734";"10/05/2026 00:00:00";"semi; ""quote""
Zażółć gęślą jaźń";"2140.6230";"new column"
"1735";"10/05/2026 00:00:00";"semi; ""quote""
Zażółć gęślą jaźń";"2141.8575";"new column"
"1736";"10/05/2026 00:00:00";"";"2143.0920";"new column"
"1737";"10/05/2026 00:00:00";"semi; ""quote""
Zażółć gęślą jaźń";"2144.3265";"new column"
"1738";"10/05/2026 00:00:00";"semi; ""quote""
Zażółć gęślą jaźń";"2145.5610";"new column"
"1739";"10/05/2026 00:00:00";"semi; ""quote""
Zażółć gęślą jaźń";"2146.7955";"new column"
"1740";"10/05/2026 00:00:00";"semi; ""quote""
Zażółć gęślą jaźń";"2148.0300";"new column"
"1741";"10/05/2026 00:00:00";"semi; ""quote""
Zażółć gęślą jaźń";"2149.2645";"new column"
"1742";"10/05/2026 00:00:00";"semi; ""quote""
Zażółć gęślą jaźń";"2150.4990";"new column"
"1743";"10/05/2026 00:00:00";"";"2151.7335";"new column"
"1744";"10/05/2026 00:00:00";"semi; ""quote""
Zażółć gęślą jaźń";"2152.9680";"new column"
"1745";"10/05/2026 00:00:00";"semi; ""quote""
Zażółć gęślą jaźń";"2154.2025";"new column"
"1746";"10/05/2026 00:00:00";"semi; ""quote""
Zażółć gęślą jaźń";"2155.4370";"new column"
"1747";"10/05/2026 00:00:00";"semi; ""quote""
Zażółć gęślą jaźń";"2156.6715";"new column"
"1748";"10/05/2026 00:00:00";"semi; ""quote""
Zażółć gęślą jaźń";"2157.9060";"new column"
"1749";"10/05/2026 00:00:00";"semi; ""quote""
Zażółć gęślą jaźń";"2159.1405";"new column"
"1750";"10/05/2026 00:00:00";"";"2160.3750";"new column"
"1751";"10/05/2026 00:00:00";"semi; ""quote""
Zażółć gęślą jaźń";"2161.6095";"new column"
"1752";"10/05/2026 00:00:00";"semi; ""quote""
Zażółć gęślą jaźń";"2162.8440";"new column"
"1753";"10/05/2026 00:00:00";"semi; ""quote""
Zażółć gęślą jaźń";"2164.0785";"new column"
"1754";"10/05/2026 00:00:00";"semi; ""quote""
Zażółć gęślą jaźń";"2165.3130";"new column"
"1755";"10/05/2026 00:00:00";"semi; ""quote""
Zażółć gęślą jaźń";"2166.5475";"new column"
"1756";"10/05/2026 00:00:00";"semi; ""quote""
Zażółć gęślą jaźń";"2167.7820";"new column"
"1757";"10/05/2026 00:00:00";"";"2169.0165";"new column"
"1758";"10/05/2026 00:00:00";"semi; ""quote""
Zażółć gęślą jaźń";"2170.2510";"new column"
"1759";"10/05/2026 00:00:00";"semi; ""quote""
Zażółć gęślą jaźń";"2171.4855";"new column"
"1760";"10/05/2026 00:00:00";"semi; ""quote""
Zażółć gęślą jaźń";"2172.7200";"new column"
"1761";"10/05/2026 00:00:00";"semi; ""quote""
Zażółć gęślą jaźń";"2173.9545";"new column"
"1762";"10/05/2026 00:00:00";"semi; ""quote""
Zażółć gęślą jaźń";"2175.1890";"new column"
"1763";"10/05/2026 00:00:00";"semi; ""quote""
Zażółć gęślą jaźń";"2176.4235";"new column"
"1764";"10/05/2026 00:00:00";"";"2177.6580";"new column"
"1765";"10/05/2026 00:00:00";"semi; ""quote""
Zażółć gęślą jaźń";"2178.8925";"new column"
"1766";"10/05/2026 00:00:00";"semi; ""quote""
Zażółć gęślą jaźń";"2180.1270";"new column"
"1767";"10/05/2026 00:00:00";"semi; ""quote""
Zażółć gęślą jaźń";"2181.3615";"new column"
"1768";"10/05/2026 00:00:00";"semi; ""quote""
Zażółć gęślą jaźń";"2182.5960";"new column"
"1769";"10/05/2026 00:00:00";"semi; ""quote""
Zażółć gęślą jaźń";"2183.8305";"new column"
"1770";"10/05/2026 00:00:00";"semi; ""quote""
Zażółć gęślą jaźń";"2185.0650";"new column"
"1771";"10/05/2026 00:00:00";"";"2186.2995";"new column"
"1772";"10/05/2026 00:00:00";"semi; ""quote""
Zażółć gęślą jaźń";"2187.5340";"new column"
"1773";"10/05/2026 00:00:00";"semi; ""quote""
Zażółć gęślą jaźń";"2188.7685";"new column"
"1774";"10/05/2026 00:00:00";"semi; ""quote""
Zażółć gęślą jaźń";"2190.0030";"new column"
"1775";"10/05/2026 00:00:00";"semi; ""quote""
Zażółć gęślą jaźń";"2191.2375";"new column"
"1776";"10/05/2026 00:00:00";"semi; ""quote""
Zażółć gęślą jaźń";"2192.4720";"new column"
"1777";"10/05/2026 00:00:00";"semi; ""quote""
Zażółć gęślą jaźń";"2193.7065";"new column"
"1778";"10/05/2026 00:00:00";"";"2194.9410";"new column"
"1779";"10/05/2026 00:00:00";"semi; ""quote""
Zażółć gęślą jaźń";"2196.1755";"new column"
"1780";"10/05/2026 00:00:00";"semi; ""quote""
Zażółć gęślą jaźń";"2197.4100";"new column"
"1781";"10/05/2026 00:00:00";"semi; ""quote""
Zażółć gęślą jaźń";"2198.6445";"new column"
"1782";"10/05/2026 00:00:00";"semi; ""quote""
Zażółć gęślą jaźń";"2199.8790";"new column"
"1783";"10/05/2026 00:00:00";"semi; ""quote""
Zażółć gęślą jaźń";"2201.1135";"new column"
"1784";"10/05/2026 00:00:00";"semi; ""quote""
Zażółć gęślą jaźń";"2202.3480";"new column"
"1785";"10/05/2026 00:00:00";"";"2203.5825";"new column"
"1786";"10/05/2026 00:00:00";"semi; ""quote""
Zażółć gęślą jaźń";"2204.8170";"new column"
"1787";"10/05/2026 00:00:00";"semi; ""quote""
Zażółć gęślą jaźń";"2206.0515";"new column"
"1788";"10/05/2026 00:00:00";"semi; ""quote""
Zażółć gęślą jaźń";"2207.2860";"new column"
"1789";"10/05/2026 00:00:00";"semi; ""quote""
Zażółć gęślą jaźń";"2208.5205";"new column"
"1790";"10/05/2026 00:00:00";"semi; ""quote""
Zażółć gęślą jaźń";"2209.7550";"new column"
"1791";"10/05/2026 00:00:00";"semi; ""quote""
Zażółć gęślą jaźń";"2210.9895";"new column"
"1792";"10/05/2026 00:00:00";"";"2212.2240";"new column"
"1793";"10/05/2026 00:00:00";"semi; ""quote""
Zażółć gęślą jaźń";"2213.4585";"new column"
"1794";"10/05/2026 00:00:00";"semi; ""quote""
Zażółć gęślą jaźń";"2214.6930";"new column"
"1795";"10/05/2026 00:00:00";"semi; ""quote""
Zażółć gęślą jaźń";"2215.9275";"new column"
"1796";"10/05/2026 00:00:00";"semi; ""quote""
Zażółć gęślą jaźń";"2217.1620";"new column"
"1797";"10/05/2026 00:00:00";"semi; ""quote""
Zażółć gęślą jaźń";"2218.3965";"new column"
"1798";"10/05/2026 00:00:00";"semi; ""quote""
Zażółć gęślą jaźń";"2219.6310";"new column"
"1799";"10/05/2026 00:00:00";"";"2220.8655";"new column"
"1800";"10/05/2026 00:00:00";"semi; ""quote""
Zażółć gęślą jaźń";"2222.1000";"new column"
"1801";"10/05/2026 00:00:00";"semi; ""quote""
Zażółć gęślą jaźń";"2223.3345";"new column"
"1802";"10/05/2026 00:00:00";"semi; ""quote""
Zażółć gęślą jaźń";"2224.5690";"new column"
"1803";"10/05/2026 00:00:00";"semi; ""quote""
Zażółć gęślą jaźń";"2225.8035";"new column"
"1804";"10/05/2026 00:00:00";"semi; ""quote""
Zażółć gęślą jaźń";"2227.0380";"new column"
"1805";"10/05/2026 00:00:00";"semi; ""quote""
Zażółć gęślą jaźń";"2228.2725";"new column"
"1806";"10/05/2026 00:00:00";"";"2229.5070";"new column"
"1807";"10/05/2026 00:00:00";"semi; ""quote""
Zażółć gęślą jaźń";"2230.7415";"new column"
"1808";"10/05/2026 00:00:00";"semi; ""quote""
Zażółć gęślą jaźń";"2231.9760";"new column"
"1809";"10/05/2026 00:00:00";"semi; ""quote""
Zażółć gęślą jaźń";"2233.2105";"new column"
"1810";"10/05/2026 00:00:00";"semi; ""quote""
Zażółć gęślą jaźń";"2234.4450";"new column"
"1811";"10/05/2026 00:00:00";"semi; ""quote""
Zażółć gęślą jaźń";"2235.6795";"new column"
"1812";"10/05/2026 00:00:00";"semi; ""quote""
Zażółć gęślą jaźń";"2236.9140";"new column"
"1813";"10/05/2026 00:00:00";"";"2238.1485";"new column"
"1814";"10/05/2026 00:00:00";"semi; ""quote""
Zażółć gęślą jaźń";"2239.3830";"new column"
"1815";"10/05/2026 00:00:00";"semi; ""quote""
Zażółć gęślą jaźń";"2240.6175";"new column"
"1816";"10/05/2026 00:00:00";"semi; ""quote""
Zażółć gęślą jaźń";"2241.8520";"new column"
"1817";"10/05/2026 00:00:00";"semi; ""quote""
Zażółć gęślą jaźń";"2243.0865";"new column"
"1818";"10/05/2026 00:00:00";"semi; ""quote""
Zażółć gęślą jaźń";"2244.3210";"new column"
"1819";"10/05/2026 00:00:00";"semi; ""quote""
Zażółć gęślą jaźń";"2245.5555";"new column"
"1820";"10/05/2026 00:00:00";"";"2246.7900";"new column"
"1821";"10/05/2026 00:00:00";"semi; ""quote""
Zażółć gęślą jaźń";"2248.0245";"new column"
"1822";"10/05/2026 00:00:00";"semi; ""quote""
Zażółć gęślą jaźń";"2249.2590";"new column"
"1823";"10/05/2026 00:00:00";"semi; ""quote""
Zażółć gęślą jaźń";"2250.4935";"new column"
"1824";"10/05/2026 00:00:00";"semi; ""quote""
Zażółć gęślą jaźń";"2251.7280";"new column"
"1825";"10/05/2026 00:00:00";"semi; ""quote""
Zażółć gęślą jaźń";"2252.9625";"new column"
"1826";"10/05/2026 00:00:00";"semi; ""quote""
Zażółć gęślą jaźń";"2254.1970";"new column"
"1827";"10/05/2026 00:00:00";"";"2255.4315";"new column"
"1828";"10/05/2026 00:00:00";"semi; ""quote""
Zażółć gęślą jaźń";"2256.6660";"new column"
"1829";"10/05/2026 00:00:00";"semi; ""quote""
Zażółć gęślą jaźń";"2257.9005";"new column"
"1830";"10/05/2026 00:00:00";"semi; ""quote""
Zażółć gęślą jaźń";"2259.1350";"new column"
"1831";"10/05/2026 00:00:00";"semi; ""quote""
Zażółć gęślą jaźń";"2260.3695";"new column"
"1832";"10/05/2026 00:00:00";"semi; ""quote""
Zażółć gęślą jaźń";"2261.6040";"new column"
"1833";"10/05/2026 00:00:00";"semi; ""quote""
Zażółć gęślą jaźń";"2262.8385";"new column"
"1834";"10/05/2026 00:00:00";"";"2264.0730";"new column"
"1835";"10/05/2026 00:00:00";"semi; ""quote""
Zażółć gęślą jaźń";"2265.3075";"new column"
"1836";"10/05/2026 00:00:00";"semi; ""quote""
Zażółć gęślą jaźń";"2266.5420";"new column"
"1837";"10/05/2026 00:00:00";"semi; ""quote""
Zażółć gęślą jaźń";"2267.7765";"new column"
"1838";"10/05/2026 00:00:00";"semi; ""quote""
Zażółć gęślą jaźń";"2269.0110";"new column"
"1839";"10/05/2026 00:00:00";"semi; ""quote""
Zażółć gęślą jaźń";"2270.2455";"new column"
"1840";"10/05/2026 00:00:00";"semi; ""quote""
Zażółć gęślą jaźń";"2271.4800";"new column"
"1841";"10/05/2026 00:00:00";"";"2272.7145";"new column"
"1842";"10/05/2026 00:00:00";"semi; ""quote""
Zażółć gęślą jaźń";"2273.9490";"new column"
"1843";"10/05/2026 00:00:00";"semi; ""quote""
Zażółć gęślą jaźń";"2275.1835";"new column"
"1844";"10/05/2026 00:00:00";"semi; ""quote""
Zażółć gęślą jaźń";"2276.4180";"new column"
"1845";"10/05/2026 00:00:00";"semi; ""quote""
Zażółć gęślą jaźń";"2277.6525";"new column"
"1846";"10/05/2026 00:00:00";"semi; ""quote""
Zażółć gęślą jaźń";"2278.8870";"new column"
"1847";"10/05/2026 00:00:00";"semi; ""quote""
Zażółć gęślą jaźń";"2280.1215";"new column"
"1848";"10/05/2026 00:00:00";"";"2281.3560";"new column"
"1849";"10/05/2026 00:00:00";"semi; ""quote""
Zażółć gęślą jaźń";"2282.5905";"new column"
"1850";"10/05/2026 00:00:00";"semi; ""quote""
Zażółć gęślą jaźń";"2283.8250";"new column"
"1851";"10/05/2026 00:00:00";"semi; ""quote""
Zażółć gęślą jaźń";"2285.0595";"new column"
"1852";"10/05/2026 00:00:00";"semi; ""quote""
Zażółć gęślą jaźń";"2286.2940";"new column"
"1853";"10/05/2026 00:00:00";"semi; ""quote""
Zażółć gęślą jaźń";"2287.5285";"new column"
"1854";"10/05/2026 00:00:00";"semi; ""quote""
Zażółć gęślą jaźń";"2288.7630";"new column"
"1855";"10/05/2026 00:00:00";"";"2289.9975";"new column"
"1856";"10/05/2026 00:00:00";"semi; ""quote""
Zażółć gęślą jaźń";"2291.2320";"new column"
"1857";"10/05/2026 00:00:00";"semi; ""quote""
Zażółć gęślą jaźń";"2292.4665";"new column"
"1858";"10/05/2026 00:00:00";"semi; ""quote""
Zażółć gęślą jaźń";"2293.7010";"new column"
"1859";"10/05/2026 00:00:00";"semi; ""quote""
Zażółć gęślą jaźń";"2294.9355";"new column"
"1860";"10/05/2026 00:00:00";"semi; ""quote""
Zażółć gęślą jaźń";"2296.1700";"new column"
"1861";"10/05/2026 00:00:00";"semi; ""quote""
Zażółć gęślą jaźń";"2297.4045";"new column"
"1862";"10/05/2026 00:00:00";"";"2298.6390";"new column"
"1863";"10/05/2026 00:00:00";"semi; ""quote""
Zażółć gęślą jaźń";"2299.8735";"new column"
"1864";"10/05/2026 00:00:00";"semi; ""quote""
Zażółć gęślą jaźń";"2301.1080";"new column"
"1865";"10/05/2026 00:00:00";"semi; ""quote""
Zażółć gęślą jaźń";"2302.3425";"new column"
"1866";"10/05/2026 00:00:00";"semi; ""quote""
Zażółć gęślą jaźń";"2303.5770";"new column"
"1867";"10/05/2026 00:00:00";"semi; ""quote""
Zażółć gęślą jaźń";"2304.8115";"new column"
"1868";"10/05/2026 00:00:00";"semi; ""quote""
Zażółć gęślą jaźń";"2306.0460";"new column"
"1869";"10/05/2026 00:00:00";"";"2307.2805";"new column"
"1870";"10/05/2026 00:00:00";"semi; ""quote""
Zażółć gęślą jaźń";"2308.5150";"new column"
"1871";"10/05/2026 00:00:00";"semi; ""quote""
Zażółć gęślą jaźń";"2309.7495";"new column"
"1872";"10/05/2026 00:00:00";"semi; ""quote""
Zażółć gęślą jaźń";"2310.9840";"new column"
"1873";"10/05/2026 00:00:00";"semi; ""quote""
Zażółć gęślą jaźń";"2312.2185";"new column"
"1874";"10/05/2026 00:00:00";"semi; ""quote""
Zażółć gęślą jaźń";"2313.4530";"new column"
"1875";"10/05/2026 00:00:00";"semi; ""quote""
Zażółć gęślą jaźń";"2314.6875";"new column"
"1876";"10/05/2026 00:00:00";"";"2315.9220";"new column"
"1877";"10/05/2026 00:00:00";"semi; ""quote""
Zażółć gęślą jaźń";"2317.1565";"new column"
"1878";"10/05/2026 00:00:00";"semi; ""quote""
Zażółć gęślą jaźń";"2318.3910";"new column"
"1879";"10/05/2026 00:00:00";"semi; ""quote""
Zażółć gęślą jaźń";"2319.6255";"new column"
"1880";"10/05/2026 00:00:00";"semi; ""quote""
Zażółć gęślą jaźń";"2320.8600";"new column"
"1881";"10/05/2026 00:00:00";"semi; ""quote""
Zażółć gęślą jaźń";"2322.0945";"new column"
"1882";"10/05/2026 00:00:00";"semi; ""quote""
Zażółć gęślą jaźń";"2323.3290";"new column"
"1883";"10/05/2026 00:00:00";"";"2324.5635";"new column"
"1884";"10/05/2026 00:00:00";"semi; ""quote""
Zażółć gęślą jaźń";"2325.7980";"new column"
"1885";"10/05/2026 00:00:00";"semi; ""quote""
Zażółć gęślą jaźń";"2327.0325";"new column"
"1886";"10/05/2026 00:00:00";"semi; ""quote""
Zażółć gęślą jaźń";"2328.2670";"new column"
"1887";"10/05/2026 00:00:00";"semi; ""quote""
Zażółć gęślą jaźń";"2329.5015";"new column"
"1888";"10/05/2026 00:00:00";"semi; ""quote""
Zażółć gęślą jaźń";"2330.7360";"new column"
"1889";"10/05/2026 00:00:00";"semi; ""quote""
Zażółć gęślą jaźń";"2331.9705";"new column"
"1890";"10/05/2026 00:00:00";"";"2333.2050";"new column"
"1891";"10/05/2026 00:00:00";"semi; ""quote""
Zażółć gęślą jaźń";"2334.4395";"new column"
"1892";"10/05/2026 00:00:00";"semi; ""quote""
Zażółć gęślą jaźń";"2335.6740";"new column"
"1893";"10/05/2026 00:00:00";"semi; ""quote""
Zażółć gęślą jaźń";"2336.9085";"new column"
"1894";"10/05/2026 00:00:00";"semi; ""quote""
Zażółć gęślą jaźń";"2338.1430";"new column"
"1895";"10/05/2026 00:00:00";"semi; ""quote""
Zażółć gęślą jaźń";"2339.3775";"new column"
"1896";"10/05/2026 00:00:00";"semi; ""quote""
Zażółć gęślą jaźń";"2340.6120";"new column"
"1897";"10/05/2026 00:00:00";"";"2341.8465";"new column"
"1898";"10/05/2026 00:00:00";"semi; ""quote""
Zażółć gęślą jaźń";"2343.0810";"new column"
"1899";"10/05/2026 00:00:00";"semi; ""quote""
Zażółć gęślą jaźń";"2344.3155";"new column"
"1900";"10/05/2026 00:00:00";"semi; ""quote""
Zażółć gęślą jaźń";"2345.5500";"new column"
"1901";"10/05/2026 00:00:00";"semi; ""quote""
Zażółć gęślą jaźń";"2346.7845";"new column"
"1902";"10/05/2026 00:00:00";"semi; ""quote""
Zażółć gęślą jaźń";"2348.0190";"new column"
"1903";"10/05/2026 00:00:00";"semi; ""quote""
Zażółć gęślą jaźń";"2349.2535";"new column"
"1904";"10/05/2026 00:00:00";"";"2350.4880";"new column"
"1905";"10/05/2026 00:00:00";"semi; ""quote""
Zażółć gęślą jaźń";"2351.7225";"new column"
"1906";"10/05/2026 00:00:00";"semi; ""quote""
Zażółć gęślą jaźń";"2352.9570";"new column"
"1907";"10/05/2026 00:00:00";"semi; ""quote""
Zażółć gęślą jaźń";"2354.1915";"new column"
"1908";"10/05/2026 00:00:00";"semi; ""quote""
Zażółć gęślą jaźń";"2355.4260";"new column"
"1909";"10/05/2026 00:00:00";"semi; ""quote""
Zażółć gęślą jaźń";"2356.6605";"new column"
"1910";"10/05/2026 00:00:00";"semi; ""quote""
Zażółć gęślą jaźń";"2357.8950";"new column"
"1911";"10/05/2026 00:00:00";"";"2359.1295";"new column"
"1912";"10/05/2026 00:00:00";"semi; ""quote""
Zażółć gęślą jaźń";"2360.3640";"new column"
"1913";"10/05/2026 00:00:00";"semi; ""quote""
Zażółć gęślą jaźń";"2361.5985";"new column"
"1914";"10/05/2026 00:00:00";"semi; ""quote""
Zażółć gęślą jaźń";"2362.8330";"new column"
"1915";"10/05/2026 00:00:00";"semi; ""quote""
Zażółć gęślą jaźń";"2364.0675";"new column"
"1916";"10/05/2026 00:00:00";"semi; ""quote""
Zażółć gęślą jaźń";"2365.3020";"new column"
"1917";"10/05/2026 00:00:00";"semi; ""quote""
Zażółć gęślą jaźń";"2366.5365";"new column"
"1918";"10/05/2026 00:00:00";"";"2367.7710";"new column"
"1919";"10/05/2026 00:00:00";"semi; ""quote""
Zażółć gęślą jaźń";"2369.0055";"new column"
"1920";"10/05/2026 00:00:00";"semi; ""quote""
Zażółć gęślą jaźń";"2370.2400";"new column"
"1921";"10/05/2026 00:00:00";"semi; ""quote""
Zażółć gęślą jaźń";"2371.4745";"new column"
"1922";"10/05/2026 00:00:00";"semi; ""quote""
Zażółć gęślą jaźń";"2372.7090";"new column"
"1923";"10/05/2026 00:00:00";"semi; ""quote""
Zażółć gęślą jaźń";"2373.9435";"new column"
"1924";"10/05/2026 00:00:00";"semi; ""quote""
Zażółć gęślą jaźń";"2375.1780";"new column"
"1925";"10/05/2026 00:00:00";"";"2376.4125";"new column"
"1926";"10/05/2026 00:00:00";"semi; ""quote""
Zażółć gęślą jaźń";"2377.6470";"new column"
"1927";"10/05/2026 00:00:00";"semi; ""quote""
Zażółć gęślą jaźń";"2378.8815";"new column"
"1928";"10/05/2026 00:00:00";"semi; ""quote""
Zażółć gęślą jaźń";"2380.1160";"new column"
"1929";"10/05/2026 00:00:00";"semi; ""quote""
Zażółć gęślą jaźń";"2381.3505";"new column"
"1930";"10/05/2026 00:00:00";"semi; ""quote""
Zażółć gęślą jaźń";"2382.5850";"new column"
"1931";"10/05/2026 00:00:00";"semi; ""quote""
Zażółć gęślą jaźń";"2383.8195";"new column"
"1932";"10/05/2026 00:00:00";"";"2385.0540";"new column"
"1933";"10/05/2026 00:00:00";"semi; ""quote""
Zażółć gęślą jaźń";"2386.2885";"new column"
"1934";"10/05/2026 00:00:00";"semi; ""quote""
Zażółć gęślą jaźń";"2387.5230";"new column"
"1935";"10/05/2026 00:00:00";"semi; ""quote""
Zażółć gęślą jaźń";"2388.7575";"new column"
"1936";"10/05/2026 00:00:00";"semi; ""quote""
Zażółć gęślą jaźń";"2389.9920";"new column"
"1937";"10/05/2026 00:00:00";"semi; ""quote""
Zażółć gęślą jaźń";"2391.2265";"new column"
"1938";"10/05/2026 00:00:00";"semi; ""quote""
Zażółć gęślą jaźń";"2392.4610";"new column"
"1939";"10/05/2026 00:00:00";"";"2393.6955";"new column"
"1940";"10/05/2026 00:00:00";"semi; ""quote""
Zażółć gęślą jaźń";"2394.9300";"new column"
"1941";"10/05/2026 00:00:00";"semi; ""quote""
Zażółć gęślą jaźń";"2396.1645";"new column"
"1942";"10/05/2026 00:00:00";"semi; ""quote""
Zażółć gęślą jaźń";"2397.3990";"new column"
"1943";"10/05/2026 00:00:00";"semi; ""quote""
Zażółć gęślą jaźń";"2398.6335";"new column"
"1944";"10/05/2026 00:00:00";"semi; ""quote""
Zażółć gęślą jaźń";"2399.8680";"new column"
"1945";"10/05/2026 00:00:00";"semi; ""quote""
Zażółć gęślą jaźń";"2401.1025";"new column"
"1946";"10/05/2026 00:00:00";"";"2402.3370";"new column"
"1947";"10/05/2026 00:00:00";"semi; ""quote""
Zażółć gęślą jaźń";"2403.5715";"new column"
"1948";"10/05/2026 00:00:00";"semi; ""quote""
Zażółć gęślą jaźń";"2404.8060";"new column"
"1949";"10/05/2026 00:00:00";"semi; ""quote""
Zażółć gęślą jaźń";"2406.0405";"new column"
"1950";"10/05/2026 00:00:00";"semi; ""quote""
Zażółć gęślą jaźń";"2407.2750";"new column"
"1951";"10/05/2026 00:00:00";"semi; ""quote""
Zażółć gęślą jaźń";"2408.5095";"new column"
"1952";"10/05/2026 00:00:00";"semi; ""quote""
Zażółć gęślą jaźń";"2409.7440";"new column"
"1953";"10/05/2026 00:00:00";"";"2410.9785";"new column"
"1954";"10/05/2026 00:00:00";"semi; ""quote""
Zażółć gęślą jaźń";"2412.2130";"new column"
"1955";"10/05/2026 00:00:00";"semi; ""quote""
Zażółć gęślą jaźń";"2413.4475";"new column"
"1956";"10/05/2026 00:00:00";"semi; ""quote""
Zażółć gęślą jaźń";"2414.6820";"new column"
"1957";"10/05/2026 00:00:00";"semi; ""quote""
Zażółć gęślą jaźń";"2415.9165";"new column"
"1958";"10/05/2026 00:00:00";"semi; ""quote""
Zażółć gęślą jaźń";"2417.1510";"new column"
"1959";"10/05/2026 00:00:00";"semi; ""quote""
Zażółć gęślą jaźń";"2418.3855";"new column"
"1960";"10/05/2026 00:00:00";"";"2419.6200";"new column"
"1961";"10/05/2026 00:00:00";"semi; ""quote""
Zażółć gęślą jaźń";"2420.8545";"new column"
"1962";"10/05/2026 00:00:00";"semi; ""quote""
Zażółć gęślą jaźń";"2422.0890";"new column"
"1963";"10/05/2026 00:00:00";"semi; ""quote""
Zażółć gęślą jaźń";"2423.3235";"new column"
"1964";"10/05/2026 00:00:00";"semi; ""quote""
Zażółć gęślą jaźń";"2424.5580";"new column"
"1965";"10/05/2026 00:00:00";"semi; ""quote""
Zażółć gęślą jaźń";"2425.7925";"new column"
"1966";"10/05/2026 00:00:00";"semi; ""quote""
Zażółć gęślą jaźń";"2427.0270";"new column"
"1967";"10/05/2026 00:00:00";"";"2428.2615";"new column"
"1968";"10/05/2026 00:00:00";"semi; ""quote""
Zażółć gęślą jaźń";"2429.4960";"new column"
"1969";"10/05/2026 00:00:00";"semi; ""quote""
Zażółć gęślą jaźń";"2430.7305";"new column"
"1970";"10/05/2026 00:00:00";"semi; ""quote""
Zażółć gęślą jaźń";"2431.9650";"new column"
"1971";"10/05/2026 00:00:00";"semi; ""quote""
Zażółć gęślą jaźń";"2433.1995";"new column"
"1972";"10/05/2026 00:00:00";"semi; ""quote""
Zażółć gęślą jaźń";"2434.4340";"new column"
"1973";"10/05/2026 00:00:00";"semi; ""quote""
Zażółć gęślą jaźń";"2435.6685";"new column"
"1974";"10/05/2026 00:00:00";"";"2436.9030";"new column"
"1975";"10/05/2026 00:00:00";"semi; ""quote""
Zażółć gęślą jaźń";"2438.1375";"new column"
"1976";"10/05/2026 00:00:00";"semi; ""quote""
Zażółć gęślą jaźń";"2439.3720";"new column"
"1977";"10/05/2026 00:00:00";"semi; ""quote""
Zażółć gęślą jaźń";"2440.6065";"new column"
"1978";"10/05/2026 00:00:00";"semi; ""quote""
Zażółć gęślą jaźń";"2441.8410";"new column"
"1979";"10/05/2026 00:00:00";"semi; ""quote""
Zażółć gęślą jaźń";"2443.0755";"new column"
"1980";"10/05/2026 00:00:00";"semi; ""quote""
Zażółć gęślą jaźń";"2444.3100";"new column"
"1981";"10/05/2026 00:00:00";"";"2445.5445";"new column"
"1982";"10/05/2026 00:00:00";"semi; ""quote""
Zażółć gęślą jaźń";"2446.7790";"new column"
"1983";"10/05/2026 00:00:00";"semi; ""quote""
Zażółć gęślą jaźń";"2448.0135";"new column"
"1984";"10/05/2026 00:00:00";"semi; ""quote""
Zażółć gęślą jaźń";"2449.2480";"new column"
"1985";"10/05/2026 00:00:00";"semi; ""quote""
Zażółć gęślą jaźń";"2450.4825";"new column"
"1986";"10/05/2026 00:00:00";"semi; ""quote""
Zażółć gęślą jaźń";"2451.7170";"new column"
"1987";"10/05/2026 00:00:00";"semi; ""quote""
Zażółć gęślą jaźń";"2452.9515";"new column"
"1988";"10/05/2026 00:00:00";"";"2454.1860";"new column"
"1989";"10/05/2026 00:00:00";"semi; ""quote""
Zażółć gęślą jaźń";"2455.4205";"new column"
"1990";"10/05/2026 00:00:00";"semi; ""quote""
Zażółć gęślą jaźń";"2456.6550";"new column"
"1991";"10/05/2026 00:00:00";"semi; ""quote""
Zażółć gęślą jaźń";"2457.8895";"new column"
"1992";"10/05/2026 00:00:00";"semi; ""quote""
Zażółć gęślą jaźń";"2459.1240";"new column"
"1993";"10/05/2026 00:00:00";"semi; ""quote""
Zażółć gęślą jaźń";"2460.3585";"new column"
"1994";"10/05/2026 00:00:00";"semi; ""quote""
Zażółć gęślą jaźń";"2461.5930";"new column"
"1995";"10/05/2026 00:00:00";"";"2462.8275";"new column"
"1996";"10/05/2026 00:00:00";"semi; ""quote""
Zażółć gęślą jaźń";"2464.0620";"new column"
"1997";"10/05/2026 00:00:00";"semi; ""quote""
Zażółć gęślą jaźń";"2465.2965";"new column"
"1998";"10/05/2026 00:00:00";"semi; ""quote""
Zażółć gęślą jaźń";"2466.5310";"new column"
"1999";"10/05/2026 00:00:00";"semi; ""quote""
Zażółć gęślą jaźń";"2467.7655";"new column"
"2000";"10/05/2026 00:00:00";"semi; ""quote""
Zażółć gęślą jaźń";"2469.0000";"new column"
"2001";"10/05/2026 00:00:00";"semi; ""quote""
Zażółć gęślą jaźń";"2470.2345";"new column"
"2002";"10/05/2026 00:00:00";"";"2471.4690";"new column"
"2003";"10/05/2026 00:00:00";"semi; ""quote""
Zażółć gęślą jaźń";"2472.7035";"new column"
"2004";"10/05/2026 00:00:00";"semi; ""quote""
Zażółć gęślą jaźń";"2473.9380";"new column"
"2005";"10/05/2026 00:00:00";"semi; ""quote""
Zażółć gęślą jaźń";"2475.1725";"new column"
"2006";"10/05/2026 00:00:00";"semi; ""quote""
Zażółć gęślą jaźń";"2476.4070";"new column"
"2007";"10/05/2026 00:00:00";"semi; ""quote""
Zażółć gęślą jaźń";"2477.6415";"new column"
"2008";"10/05/2026 00:00:00";"semi; ""quote""
Zażółć gęślą jaźń";"2478.8760";"new column"
"2009";"10/05/2026 00:00:00";"";"2480.1105";"new column"
"2010";"10/05/2026 00:00:00";"semi; ""quote""
Zażółć gęślą jaźń";"2481.3450";"new column"
"2011";"10/05/2026 00:00:00";"semi; ""quote""
Zażółć gęślą jaźń";"2482.5795";"new column"
"2012";"10/05/2026 00:00:00";"semi; ""quote""
Zażółć gęślą jaźń";"2483.8140";"new column"
"2013";"10/05/2026 00:00:00";"semi; ""quote""
Zażółć gęślą jaźń";"2485.0485";"new column"
"2014";"10/05/2026 00:00:00";"semi; ""quote""
Zażółć gęślą jaźń";"2486.2830";"new column"
"2015";"10/05/2026 00:00:00";"semi; ""quote""
Zażółć gęślą jaźń";"2487.5175";"new column"
"2016";"10/05/2026 00:00:00";"";"2488.7520";"new column"
"2017";"10/05/2026 00:00:00";"semi; ""quote""
Zażółć gęślą jaźń";"2489.9865";"new column"
"2018";"10/05/2026 00:00:00";"semi; ""quote""
Zażółć gęślą jaźń";"2491.2210";"new column"
"2019";"10/05/2026 00:00:00";"semi; ""quote""
Zażółć gęślą jaźń";"2492.4555";"new column"
"2020";"10/05/2026 00:00:00";"semi; ""quote""
Zażółć gęślą jaźń";"2493.6900";"new column"
"2021";"10/05/2026 00:00:00";"semi; ""quote""
Zażółć gęślą jaźń";"2494.9245";"new column"
"2022";"10/05/2026 00:00:00";"semi; ""quote""
Zażółć gęślą jaźń";"2496.1590";"new column"
"2023";"10/05/2026 00:00:00";"";"2497.3935";"new column"
"2024";"10/05/2026 00:00:00";"semi; ""quote""
Zażółć gęślą jaźń";"2498.6280";"new column"
"2025";"10/05/2026 00:00:00";"semi; ""quote""
Zażółć gęślą jaźń";"2499.8625";"new column"
"2026";"10/05/2026 00:00:00";"semi; ""quote""
Zażółć gęślą jaźń";"2501.0970";"new column"
"2027";"10/05/2026 00:00:00";"semi; ""quote""
Zażółć gęślą jaźń";"2502.3315";"new column"
"2028";"10/05/2026 00:00:00";"semi; ""quote""
Zażółć gęślą jaźń";"2503.5660";"new column"
"2029";"10/05/2026 00:00:00";"semi; ""quote""
Zażółć gęślą jaźń";"2504.8005";"new column"
"2030";"10/05/2026 00:00:00";"";"2506.0350";"new column"
"2031";"10/05/2026 00:00:00";"semi; ""quote""
Zażółć gęślą jaźń";"2507.2695";"new column"
"2032";"10/05/2026 00:00:00";"semi; ""quote""
Zażółć gęślą jaźń";"2508.5040";"new column"
"2033";"10/05/2026 00:00:00";"semi; ""quote""
Zażółć gęślą jaźń";"2509.7385";"new column"
"2034";"10/05/2026 00:00:00";"semi; ""quote""
Zażółć gęślą jaźń";"2510.9730";"new column"
"2035";"10/05/2026 00:00:00";"semi; ""quote""
Zażółć gęślą jaźń";"2512.2075";"new column"
"2036";"10/05/2026 00:00:00";"semi; ""quote""
Zażółć gęślą jaźń";"2513.4420";"new column"
"2037";"10/05/2026 00:00:00";"";"2514.6765";"new column"
"2038";"10/05/2026 00:00:00";"semi; ""quote""
Zażółć gęślą jaźń";"2515.9110";"new column"
"2039";"10/05/2026 00:00:00";"semi; ""quote""
Zażółć gęślą jaźń";"2517.1455";"new column"
"2040";"10/05/2026 00:00:00";"semi; ""quote""
Zażółć gęślą jaźń";"2518.3800";"new column"
"2041";"10/05/2026 00:00:00";"semi; ""quote""
Zażółć gęślą jaźń";"2519.6145";"new column"
"2042";"10/05/2026 00:00:00";"semi; ""quote""
Zażółć gęślą jaźń";"2520.8490";"new column"
"2043";"10/05/2026 00:00:00";"semi; ""quote""
Zażółć gęślą jaźń";"2522.0835";"new column"
"2044";"10/05/2026 00:00:00";"";"2523.3180";"new column"
"2045";"10/05/2026 00:00:00";"semi; ""quote""
Zażółć gęślą jaźń";"2524.5525";"new column"
"2046";"10/05/2026 00:00:00";"semi; ""quote""
Zażółć gęślą jaźń";"2525.7870";"new column"
"2047";"10/05/2026 00:00:00";"semi; ""quote""
Zażółć gęślą jaźń";"2527.0215";"new column"
"2048";"10/05/2026 00:00:00";"semi; ""quote""
Zażółć gęślą jaźń";"2528.2560";"new column"
"2049";"10/05/2026 00:00:00";"semi; ""quote""
Zażółć gęślą jaźń";"2529.4905";"new column"
"2050";"10/05/2026 00:00:00";"semi; ""quote""
Zażółć gęślą jaźń";"2530.7250";"new column"
"2051";"10/05/2026 00:00:00";"";"2531.9595";"new column"
"2052";"10/05/2026 00:00:00";"semi; ""quote""
Zażółć gęślą jaźń";"2533.1940";"new column"
"2053";"10/05/2026 00:00:00";"semi; ""quote""
Zażółć gęślą jaźń";"2534.4285";"new column"
"2054";"10/05/2026 00:00:00";"semi; ""quote""
Zażółć gęślą jaźń";"2535.6630";"new column"
"2055";"10/05/2026 00:00:00";"semi; ""quote""
Zażółć gęślą jaźń";"2536.8975";"new column"
"2056";"10/05/2026 00:00:00";"semi; ""quote""
Zażółć gęślą jaźń";"2538.1320";"new column"
"2057";"10/05/2026 00:00:00";"semi; ""quote""
Zażółć gęślą jaźń";"2539.3665";"new column"
"2058";"10/05/2026 00:00:00";"";"2540.6010";"new column"
"2059";"10/05/2026 00:00:00";"semi; ""quote""
Zażółć gęślą jaźń";"2541.8355";"new column"
"2060";"10/05/2026 00:00:00";"semi; ""quote""
Zażółć gęślą jaźń";"2543.0700";"new column"
"2061";"10/05/2026 00:00:00";"semi; ""quote""
Zażółć gęślą jaźń";"2544.3045";"new column"
"2062";"10/05/2026 00:00:00";"semi; ""quote""
Zażółć gęślą jaźń";"2545.5390";"new column"
"2063";"10/05/2026 00:00:00";"semi; ""quote""
Zażółć gęślą jaźń";"2546.7735";"new column"
"2064";"10/05/2026 00:00:00";"semi; ""quote""
Zażółć gęślą jaźń";"2548.0080";"new column"
"2065";"10/05/2026 00:00:00";"";"2549.2425";"new column"
"2066";"10/05/2026 00:00:00";"semi; ""quote""
Zażółć gęślą jaźń";"2550.4770";"new column"
"2067";"10/05/2026 00:00:00";"semi; ""quote""
Zażółć gęślą jaźń";"2551.7115";"new column"
"2068";"10/05/2026 00:00:00";"semi; ""quote""
Zażółć gęślą jaźń";"2552.9460";"new column"
"2069";"10/05/2026 00:00:00";"semi; ""quote""
Zażółć gęślą jaźń";"2554.1805";"new column"
"2070";"10/05/2026 00:00:00";"semi; ""quote""
Zażółć gęślą jaźń";"2555.4150";"new column"
"2071";"10/05/2026 00:00:00";"semi; ""quote""
Zażółć gęślą jaźń";"2556.6495";"new column"
"2072";"10/05/2026 00:00:00";"";"2557.8840";"new column"
"2073";"10/05/2026 00:00:00";"semi; ""quote""
Zażółć gęślą jaźń";"2559.1185";"new column"
"2074";"10/05/2026 00:00:00";"semi; ""quote""
Zażółć gęślą jaźń";"2560.3530";"new column"
"2075";"10/05/2026 00:00:00";"semi; ""quote""
Zażółć gęślą jaźń";"2561.5875";"new column"
"2076";"10/05/2026 00:00:00";"semi; ""quote""
Zażółć gęślą jaźń";"2562.8220";"new column"
"2077";"10/05/2026 00:00:00";"semi; ""quote""
Zażółć gęślą jaźń";"2564.0565";"new column"
"2078";"10/05/2026 00:00:00";"semi; ""quote""
Zażółć gęślą jaźń";"2565.2910";"new column"
"2079";"10/05/2026 00:00:00";"";"2566.5255";"new column"
"2080";"10/05/2026 00:00:00";"semi; ""quote""
Zażółć gęślą jaźń";"2567.7600";"new column"
"2081";"10/05/2026 00:00:00";"semi; ""quote""
Zażółć gęślą jaźń";"2568.9945";"new column"
"2082";"10/05/2026 00:00:00";"semi; ""quote""
Zażółć gęślą jaźń";"2570.2290";"new column"
"2083";"10/05/2026 00:00:00";"semi; ""quote""
Zażółć gęślą jaźń";"2571.4635";"new column"
"2084";"10/05/2026 00:00:00";"semi; ""quote""
Zażółć gęślą jaźń";"2572.6980";"new column"
"2085";"10/05/2026 00:00:00";"semi; ""quote""
Zażółć gęślą jaźń";"2573.9325";"new column"
"2086";"10/05/2026 00:00:00";"";"2575.1670";"new column"
"2087";"10/05/2026 00:00:00";"semi; ""quote""
Zażółć gęślą jaźń";"2576.4015";"new column"
"2088";"10/05/2026 00:00:00";"semi; ""quote""
Zażółć gęślą jaźń";"2577.6360";"new column"
"2089";"10/05/2026 00:00:00";"semi; ""quote""
Zażółć gęślą jaźń";"2578.8705";"new column"
"2090";"10/05/2026 00:00:00";"semi; ""quote""
Zażółć gęślą jaźń";"2580.1050";"new column"
"2091";"10/05/2026 00:00:00";"semi; ""quote""
Zażółć gęślą jaźń";"2581.3395";"new column"
"2092";"10/05/2026 00:00:00";"semi; ""quote""
Zażółć gęślą jaźń";"2582.5740";"new column"
"2093";"10/05/2026 00:00:00";"";"2583.8085";"new column"
"2094";"10/05/2026 00:00:00";"semi; ""quote""
Zażółć gęślą jaźń";"2585.0430";"new column"
"2095";"10/05/2026 00:00:00";"semi; ""quote""
Zażółć gęślą jaźń";"2586.2775";"new column"
"2096";"10/05/2026 00:00:00";"semi; ""quote""
Zażółć gęślą jaźń";"2587.5120";"new column"
"2097";"10/05/2026 00:00:00";"semi; ""quote""
Zażółć gęślą jaźń";"2588.7465";"new column"
"2098";"10/05/2026 00:00:00";"semi; ""quote""
Zażółć gęślą jaźń";"2589.9810";"new column"
"2099";"10/05/2026 00:00:00";"semi; ""quote""
Zażółć gęślą jaźń";"2591.2155";"new column"
"2100";"10/05/2026 00:00:00";"";"2592.4500";"new column"
"2101";"10/05/2026 00:00:00";"semi; ""quote""
Zażółć gęślą jaźń";"2593.6845";"new column"
"2102";"10/05/2026 00:00:00";"semi; ""quote""
Zażółć gęślą jaźń";"2594.9190";"new column"
"2103";"10/05/2026 00:00:00";"semi; ""quote""
Zażółć gęślą jaźń";"2596.1535";"new column"
"2104";"10/05/2026 00:00:00";"semi; ""quote""
Zażółć gęślą jaźń";"2597.3880";"new column"
"2105";"10/05/2026 00:00:00";"semi; ""quote""
Zażółć gęślą jaźń";"2598.6225";"new column"
"2106";"10/05/2026 00:00:00";"semi; ""quote""
Zażółć gęślą jaźń";"2599.8570";"new column"
"2107";"10/05/2026 00:00:00";"";"2601.0915";"new column"
"2108";"10/05/2026 00:00:00";"semi; ""quote""
Zażółć gęślą jaźń";"2602.3260";"new column"
"2109";"10/05/2026 00:00:00";"semi; ""quote""
Zażółć gęślą jaźń";"2603.5605";"new column"
"2110";"10/05/2026 00:00:00";"semi; ""quote""
Zażółć gęślą jaźń";"2604.7950";"new column"
"2111";"10/05/2026 00:00:00";"semi; ""quote""
Zażółć gęślą jaźń";"2606.0295";"new column"
"2112";"10/05/2026 00:00:00";"semi; ""quote""
Zażółć gęślą jaźń";"2607.2640";"new column"
"2113";"10/05/2026 00:00:00";"semi; ""quote""
Zażółć gęślą jaźń";"2608.4985";"new column"
"2114";"10/05/2026 00:00:00";"";"2609.7330";"new column"
"2115";"10/05/2026 00:00:00";"semi; ""quote""
Zażółć gęślą jaźń";"2610.9675";"new column"
"2116";"10/05/2026 00:00:00";"semi; ""quote""
Zażółć gęślą jaźń";"2612.2020";"new column"
"2117";"10/05/2026 00:00:00";"semi; ""quote""
Zażółć gęślą jaźń";"2613.4365";"new column"
"2118";"10/05/2026 00:00:00";"semi; ""quote""
Zażółć gęślą jaźń";"2614.6710";"new column"
"2119";"10/05/2026 00:00:00";"semi; ""quote""
Zażółć gęślą jaźń";"2615.9055";"new column"
"2120";"10/05/2026 00:00:00";"semi; ""quote""
Zażółć gęślą jaźń";"2617.1400";"new column"
"2121";"10/05/2026 00:00:00";"";"2618.3745";"new column"
"2122";"10/05/2026 00:00:00";"semi; ""quote""
Zażółć gęślą jaźń";"2619.6090";"new column"
"2123";"10/05/2026 00:00:00";"semi; ""quote""
Zażółć gęślą jaźń";"2620.8435";"new column"
"2124";"10/05/2026 00:00:00";"semi; ""quote""
Zażółć gęślą jaźń";"2622.0780";"new column"
"2125";"10/05/2026 00:00:00";"semi; ""quote""
Zażółć gęślą jaźń";"2623.3125";"new column"
"2126";"10/05/2026 00:00:00";"semi; ""quote""
Zażółć gęślą jaźń";"2624.5470";"new column"
"2127";"10/05/2026 00:00:00";"semi; ""quote""
Zażółć gęślą jaźń";"2625.7815";"new column"
"2128";"10/05/2026 00:00:00";"";"2627.0160";"new column"
"2129";"10/05/2026 00:00:00";"semi; ""quote""
Zażółć gęślą jaźń";"2628.2505";"new column"
"2130";"10/05/2026 00:00:00";"semi; ""quote""
Zażółć gęślą jaźń";"2629.4850";"new column"
"2131";"10/05/2026 00:00:00";"semi; ""quote""
Zażółć gęślą jaźń";"2630.7195";"new column"
"2132";"10/05/2026 00:00:00";"semi; ""quote""
Zażółć gęślą jaźń";"2631.9540";"new column"
"2133";"10/05/2026 00:00:00";"semi; ""quote""
Zażółć gęślą jaźń";"2633.1885";"new column"
"2134";"10/05/2026 00:00:00";"semi; ""quote""
Zażółć gęślą jaźń";"2634.4230";"new column"
"2135";"10/05/2026 00:00:00";"";"2635.6575";"new column"
"2136";"10/05/2026 00:00:00";"semi; ""quote""
Zażółć gęślą jaźń";"2636.8920";"new column"
"2137";"10/05/2026 00:00:00";"semi; ""quote""
Zażółć gęślą jaźń";"2638.1265";"new column"
"2138";"10/05/2026 00:00:00";"semi; ""quote""
Zażółć gęślą jaźń";"2639.3610";"new column"
"2139";"10/05/2026 00:00:00";"semi; ""quote""
Zażółć gęślą jaźń";"2640.5955";"new column"
"2140";"10/05/2026 00:00:00";"semi; ""quote""
Zażółć gęślą jaźń";"2641.8300";"new column"
"2141";"10/05/2026 00:00:00";"semi; ""quote""
Zażółć gęślą jaźń";"2643.0645";"new column"
"2142";"10/05/2026 00:00:00";"";"2644.2990";"new column"
"2143";"10/05/2026 00:00:00";"semi; ""quote""
Zażółć gęślą jaźń";"2645.5335";"new column"
"2144";"10/05/2026 00:00:00";"semi; ""quote""
Zażółć gęślą jaźń";"2646.7680";"new column"
"2145";"10/05/2026 00:00:00";"semi; ""quote""
Zażółć gęślą jaźń";"2648.0025";"new column"
"2146";"10/05/2026 00:00:00";"semi; ""quote""
Zażółć gęślą jaźń";"2649.2370";"new column"
"2147";"10/05/2026 00:00:00";"semi; ""quote""
Zażółć gęślą jaźń";"2650.4715";"new column"
"2148";"10/05/2026 00:00:00";"semi; ""quote""
Zażółć gęślą jaźń";"2651.7060";"new column"
"2149";"10/05/2026 00:00:00";"";"2652.9405";"new column"
"2150";"10/05/2026 00:00:00";"semi; ""quote""
Zażółć gęślą jaźń";"2654.1750";"new column"
"2151";"10/05/2026 00:00:00";"semi; ""quote""
Zażółć gęślą jaźń";"2655.4095";"new column"
"2152";"10/05/2026 00:00:00";"semi; ""quote""
Zażółć gęślą jaźń";"2656.6440";"new column"
"2153";"10/05/2026 00:00:00";"semi; ""quote""
Zażółć gęślą jaźń";"2657.8785";"new column"
"2154";"10/05/2026 00:00:00";"semi; ""quote""
Zażółć gęślą jaźń";"2659.1130";"new column"
"2155";"10/05/2026 00:00:00";"semi; ""quote""
Zażółć gęślą jaźń";"2660.3475";"new column"
"2156";"10/05/2026 00:00:00";"";"2661.5820";"new column"
"2157";"10/05/2026 00:00:00";"semi; ""quote""
Zażółć gęślą jaźń";"2662.8165";"new column"
"2158";"10/05/2026 00:00:00";"semi; ""quote""
Zażółć gęślą jaźń";"2664.0510";"new column"
"2159";"10/05/2026 00:00:00";"semi; ""quote""
Zażółć gęślą jaźń";"2665.2855";"new column"
"2160";"10/05/2026 00:00:00";"semi; ""quote""
Zażółć gęślą jaźń";"2666.5200";"new column"
"2161";"10/05/2026 00:00:00";"semi; ""quote""
Zażółć gęślą jaźń";"2667.7545";"new column"
"2162";"10/05/2026 00:00:00";"semi; ""quote""
Zażółć gęślą jaźń";"2668.9890";"new column"
"2163";"10/05/2026 00:00:00";"";"2670.2235";"new column"
"2164";"10/05/2026 00:00:00";"semi; ""quote""
Zażółć gęślą jaźń";"2671.4580";"new column"
"2165";"10/05/2026 00:00:00";"semi; ""quote""
Zażółć gęślą jaźń";"2672.6925";"new column"
"2166";"10/05/2026 00:00:00";"semi; ""quote""
Zażółć gęślą jaźń";"2673.9270";"new column"
"2167";"10/05/2026 00:00:00";"semi; ""quote""
Zażółć gęślą jaźń";"2675.1615";"new column"
"2168";"10/05/2026 00:00:00";"semi; ""quote""
Zażółć gęślą jaźń";"2676.3960";"new column"
"2169";"10/05/2026 00:00:00";"semi; ""quote""
Zażółć gęślą jaźń";"2677.6305";"new column"
"2170";"10/05/2026 00:00:00";"";"2678.8650";"new column"
"2171";"10/05/2026 00:00:00";"semi; ""quote""
Zażółć gęślą jaźń";"2680.0995";"new column"
"2172";"10/05/2026 00:00:00";"semi; ""quote""
Zażółć gęślą jaźń";"2681.3340";"new column"
"2173";"10/05/2026 00:00:00";"semi; ""quote""
Zażółć gęślą jaźń";"2682.5685";"new column"
"2174";"10/05/2026 00:00:00";"semi; ""quote""
Zażółć gęślą jaźń";"2683.8030";"new column"
"2175";"10/05/2026 00:00:00";"semi; ""quote""
Zażółć gęślą jaźń";"2685.0375";"new column"
"2176";"10/05/2026 00:00:00";"semi; ""quote""
Zażółć gęślą jaźń";"2686.2720";"new column"
"2177";"10/05/2026 00:00:00";"";"2687.5065";"new column"
"2178";"10/05/2026 00:00:00";"semi; ""quote""
Zażółć gęślą jaźń";"2688.7410";"new column"
"2179";"10/05/2026 00:00:00";"semi; ""quote""
Zażółć gęślą jaźń";"2689.9755";"new column"
"2180";"10/05/2026 00:00:00";"semi; ""quote""
Zażółć gęślą jaźń";"2691.2100";"new column"
"2181";"10/05/2026 00:00:00";"semi; ""quote""
Zażółć gęślą jaźń";"2692.4445";"new column"
"2182";"10/05/2026 00:00:00";"semi; ""quote""
Zażółć gęślą jaźń";"2693.6790";"new column"
"2183";"10/05/2026 00:00:00";"semi; ""quote""
Zażółć gęślą jaźń";"2694.9135";"new column"
"2184";"10/05/2026 00:00:00";"";"2696.1480";"new column"
"2185";"10/05/2026 00:00:00";"semi; ""quote""
Zażółć gęślą jaźń";"2697.3825";"new column"
"2186";"10/05/2026 00:00:00";"semi; ""quote""
Zażółć gęślą jaźń";"2698.6170";"new column"
"2187";"10/05/2026 00:00:00";"semi; ""quote""
Zażółć gęślą jaźń";"2699.8515";"new column"
"2188";"10/05/2026 00:00:00";"semi; ""quote""
Zażółć gęślą jaźń";"2701.0860";"new column"
"2189";"10/05/2026 00:00:00";"semi; ""quote""
Zażółć gęślą jaźń";"2702.3205";"new column"
"2190";"10/05/2026 00:00:00";"semi; ""quote""
Zażółć gęślą jaźń";"2703.5550";"new column"
"2191";"10/05/2026 00:00:00";"";"2704.7895";"new column"
"2192";"10/05/2026 00:00:00";"semi; ""quote""
Zażółć gęślą jaźń";"2706.0240";"new column"
"2193";"10/05/2026 00:00:00";"semi; ""quote""
Zażółć gęślą jaźń";"2707.2585";"new column"
"2194";"10/05/2026 00:00:00";"semi; ""quote""
Zażółć gęślą jaźń";"2708.4930";"new column"
"2195";"10/05/2026 00:00:00";"semi; ""quote""
Zażółć gęślą jaźń";"2709.7275";"new column"
"2196";"10/05/2026 00:00:00";"semi; ""quote""
Zażółć gęślą jaźń";"2710.9620";"new column"
"2197";"10/05/2026 00:00:00";"semi; ""quote""
Zażółć gęślą jaźń";"2712.1965";"new column"
"2198";"10/05/2026 00:00:00";"";"2713.4310";"new column"
"2199";"10/05/2026 00:00:00";"semi; ""quote""
Zażółć gęślą jaźń";"2714.6655";"new column"
"2200";"10/05/2026 00:00:00";"semi; ""quote""
Zażółć gęślą jaźń";"2715.9000";"new column"
"2201";"10/05/2026 00:00:00";"semi; ""quote""
Zażółć gęślą jaźń";"2717.1345";"new column"
"2202";"10/05/2026 00:00:00";"semi; ""quote""
Zażółć gęślą jaźń";"2718.3690";"new column"
"2203";"10/05/2026 00:00:00";"semi; ""quote""
Zażółć gęślą jaźń";"2719.6035";"new column"
"2204";"10/05/2026 00:00:00";"semi; ""quote""
Zażółć gęślą jaźń";"2720.8380";"new column"
"2205";"10/05/2026 00:00:00";"";"2722.0725";"new column"
"2206";"10/05/2026 00:00:00";"semi; ""quote""
Zażółć gęślą jaźń";"2723.3070";"new column"
"2207";"10/05/2026 00:00:00";"semi; ""quote""
Zażółć gęślą jaźń";"2724.5415";"new column"
"2208";"10/05/2026 00:00:00";"semi; ""quote""
Zażółć gęślą jaźń";"2725.7760";"new column"
"2209";"10/05/2026 00:00:00";"semi; ""quote""
Zażółć gęślą jaźń";"2727.0105";"new column"
"2210";"10/05/2026 00:00:00";"semi; ""quote""
Zażółć gęślą jaźń";"2728.2450";"new column"
"2211";"10/05/2026 00:00:00";"semi; ""quote""
Zażółć gęślą jaźń";"2729.4795";"new column"
"2212";"10/05/2026 00:00:00";"";"2730.7140";"new column"
"2213";"10/05/2026 00:00:00";"semi; ""quote""
Zażółć gęślą jaźń";"2731.9485";"new column"
"2214";"10/05/2026 00:00:00";"semi; ""quote""
Zażółć gęślą jaźń";"2733.1830";"new column"
"2215";"10/05/2026 00:00:00";"semi; ""quote""
Zażółć gęślą jaźń";"2734.4175";"new column"
"2216";"10/05/2026 00:00:00";"semi; ""quote""
Zażółć gęślą jaźń";"2735.6520";"new column"
"2217";"10/05/2026 00:00:00";"semi; ""quote""
Zażółć gęślą jaźń";"2736.8865";"new column"
"2218";"10/05/2026 00:00:00";"semi; ""quote""
Zażółć gęślą jaźń";"2738.1210";"new column"
"2219";"10/05/2026 00:00:00";"";"2739.3555";"new column"
"2220";"10/05/2026 00:00:00";"semi; ""quote""
Zażółć gęślą jaźń";"2740.5900";"new column"
"2221";"10/05/2026 00:00:00";"semi; ""quote""
Zażółć gęślą jaźń";"2741.8245";"new column"
"2222";"10/05/2026 00:00:00";"semi; ""quote""
Zażółć gęślą jaźń";"2743.0590";"new column"
"2223";"10/05/2026 00:00:00";"semi; ""quote""
Zażółć gęślą jaźń";"2744.2935";"new column"
"2224";"10/05/2026 00:00:00";"semi; ""quote""
Zażółć gęślą jaźń";"2745.5280";"new column"
"2225";"10/05/2026 00:00:00";"semi; ""quote""
Zażółć gęślą jaźń";"2746.7625";"new column"
"2226";"10/05/2026 00:00:00";"";"2747.9970";"new column"
"2227";"10/05/2026 00:00:00";"semi; ""quote""
Zażółć gęślą jaźń";"2749.2315";"new column"
"2228";"10/05/2026 00:00:00";"semi; ""quote""
Zażółć gęślą jaźń";"2750.4660";"new column"
"2229";"10/05/2026 00:00:00";"semi; ""quote""
Zażółć gęślą jaźń";"2751.7005";"new column"
"2230";"10/05/2026 00:00:00";"semi; ""quote""
Zażółć gęślą jaźń";"2752.9350";"new column"
"2231";"10/05/2026 00:00:00";"semi; ""quote""
Zażółć gęślą jaźń";"2754.1695";"new column"
"2232";"10/05/2026 00:00:00";"semi; ""quote""
Zażółć gęślą jaźń";"2755.4040";"new column"
"2233";"10/05/2026 00:00:00";"";"2756.6385";"new column"
"2234";"10/05/2026 00:00:00";"semi; ""quote""
Zażółć gęślą jaźń";"2757.8730";"new column"
"2235";"10/05/2026 00:00:00";"semi; ""quote""
Zażółć gęślą jaźń";"2759.1075";"new column"
"2236";"10/05/2026 00:00:00";"semi; ""quote""
Zażółć gęślą jaźń";"2760.3420";"new column"
"2237";"10/05/2026 00:00:00";"semi; ""quote""
Zażółć gęślą jaźń";"2761.5765";"new column"
"2238";"10/05/2026 00:00:00";"semi; ""quote""
Zażółć gęślą jaźń";"2762.8110";"new column"
"2239";"10/05/2026 00:00:00";"semi; ""quote""
Zażółć gęślą jaźń";"2764.0455";"new column"
"2240";"10/05/2026 00:00:00";"";"2765.2800";"new column"
"2241";"10/05/2026 00:00:00";"semi; ""quote""
Zażółć gęślą jaźń";"2766.5145";"new column"
"2242";"10/05/2026 00:00:00";"semi; ""quote""
Zażółć gęślą jaźń";"2767.7490";"new column"
"2243";"10/05/2026 00:00:00";"semi; ""quote""
Zażółć gęślą jaźń";"2768.9835";"new column"
"2244";"10/05/2026 00:00:00";"semi; ""quote""
Zażółć gęślą jaźń";"2770.2180";"new column"
"2245";"10/05/2026 00:00:00";"semi; ""quote""
Zażółć gęślą jaźń";"2771.4525";"new column"
"2246";"10/05/2026 00:00:00";"semi; ""quote""
Zażółć gęślą jaźń";"2772.6870";"new column"
"2247";"10/05/2026 00:00:00";"";"2773.9215";"new column"
"2248";"10/05/2026 00:00:00";"semi; ""quote""
Zażółć gęślą jaźń";"2775.1560";"new column"
"2249";"10/05/2026 00:00:00";"semi; ""quote""
Zażółć gęślą jaźń";"2776.3905";"new column"
"2250";"10/05/2026 00:00:00";"semi; ""quote""
Zażółć gęślą jaźń";"2777.6250";"new column"
"2251";"10/05/2026 00:00:00";"semi; ""quote""
Zażółć gęślą jaźń";"2778.8595";"new column"
"2252";"10/05/2026 00:00:00";"semi; ""quote""
Zażółć gęślą jaźń";"2780.0940";"new column"
"2253";"10/05/2026 00:00:00";"semi; ""quote""
Zażółć gęślą jaźń";"2781.3285";"new column"
"2254";"10/05/2026 00:00:00";"";"2782.5630";"new column"
"2255";"10/05/2026 00:00:00";"semi; ""quote""
Zażółć gęślą jaźń";"2783.7975";"new column"
"2256";"10/05/2026 00:00:00";"semi; ""quote""
Zażółć gęślą jaźń";"2785.0320";"new column"
"2257";"10/05/2026 00:00:00";"semi; ""quote""
Zażółć gęślą jaźń";"2786.2665";"new column"
"2258";"10/05/2026 00:00:00";"semi; ""quote""
Zażółć gęślą jaźń";"2787.5010";"new column"
"2259";"10/05/2026 00:00:00";"semi; ""quote""
Zażółć gęślą jaźń";"2788.7355";"new column"
"2260";"10/05/2026 00:00:00";"semi; ""quote""
Zażółć gęślą jaźń";"2789.9700";"new column"
"2261";"10/05/2026 00:00:00";"";"2791.2045";"new column"
"2262";"10/05/2026 00:00:00";"semi; ""quote""
Zażółć gęślą jaźń";"2792.4390";"new column"
"2263";"10/05/2026 00:00:00";"semi; ""quote""
Zażółć gęślą jaźń";"2793.6735";"new column"
"2264";"10/05/2026 00:00:00";"semi; ""quote""
Zażółć gęślą jaźń";"2794.9080";"new column"
"2265";"10/05/2026 00:00:00";"semi; ""quote""
Zażółć gęślą jaźń";"2796.1425";"new column"
"2266";"10/05/2026 00:00:00";"semi; ""quote""
Zażółć gęślą jaźń";"2797.3770";"new column"
"2267";"10/05/2026 00:00:00";"semi; ""quote""
Zażółć gęślą jaźń";"2798.6115";"new column"
"2268";"10/05/2026 00:00:00";"";"2799.8460";"new column"
"2269";"10/05/2026 00:00:00";"semi; ""quote""
Zażółć gęślą jaźń";"2801.0805";"new column"
"2270";"10/05/2026 00:00:00";"semi; ""quote""
Zażółć gęślą jaźń";"2802.3150";"new column"
"2271";"10/05/2026 00:00:00";"semi; ""quote""
Zażółć gęślą jaźń";"2803.5495";"new column"
"2272";"10/05/2026 00:00:00";"semi; ""quote""
Zażółć gęślą jaźń";"2804.7840";"new column"
"2273";"10/05/2026 00:00:00";"semi; ""quote""
Zażółć gęślą jaźń";"2806.0185";"new column"
"2274";"10/05/2026 00:00:00";"semi; ""quote""
Zażółć gęślą jaźń";"2807.2530";"new column"
"2275";"10/05/2026 00:00:00";"";"2808.4875";"new column"
"2276";"10/05/2026 00:00:00";"semi; ""quote""
Zażółć gęślą jaźń";"2809.7220";"new column"
"2277";"10/05/2026 00:00:00";"semi; ""quote""
Zażółć gęślą jaźń";"2810.9565";"new column"
"2278";"10/05/2026 00:00:00";"semi; ""quote""
Zażółć gęślą jaźń";"2812.1910";"new column"
"2279";"10/05/2026 00:00:00";"semi; ""quote""
Zażółć gęślą jaźń";"2813.4255";"new column"
"2280";"10/05/2026 00:00:00";"semi; ""quote""
Zażółć gęślą jaźń";"2814.6600";"new column"
"2281";"10/05/2026 00:00:00";"semi; ""quote""
Zażółć gęślą jaźń";"2815.8945";"new column"
"2282";"10/05/2026 00:00:00";"";"2817.1290";"new column"
"2283";"10/05/2026 00:00:00";"semi; ""quote""
Zażółć gęślą jaźń";"2818.3635";"new column"
"2284";"10/05/2026 00:00:00";"semi; ""quote""
Zażółć gęślą jaźń";"2819.5980";"new column"
"2285";"10/05/2026 00:00:00";"semi; ""quote""
Zażółć gęślą jaźń";"2820.8325";"new column"
"2286";"10/05/2026 00:00:00";"semi; ""quote""
Zażółć gęślą jaźń";"2822.0670";"new column"
"2287";"10/05/2026 00:00:00";"semi; ""quote""
Zażółć gęślą jaźń";"2823.3015";"new column"
"2288";"10/05/2026 00:00:00";"semi; ""quote""
Zażółć gęślą jaźń";"2824.5360";"new column"
"2289";"10/05/2026 00:00:00";"";"2825.7705";"new column"
"2290";"10/05/2026 00:00:00";"semi; ""quote""
Zażółć gęślą jaźń";"2827.0050";"new column"
"2291";"10/05/2026 00:00:00";"semi; ""quote""
Zażółć gęślą jaźń";"2828.2395";"new column"
"2292";"10/05/2026 00:00:00";"semi; ""quote""
Zażółć gęślą jaźń";"2829.4740";"new column"
"2293";"10/05/2026 00:00:00";"semi; ""quote""
Zażółć gęślą jaźń";"2830.7085";"new column"
"2294";"10/05/2026 00:00:00";"semi; ""quote""
Zażółć gęślą jaźń";"2831.9430";"new column"
"2295";"10/05/2026 00:00:00";"semi; ""quote""
Zażółć gęślą jaźń";"2833.1775";"new column"
"2296";"10/05/2026 00:00:00";"";"2834.4120";"new column"
"2297";"10/05/2026 00:00:00";"semi; ""quote""
Zażółć gęślą jaźń";"2835.6465";"new column"
"2298";"10/05/2026 00:00:00";"semi; ""quote""
Zażółć gęślą jaźń";"2836.8810";"new column"
"2299";"10/05/2026 00:00:00";"semi; ""quote""
Zażółć gęślą jaźń";"2838.1155";"new column"
"2300";"10/05/2026 00:00:00";"semi; ""quote""
Zażółć gęślą jaźń";"2839.3500";"new column"
"2301";"10/05/2026 00:00:00";"semi; ""quote""
Zażółć gęślą jaźń";"2840.5845";"new column"
"2302";"10/05/2026 00:00:00";"semi; ""quote""
Zażółć gęślą jaźń";"2841.8190";"new column"
"2303";"10/05/2026 00:00:00";"";"2843.0535";"new column"
"2304";"10/05/2026 00:00:00";"semi; ""quote""
Zażółć gęślą jaźń";"2844.2880";"new column"
"2305";"10/05/2026 00:00:00";"semi; ""quote""
Zażółć gęślą jaźń";"2845.5225";"new column"
"2306";"10/05/2026 00:00:00";"semi; ""quote""
Zażółć gęślą jaźń";"2846.7570";"new column"
"2307";"10/05/2026 00:00:00";"semi; ""quote""
Zażółć gęślą jaźń";"2847.9915";"new column"
"2308";"10/05/2026 00:00:00";"semi; ""quote""
Zażółć gęślą jaźń";"2849.2260";"new column"
"2309";"10/05/2026 00:00:00";"semi; ""quote""
Zażółć gęślą jaźń";"2850.4605";"new column"
"2310";"10/05/2026 00:00:00";"";"2851.6950";"new column"
"2311";"10/05/2026 00:00:00";"semi; ""quote""
Zażółć gęślą jaźń";"2852.9295";"new column"
"2312";"10/05/2026 00:00:00";"semi; ""quote""
Zażółć gęślą jaźń";"2854.1640";"new column"
"2313";"10/05/2026 00:00:00";"semi; ""quote""
Zażółć gęślą jaźń";"2855.3985";"new column"
"2314";"10/05/2026 00:00:00";"semi; ""quote""
Zażółć gęślą jaźń";"2856.6330";"new column"
"2315";"10/05/2026 00:00:00";"semi; ""quote""
Zażółć gęślą jaźń";"2857.8675";"new column"
"2316";"10/05/2026 00:00:00";"semi; ""quote""
Zażółć gęślą jaźń";"2859.1020";"new column"
"2317";"10/05/2026 00:00:00";"";"2860.3365";"new column"
"2318";"10/05/2026 00:00:00";"semi; ""quote""
Zażółć gęślą jaźń";"2861.5710";"new column"
"2319";"10/05/2026 00:00:00";"semi; ""quote""
Zażółć gęślą jaźń";"2862.8055";"new column"
"2320";"10/05/2026 00:00:00";"semi; ""quote""
Zażółć gęślą jaźń";"2864.0400";"new column"
"2321";"10/05/2026 00:00:00";"semi; ""quote""
Zażółć gęślą jaźń";"2865.2745";"new column"
"2322";"10/05/2026 00:00:00";"semi; ""quote""
Zażółć gęślą jaźń";"2866.5090";"new column"
"2323";"10/05/2026 00:00:00";"semi; ""quote""
Zażółć gęślą jaźń";"2867.7435";"new column"
"2324";"10/05/2026 00:00:00";"";"2868.9780";"new column"
"2325";"10/05/2026 00:00:00";"semi; ""quote""
Zażółć gęślą jaźń";"2870.2125";"new column"
"2326";"10/05/2026 00:00:00";"semi; ""quote""
Zażółć gęślą jaźń";"2871.4470";"new column"
"2327";"10/05/2026 00:00:00";"semi; ""quote""
Zażółć gęślą jaźń";"2872.6815";"new column"
"2328";"10/05/2026 00:00:00";"semi; ""quote""
Zażółć gęślą jaźń";"2873.9160";"new column"
"2329";"10/05/2026 00:00:00";"semi; ""quote""
Zażółć gęślą jaźń";"2875.1505";"new column"
"2330";"10/05/2026 00:00:00";"semi; ""quote""
Zażółć gęślą jaźń";"2876.3850";"new column"
"2331";"10/05/2026 00:00:00";"";"2877.6195";"new column"
"2332";"10/05/2026 00:00:00";"semi; ""quote""
Zażółć gęślą jaźń";"2878.8540";"new column"
"2333";"10/05/2026 00:00:00";"semi; ""quote""
Zażółć gęślą jaźń";"2880.0885";"new column"
"2334";"10/05/2026 00:00:00";"semi; ""quote""
Zażółć gęślą jaźń";"2881.3230";"new column"
"2335";"10/05/2026 00:00:00";"semi; ""quote""
Zażółć gęślą jaźń";"2882.5575";"new column"
"2336";"10/05/2026 00:00:00";"semi; ""quote""
Zażółć gęślą jaźń";"2883.7920";"new column"
"2337";"10/05/2026 00:00:00";"semi; ""quote""
Zażółć gęślą jaźń";"2885.0265";"new column"
"2338";"10/05/2026 00:00:00";"";"2886.2610";"new column"
"2339";"10/05/2026 00:00:00";"semi; ""quote""
Zażółć gęślą jaźń";"2887.4955";"new column"
"2340";"10/05/2026 00:00:00";"semi; ""quote""
Zażółć gęślą jaźń";"2888.7300";"new column"
"2341";"10/05/2026 00:00:00";"semi; ""quote""
Zażółć gęślą jaźń";"2889.9645";"new column"
"2342";"10/05/2026 00:00:00";"semi; ""quote""
Zażółć gęślą jaźń";"2891.1990";"new column"
"2343";"10/05/2026 00:00:00";"semi; ""quote""
Zażółć gęślą jaźń";"2892.4335";"new column"
"2344";"10/05/2026 00:00:00";"semi; ""quote""
Zażółć gęślą jaźń";"2893.6680";"new column"
"2345";"10/05/2026 00:00:00";"";"2894.9025";"new column"
"2346";"10/05/2026 00:00:00";"semi; ""quote""
Zażółć gęślą jaźń";"2896.1370";"new column"
"2347";"10/05/2026 00:00:00";"semi; ""quote""
Zażółć gęślą jaźń";"2897.3715";"new column"
"2348";"10/05/2026 00:00:00";"semi; ""quote""
Zażółć gęślą jaźń";"2898.6060";"new column"
"2349";"10/05/2026 00:00:00";"semi; ""quote""
Zażółć gęślą jaźń";"2899.8405";"new column"
"2350";"10/05/2026 00:00:00";"semi; ""quote""
Zażółć gęślą jaźń";"2901.0750";"new column"
"2351";"10/05/2026 00:00:00";"semi; ""quote""
Zażółć gęślą jaźń";"2902.3095";"new column"
"2352";"10/05/2026 00:00:00";"";"2903.5440";"new column"
"2353";"10/05/2026 00:00:00";"semi; ""quote""
Zażółć gęślą jaźń";"2904.7785";"new column"
"2354";"10/05/2026 00:00:00";"semi; ""quote""
Zażółć gęślą jaźń";"2906.0130";"new column"
"2355";"10/05/2026 00:00:00";"semi; ""quote""
Zażółć gęślą jaźń";"2907.2475";"new column"
"2356";"10/05/2026 00:00:00";"semi; ""quote""
Zażółć gęślą jaźń";"2908.4820";"new column"
"2357";"10/05/2026 00:00:00";"semi; ""quote""
Zażółć gęślą jaźń";"2909.7165";"new column"
"2358";"10/05/2026 00:00:00";"semi; ""quote""
Zażółć gęślą jaźń";"2910.9510";"new column"
"2359";"10/05/2026 00:00:00";"";"2912.1855";"new column"
"2360";"10/05/2026 00:00:00";"semi; ""quote""
Zażółć gęślą jaźń";"2913.4200";"new column"
"2361";"10/05/2026 00:00:00";"semi; ""quote""
Zażółć gęślą jaźń";"2914.6545";"new column"
"2362";"10/05/2026 00:00:00";"semi; ""quote""
Zażółć gęślą jaźń";"2915.8890";"new column"
"2363";"10/05/2026 00:00:00";"semi; ""quote""
Zażółć gęślą jaźń";"2917.1235";"new column"
"2364";"10/05/2026 00:00:00";"semi; ""quote""
Zażółć gęślą jaźń";"2918.3580";"new column"
"2365";"10/05/2026 00:00:00";"semi; ""quote""
Zażółć gęślą jaźń";"2919.5925";"new column"
"2366";"10/05/2026 00:00:00";"";"2920.8270";"new column"
"2367";"10/05/2026 00:00:00";"semi; ""quote""
Zażółć gęślą jaźń";"2922.0615";"new column"
"2368";"10/05/2026 00:00:00";"semi; ""quote""
Zażółć gęślą jaźń";"2923.2960";"new column"
"2369";"10/05/2026 00:00:00";"semi; ""quote""
Zażółć gęślą jaźń";"2924.5305";"new column"
"2370";"10/05/2026 00:00:00";"semi; ""quote""
Zażółć gęślą jaźń";"2925.7650";"new column"
"2371";"10/05/2026 00:00:00";"semi; ""quote""
Zażółć gęślą jaźń";"2926.9995";"new column"
"2372";"10/05/2026 00:00:00";"semi; ""quote""
Zażółć gęślą jaźń";"2928.2340";"new column"
"2373";"10/05/2026 00:00:00";"";"2929.4685";"new column"
"2374";"10/05/2026 00:00:00";"semi; ""quote""
Zażółć gęślą jaźń";"2930.7030";"new column"
"2375";"10/05/2026 00:00:00";"semi; ""quote""
Zażółć gęślą jaźń";"2931.9375";"new column"
"2376";"10/05/2026 00:00:00";"semi; ""quote""
Zażółć gęślą jaźń";"2933.1720";"new column"
"2377";"10/05/2026 00:00:00";"semi; ""quote""
Zażółć gęślą jaźń";"2934.4065";"new column"
"2378";"10/05/2026 00:00:00";"semi; ""quote""
Zażółć gęślą jaźń";"2935.6410";"new column"
"2379";"10/05/2026 00:00:00";"semi; ""quote""
Zażółć gęślą jaźń";"2936.8755";"new column"
"2380";"10/05/2026 00:00:00";"";"2938.1100";"new column"
"2381";"10/05/2026 00:00:00";"semi; ""quote""
Zażółć gęślą jaźń";"2939.3445";"new column"
"2382";"10/05/2026 00:00:00";"semi; ""quote""
Zażółć gęślą jaźń";"2940.5790";"new column"
"2383";"10/05/2026 00:00:00";"semi; ""quote""
Zażółć gęślą jaźń";"2941.8135";"new column"
"2384";"10/05/2026 00:00:00";"semi; ""quote""
Zażółć gęślą jaźń";"2943.0480";"new column"
"2385";"10/05/2026 00:00:00";"semi; ""quote""
Zażółć gęślą jaźń";"2944.2825";"new column"
"2386";"10/05/2026 00:00:00";"semi; ""quote""
Zażółć gęślą jaźń";"2945.5170";"new column"
"2387";"10/05/2026 00:00:00";"";"2946.7515";"new column"
"2388";"10/05/2026 00:00:00";"semi; ""quote""
Zażółć gęślą jaźń";"2947.9860";"new column"
"2389";"10/05/2026 00:00:00";"semi; ""quote""
Zażółć gęślą jaźń";"2949.2205";"new column"
"2390";"10/05/2026 00:00:00";"semi; ""quote""
Zażółć gęślą jaźń";"2950.4550";"new column"
"2391";"10/05/2026 00:00:00";"semi; ""quote""
Zażółć gęślą jaźń";"2951.6895";"new column"
"2392";"10/05/2026 00:00:00";"semi; ""quote""
Zażółć gęślą jaźń";"2952.9240";"new column"
"2393";"10/05/2026 00:00:00";"semi; ""quote""
Zażółć gęślą jaźń";"2954.1585";"new column"
"2394";"10/05/2026 00:00:00";"";"2955.3930";"new column"
"2395";"10/05/2026 00:00:00";"semi; ""quote""
Zażółć gęślą jaźń";"2956.6275";"new column"
"2396";"10/05/2026 00:00:00";"semi; ""quote""
Zażółć gęślą jaźń";"2957.8620";"new column"
"2397";"10/05/2026 00:00:00";"semi; ""quote""
Zażółć gęślą jaźń";"2959.0965";"new column"
"2398";"10/05/2026 00:00:00";"semi; ""quote""
Zażółć gęślą jaźń";"2960.3310";"new column"
"2399";"10/05/2026 00:00:00";"semi; ""quote""
Zażółć gęślą jaźń";"2961.5655";"new column"
"2400";"10/05/2026 00:00:00";"semi; ""quote""
Zażółć gęślą jaźń";"2962.8000";"new column"
"2401";"10/05/2026 00:00:00";"";"2964.0345";"new column"
"2402";"10/05/2026 00:00:00";"semi; ""quote""
Zażółć gęślą jaźń";"2965.2690";"new column"
"2403";"10/05/2026 00:00:00";"semi; ""quote""
Zażółć gęślą jaźń";"2966.5035";"new column"
"2404";"10/05/2026 00:00:00";"semi; ""quote""
Zażółć gęślą jaźń";"2967.7380";"new column"
"2405";"10/05/2026 00:00:00";"semi; ""quote""
Zażółć gęślą jaźń";"2968.9725";"new column"
"2406";"10/05/2026 00:00:00";"semi; ""quote""
Zażółć gęślą jaźń";"2970.2070";"new column"
"2407";"10/05/2026 00:00:00";"semi; ""quote""
Zażółć gęślą jaźń";"2971.4415";"new column"
"2408";"10/05/2026 00:00:00";"";"2972.6760";"new column"
"2409";"10/05/2026 00:00:00";"semi; ""quote""
Zażółć gęślą jaźń";"2973.9105";"new column"
"2410";"10/05/2026 00:00:00";"semi; ""quote""
Zażółć gęślą jaźń";"2975.1450";"new column"
"2411";"10/05/2026 00:00:00";"semi; ""quote""
Zażółć gęślą jaźń";"2976.3795";"new column"
"2412";"10/05/2026 00:00:00";"semi; ""quote""
Zażółć gęślą jaźń";"2977.6140";"new column"
"2413";"10/05/2026 00:00:00";"semi; ""quote""
Zażółć gęślą jaźń";"2978.8485";"new column"
"2414";"10/05/2026 00:00:00";"semi; ""quote""
Zażółć gęślą jaźń";"2980.0830";"new column"
"2415";"10/05/2026 00:00:00";"";"2981.3175";"new column"
"2416";"10/05/2026 00:00:00";"semi; ""quote""
Zażółć gęślą jaźń";"2982.5520";"new column"
"2417";"10/05/2026 00:00:00";"semi; ""quote""
Zażółć gęślą jaźń";"2983.7865";"new column"
"2418";"10/05/2026 00:00:00";"semi; ""quote""
Zażółć gęślą jaźń";"2985.0210";"new column"
"2419";"10/05/2026 00:00:00";"semi; ""quote""
Zażółć gęślą jaźń";"2986.2555";"new column"
"2420";"10/05/2026 00:00:00";"semi; ""quote""
Zażółć gęślą jaźń";"2987.4900";"new column"
"2421";"10/05/2026 00:00:00";"semi; ""quote""
Zażółć gęślą jaźń";"2988.7245";"new column"
"2422";"10/05/2026 00:00:00";"";"2989.9590";"new column"
"2423";"10/05/2026 00:00:00";"semi; ""quote""
Zażółć gęślą jaźń";"2991.1935";"new column"
"2424";"10/05/2026 00:00:00";"semi; ""quote""
Zażółć gęślą jaźń";"2992.4280";"new column"
"2425";"10/05/2026 00:00:00";"semi; ""quote""
Zażółć gęślą jaźń";"2993.6625";"new column"
"2426";"10/05/2026 00:00:00";"semi; ""quote""
Zażółć gęślą jaźń";"2994.8970";"new column"
"2427";"10/05/2026 00:00:00";"semi; ""quote""
Zażółć gęślą jaźń";"2996.1315";"new column"
"2428";"10/05/2026 00:00:00";"semi; ""quote""
Zażółć gęślą jaźń";"2997.3660";"new column"
"2429";"10/05/2026 00:00:00";"";"2998.6005";"new column"
"2430";"10/05/2026 00:00:00";"semi; ""quote""
Zażółć gęślą jaźń";"2999.8350";"new column"
"2431";"10/05/2026 00:00:00";"semi; ""quote""
Zażółć gęślą jaźń";"3001.0695";"new column"
"2432";"10/05/2026 00:00:00";"semi; ""quote""
Zażółć gęślą jaźń";"3002.3040";"new column"
"2433";"10/05/2026 00:00:00";"semi; ""quote""
Zażółć gęślą jaźń";"3003.5385";"new column"
"2434";"10/05/2026 00:00:00";"semi; ""quote""
Zażółć gęślą jaźń";"3004.7730";"new column"
"2435";"10/05/2026 00:00:00";"semi; ""quote""
Zażółć gęślą jaźń";"3006.0075";"new column"
"2436";"10/05/2026 00:00:00";"";"3007.2420";"new column"
"2437";"10/05/2026 00:00:00";"semi; ""quote""
Zażółć gęślą jaźń";"3008.4765";"new column"
"2438";"10/05/2026 00:00:00";"semi; ""quote""
Zażółć gęślą jaźń";"3009.7110";"new column"
"2439";"10/05/2026 00:00:00";"semi; ""quote""
Zażółć gęślą jaźń";"3010.9455";"new column"
"2440";"10/05/2026 00:00:00";"semi; ""quote""
Zażółć gęślą jaźń";"3012.1800";"new column"
"2441";"10/05/2026 00:00:00";"semi; ""quote""
Zażółć gęślą jaźń";"3013.4145";"new column"
"2442";"10/05/2026 00:00:00";"semi; ""quote""
Zażółć gęślą jaźń";"3014.6490";"new column"
"2443";"10/05/2026 00:00:00";"";"3015.8835";"new column"
"2444";"10/05/2026 00:00:00";"semi; ""quote""
Zażółć gęślą jaźń";"3017.1180";"new column"
"2445";"10/05/2026 00:00:00";"semi; ""quote""
Zażółć gęślą jaźń";"3018.3525";"new column"
"2446";"10/05/2026 00:00:00";"semi; ""quote""
Zażółć gęślą jaźń";"3019.5870";"new column"
"2447";"10/05/2026 00:00:00";"semi; ""quote""
Zażółć gęślą jaźń";"3020.8215";"new column"
"2448";"10/05/2026 00:00:00";"semi; ""quote""
Zażółć gęślą jaźń";"3022.0560";"new column"
"2449";"10/05/2026 00:00:00";"semi; ""quote""
Zażółć gęślą jaźń";"3023.2905";"new column"
"2450";"10/05/2026 00:00:00";"";"3024.5250";"new column"
"2451";"10/05/2026 00:00:00";"semi; ""quote""
Zażółć gęślą jaźń";"3025.7595";"new column"
"2452";"10/05/2026 00:00:00";"semi; ""quote""
Zażółć gęślą jaźń";"3026.9940";"new column"
"2453";"10/05/2026 00:00:00";"semi; ""quote""
Zażółć gęślą jaźń";"3028.2285";"new column"
"2454";"10/05/2026 00:00:00";"semi; ""quote""
Zażółć gęślą jaźń";"3029.4630";"new column"
"2455";"10/05/2026 00:00:00";"semi; ""quote""
Zażółć gęślą jaźń";"3030.6975";"new column"
"2456";"10/05/2026 00:00:00";"semi; ""quote""
Zażółć gęślą jaźń";"3031.9320";"new column"
"2457";"10/05/2026 00:00:00";"";"3033.1665";"new column"
"2458";"10/05/2026 00:00:00";"semi; ""quote""
Zażółć gęślą jaźń";"3034.4010";"new column"
"2459";"10/05/2026 00:00:00";"semi; ""quote""
Zażółć gęślą jaźń";"3035.6355";"new column"
"2460";"10/05/2026 00:00:00";"semi; ""quote""
Zażółć gęślą jaźń";"3036.8700";"new column"
"2461";"10/05/2026 00:00:00";"semi; ""quote""
Zażółć gęślą jaźń";"3038.1045";"new column"
"2462";"10/05/2026 00:00:00";"semi; ""quote""
Zażółć gęślą jaźń";"3039.3390";"new column"
"2463";"10/05/2026 00:00:00";"semi; ""quote""
Zażółć gęślą jaźń";"3040.5735";"new column"
"2464";"10/05/2026 00:00:00";"";"3041.8080";"new column"
"2465";"10/05/2026 00:00:00";"semi; ""quote""
Zażółć gęślą jaźń";"3043.0425";"new column"
"2466";"10/05/2026 00:00:00";"semi; ""quote""
Zażółć gęślą jaźń";"3044.2770";"new column"
"2467";"10/05/2026 00:00:00";"semi; ""quote""
Zażółć gęślą jaźń";"3045.5115";"new column"
"2468";"10/05/2026 00:00:00";"semi; ""quote""
Zażółć gęślą jaźń";"3046.7460";"new column"
"2469";"10/05/2026 00:00:00";"semi; ""quote""
Zażółć gęślą jaźń";"3047.9805";"new column"
"2470";"10/05/2026 00:00:00";"semi; ""quote""
Zażółć gęślą jaźń";"3049.2150";"new column"
"2471";"10/05/2026 00:00:00";"";"3050.4495";"new column"
"2472";"10/05/2026 00:00:00";"semi; ""quote""
Zażółć gęślą jaźń";"3051.6840";"new column"
"2473";"10/05/2026 00:00:00";"semi; ""quote""
Zażółć gęślą jaźń";"3052.9185";"new column"
"2474";"10/05/2026 00:00:00";"semi; ""quote""
Zażółć gęślą jaźń";"3054.1530";"new column"
"2475";"10/05/2026 00:00:00";"semi; ""quote""
Zażółć gęślą jaźń";"3055.3875";"new column"
"2476";"10/05/2026 00:00:00";"semi; ""quote""
Zażółć gęślą jaźń";"3056.6220";"new column"
"2477";"10/05/2026 00:00:00";"semi; ""quote""
Zażółć gęślą jaźń";"3057.8565";"new column"
"2478";"10/05/2026 00:00:00";"";"3059.0910";"new column"
"2479";"10/05/2026 00:00:00";"semi; ""quote""
Zażółć gęślą jaźń";"3060.3255";"new column"
"2480";"10/05/2026 00:00:00";"semi; ""quote""
Zażółć gęślą jaźń";"3061.5600";"new column"
"2481";"10/05/2026 00:00:00";"semi; ""quote""
Zażółć gęślą jaźń";"3062.7945";"new column"
"2482";"10/05/2026 00:00:00";"semi; ""quote""
Zażółć gęślą jaźń";"3064.0290";"new column"
"2483";"10/05/2026 00:00:00";"semi; ""quote""
Zażółć gęślą jaźń";"3065.2635";"new column"
"2484";"10/05/2026 00:00:00";"semi; ""quote""
Zażółć gęślą jaźń";"3066.4980";"new column"
"2485";"10/05/2026 00:00:00";"";"3067.7325";"new column"
"2486";"10/05/2026 00:00:00";"semi; ""quote""
Zażółć gęślą jaźń";"3068.9670";"new column"
"2487";"10/05/2026 00:00:00";"semi; ""quote""
Zażółć gęślą jaźń";"3070.2015";"new column"
"2488";"10/05/2026 00:00:00";"semi; ""quote""
Zażółć gęślą jaźń";"3071.4360";"new column"
"2489";"10/05/2026 00:00:00";"semi; ""quote""
Zażółć gęślą jaźń";"3072.6705";"new column"
"2490";"10/05/2026 00:00:00";"semi; ""quote""
Zażółć gęślą jaźń";"3073.9050";"new column"
"2491";"10/05/2026 00:00:00";"semi; ""quote""
Zażółć gęślą jaźń";"3075.1395";"new column"
"2492";"10/05/2026 00:00:00";"";"3076.3740";"new column"
"2493";"10/05/2026 00:00:00";"semi; ""quote""
Zażółć gęślą jaźń";"3077.6085";"new column"
"2494";"10/05/2026 00:00:00";"semi; ""quote""
Zażółć gęślą jaźń";"3078.8430";"new column"
"2495";"10/05/2026 00:00:00";"semi; ""quote""
Zażółć gęślą jaźń";"3080.0775";"new column"
"2496";"10/05/2026 00:00:00";"semi; ""quote""
Zażółć gęślą jaźń";"3081.3120";"new column"
"2497";"10/05/2026 00:00:00";"semi; ""quote""
Zażółć gęślą jaźń";"3082.5465";"new column"
"2498";"10/05/2026 00:00:00";"semi; ""quote""
Zażółć gęślą jaźń";"3083.7810";"new column"
"2499";"10/05/2026 00:00:00";"";"3085.0155";"new column"
"2500";"10/05/2026 00:00:00";"semi; ""quote""
Zażółć gęślą jaźń";"3086.2500";"new column"
"2501";"10/05/2026 00:00:00";"semi; ""quote""
Zażółć gęślą jaźń";"3087.4845";"new column"
"2502";"10/05/2026 00:00:00";"semi; ""quote""
Zażółć gęślą jaźń";"3088.7190";"new column"
"2503";"10/05/2026 00:00:00";"semi; ""quote""
Zażółć gęślą jaźń";"3089.9535";"new column"
"2504";"10/05/2026 00:00:00";"semi; ""quote""
Zażółć gęślą jaźń";"3091.1880";"new column"
"2505";"10/05/2026 00:00:00";"semi; ""quote""
Zażółć gęślą jaźń";"3092.4225";"new column"
"3000";"10/06/2026 00:00:00";"last eligible day";"7.0000";"new column"
