"OrderNo (bigint)";"CreatedAt (datetime2)";"Note (nvarchar)";"Amount (decimal)"
"1";"10/05/2026 00:00:00";"semi; ""quote""
Zażółć gęślą jaźń";"1.2345"
"2";"10/05/2026 00:00:00";"semi; ""quote""
Zażółć gęślą jaźń";"2.4690"
"3";"10/05/2026 00:00:00";"semi; ""quote""
Zażółć gęślą jaźń";"3.7035"
"4";"10/05/2026 00:00:00";"semi; ""quote""
Zażółć gęślą jaźń";"4.9380"
"5";"10/05/2026 00:00:00";"semi; ""quote""
Zażółć gęślą jaźń";"6.1725"
"6";"10/05/2026 00:00:00";"semi; ""quote""
Zażółć gęślą jaźń";"7.4070"
"7";"10/05/2026 00:00:00";"";"8.6415"
"8";"10/05/2026 00:00:00";"semi; ""quote""
Zażółć gęślą jaźń";"9.8760"
"9";"10/05/2026 00:00:00";"semi; ""quote""
Zażółć gęślą jaźń";"11.1105"
"10";"10/05/2026 00:00:00";"semi; ""quote""
Zażółć gęślą jaźń";"12.3450"
"11";"10/05/2026 00:00:00";"semi; ""quote""
Zażółć gęślą jaźń";"13.5795"
"12";"10/05/2026 00:00:00";"semi; ""quote""
Zażółć gęślą jaźń";"14.8140"
"13";"10/05/2026 00:00:00";"semi; ""quote""
Zażółć gęślą jaźń";"16.0485"
"14";"10/05/2026 00:00:00";"";"17.2830"
"15";"10/05/2026 00:00:00";"semi; ""quote""
Zażółć gęślą jaźń";"18.5175"
"16";"10/05/2026 00:00:00";"semi; ""quote""
Zażółć gęślą jaźń";"19.7520"
"17";"10/05/2026 00:00:00";"semi; ""quote""
Zażółć gęślą jaźń";"20.9865"
"18";"10/05/2026 00:00:00";"semi; ""quote""
Zażółć gęślą jaźń";"22.2210"
"19";"10/05/2026 00:00:00";"semi; ""quote""
Zażółć gęślą jaźń";"23.4555"
"20";"10/05/2026 00:00:00";"semi; ""quote""
Zażółć gęślą jaźń";"24.6900"
"21";"10/05/2026 00:00:00";"";"25.9245"
"22";"10/05/2026 00:00:00";"semi; ""quote""
Zażółć gęślą jaźń";"27.1590"
"23";"10/05/2026 00:00:00";"semi; ""quote""
Zażółć gęślą jaźń";"28.3935"
"24";"10/05/2026 00:00:00";"semi; ""quote""
Zażółć gęślą jaźń";"29.6280"
"25";"10/05/2026 00:00:00";"semi; ""quote""
Zażółć gęślą jaźń";"30.8625"
"26";"10/05/2026 00:00:00";"semi; ""quote""
Zażółć gęślą jaźń";"32.0970"
"27";"10/05/2026 00:00:00";"semi; ""quote""
Zażółć gęślą jaźń";"33.3315"
"28";"10/05/2026 00:00:00";"";"34.5660"
"29";"10/05/2026 00:00:00";"semi; ""quote""
Zażółć gęślą jaźń";"35.8005"
"30";"10/05/2026 00:00:00";"semi; ""quote""
Zażółć gęślą jaźń";"37.0350"
"31";"10/05/2026 00:00:00";"semi; ""quote""
Zażółć gęślą jaźń";"38.2695"
"32";"10/05/2026 00:00:00";"semi; ""quote""
Zażółć gęślą jaźń";"39.5040"
"33";"10/05/2026 00:00:00";"semi; ""quote""
Zażółć gęślą jaźń";"40.7385"
"34";"10/05/2026 00:00:00";"semi; ""quote""
Zażółć gęślą jaźń";"41.9730"
"35";"10/05/2026 00:00:00";"";"43.2075"
"36";"10/05/2026 00:00:00";"semi; ""quote""
Zażółć gęślą jaźń";"44.4420"
"37";"10/05/2026 00:00:00";"semi; ""quote""
Zażółć gęślą jaźń";"45.6765"
"38";"10/05/2026 00:00:00";"semi; ""quote""
Zażółć gęślą jaźń";"46.9110"
"39";"10/05/2026 00:00:00";"semi; ""quote""
Zażółć gęślą jaźń";"48.1455"
"40";"10/05/2026 00:00:00";"semi; ""quote""
Zażółć gęślą jaźń";"49.3800"
"41";"10/05/2026 00:00:00";"semi; ""quote""
Zażółć gęślą jaźń";"50.6145"
"42";"10/05/2026 00:00:00";"";"51.8490"
"43";"10/05/2026 00:00:00";"semi; ""quote""
Zażółć gęślą jaźń";"53.0835"
"44";"10/05/2026 00:00:00";"semi; ""quote""
Zażółć gęślą jaźń";"54.3180"
"45";"10/05/2026 00:00:00";"semi; ""quote""
Zażółć gęślą jaźń";"55.5525"
"46";"10/05/2026 00:00:00";"semi; ""quote""
Zażółć gęślą jaźń";"56.7870"
"47";"10/05/2026 00:00:00";"semi; ""quote""
Zażółć gęślą jaźń";"58.0215"
"48";"10/05/2026 00:00:00";"semi; ""quote""
Zażółć gęślą jaźń";"59.2560"
"49";"10/05/2026 00:00:00";"";"60.4905"
"50";"10/05/2026 00:00:00";"semi; ""quote""
Zażółć gęślą jaźń";"61.7250"
"51";"10/05/2026 00:00:00";"semi; ""quote""
Zażółć gęślą jaźń";"62.9595"
"52";"10/05/2026 00:00:00";"semi; ""quote""
Zażółć gęślą jaźń";"64.1940"
"53";"10/05/2026 00:00:00";"semi; ""quote""
Zażółć gęślą jaźń";"65.4285"
"54";"10/05/2026 00:00:00";"semi; ""quote""
Zażółć gęślą jaźń";"66.6630"
"55";"10/05/2026 00:00:00";"semi; ""quote""
Zażółć gęślą jaźń";"67.8975"
"56";"10/05/2026 00:00:00";"";"69.1320"
"57";"10/05/2026 00:00:00";"semi; ""quote""
Zażółć gęślą jaźń";"70.3665"
"58";"10/05/2026 00:00:00";"semi; ""quote""
Zażółć gęślą jaźń";"71.6010"
"59";"10/05/2026 00:00:00";"semi; ""quote""
Zażółć gęślą jaźń";"72.8355"
"60";"10/05/2026 00:00:00";"semi; ""quote""
Zażółć gęślą jaźń";"74.0700"
"61";"10/05/2026 00:00:00";"semi; ""quote""
Zażółć gęślą jaźń";"75.3045"
"62";"10/05/2026 00:00:00";"semi; ""quote""
Zażółć gęślą jaźń";"76.5390"
"63";"10/05/2026 00:00:00";"";"77.7735"
"64";"10/05/2026 00:00:00";"semi; ""quote""
Zażółć gęślą jaźń";"79.0080"
"65";"10/05/2026 00:00:00";"semi; ""quote""
Zażółć gęślą jaźń";"80.2425"
"66";"10/05/2026 00:00:00";"semi; ""quote""
Zażółć gęślą jaźń";"81.4770"
"67";"10/05/2026 00:00:00";"semi; ""quote""
Zażółć gęślą jaźń";"82.7115"
"68";"10/05/2026 00:00:00";"semi; ""quote""
Zażółć gęślą jaźń";"83.9460"
"69";"10/05/2026 00:00:00";"semi; ""quote""
Zażółć gęślą jaźń";"85.1805"
"70";"10/05/2026 00:00:00";"";"86.4150"
"71";"10/05/2026 00:00:00";"semi; ""quote""
Zażółć gęślą jaźń";"87.6495"
"72";"10/05/2026 00:00:00";"semi; ""quote""
Zażółć gęślą jaźń";"88.8840"
"73";"10/05/2026 00:00:00";"semi; ""quote""
Zażółć gęślą jaźń";"90.1185"
"74";"10/05/2026 00:00:00";"semi; ""quote""
Zażółć gęślą jaźń";"91.3530"
"75";"10/05/2026 00:00:00";"semi; ""quote""
Zażółć gęślą jaźń";"92.5875"
"76";"10/05/2026 00:00:00";"semi; ""quote""
Zażółć gęślą jaźń";"93.8220"
"77";"10/05/2026 00:00:00";"";"95.0565"
"78";"10/05/2026 00:00:00";"semi; ""quote""
Zażółć gęślą jaźń";"96.2910"
"79";"10/05/2026 00:00:00";"semi; ""quote""
Zażółć gęślą jaźń";"97.5255"
"80";"10/05/2026 00:00:00";"semi; ""quote""
Zażółć gęślą jaźń";"98.7600"
"81";"10/05/2026 00:00:00";"semi; ""quote""
Zażółć gęślą jaźń";"99.9945"
"82";"10/05/2026 00:00:00";"semi; ""quote""
Zażółć gęślą jaźń";"101.2290"
"83";"10/05/2026 00:00:00";"semi; ""quote""
Zażółć gęślą jaźń";"102.4635"
"84";"10/05/2026 00:00:00";"";"103.6980"
"85";"10/05/2026 00:00:00";"semi; ""quote""
Zażółć gęślą jaźń";"104.9325"
"86";"10/05/2026 00:00:00";"semi; ""quote""
Zażółć gęślą jaźń";"106.1670"
"87";"10/05/2026 00:00:00";"semi; ""quote""
Zażółć gęślą jaźń";"107.4015"
"88";"10/05/2026 00:00:00";"semi; ""quote""
Zażółć gęślą jaźń";"108.6360"
"89";"10/05/2026 00:00:00";"semi; ""quote""
Zażółć gęślą jaźń";"109.8705"
"90";"10/05/2026 00:00:00";"semi; ""quote""
Zażółć gęślą jaźń";"111.1050"
"91";"10/05/2026 00:00:00";"";"112.3395"
"92";"10/05/2026 00:00:00";"semi; ""quote""
Zażółć gęślą jaźń";"113.5740"
"93";"10/05/2026 00:00:00";"semi; ""quote""
Zażółć gęślą jaźń";"114.8085"
"94";"10/05/2026 00:00:00";"semi; ""quote""
Zażółć gęślą jaźń";"116.0430"
"95";"10/05/2026 00:00:00";"semi; ""quote""
Zażółć gęślą jaźń";"117.2775"
"96";"10/05/2026 00:00:00";"semi; ""quote""
Zażółć gęślą jaźń";"118.5120"
"97";"10/05/2026 00:00:00";"semi; ""quote""
Zażółć gęślą jaźń";"119.7465"
"98";"10/05/2026 00:00:00";"";"120.9810"
"99";"10/05/2026 00:00:00";"semi; ""quote""
Zażółć gęślą jaźń";"122.2155"
"100";"10/05/2026 00:00:00";"semi; ""quote""
Zażółć gęślą jaźń";"123.4500"
"101";"10/05/2026 00:00:00";"semi; ""quote""
Zażółć gęślą jaźń";"124.6845"
"102";"10/05/2026 00:00:00";"semi; ""quote""
Zażółć gęślą jaźń";"125.9190"
"103";"10/05/2026 00:00:00";"semi; ""quote""
Zażółć gęślą jaźń";"127.1535"
"104";"10/05/2026 00:00:00";"semi; ""quote""
Zażółć gęślą jaźń";"128.3880"
"105";"10/05/2026 00:00:00";"";"129.6225"
"106";"10/05/2026 00:00:00";"semi; ""quote""
Zażółć gęślą jaźń";"130.8570"
"107";"10/05/2026 00:00:00";"semi; ""quote""
Zażółć gęślą jaźń";"132.0915"
"108";"10/05/2026 00:00:00";"semi; ""quote""
Zażółć gęślą jaźń";"133.3260"
"109";"10/05/2026 00:00:00";"semi; ""quote""
Zażółć gęślą jaźń";"134.5605"
"110";"10/05/2026 00:00:00";"semi; ""quote""
Zażółć gęślą jaźń";"135.7950"
"111";"10/05/2026 00:00:00";"semi; ""quote""
Zażółć gęślą jaźń";"137.0295"
"112";"10/05/2026 00:00:00";"";"138.2640"
"113";"10/05/2026 00:00:00";"semi; ""quote""
Zażółć gęślą jaźń";"139.4985"
"114";"10/05/2026 00:00:00";"semi; ""quote""
Zażółć gęślą jaźń";"140.7330"
"115";"10/05/2026 00:00:00";"semi; ""quote""
Zażółć gęślą jaźń";"141.9675"
"116";"10/05/2026 00:00:00";"semi; ""quote""
Zażółć gęślą jaźń";"143.2020"
"117";"10/05/2026 00:00:00";"semi; ""quote""
Zażółć gęślą jaźń";"144.4365"
"118";"10/05/2026 00:00:00";"semi; ""quote""
Zażółć gęślą jaźń";"145.6710"
"119";"10/05/2026 00:00:00";"";"146.9055"
"120";"10/05/2026 00:00:00";"semi; ""quote""
Zażółć gęślą jaźń";"148.1400"
"121";"10/05/2026 00:00:00";"semi; ""quote""
Zażółć gęślą jaźń";"149.3745"
"122";"10/05/2026 00:00:00";"semi; ""quote""
Zażółć gęślą jaźń";"150.6090"
"123";"10/05/2026 00:00:00";"semi; ""quote""
Zażółć gęślą jaźń";"151.8435"
"124";"10/05/2026 00:00:00";"semi; ""quote""
Zażółć gęślą jaźń";"153.0780"
"125";"10/05/2026 00:00:00";"semi; ""quote""
Zażółć gęślą jaźń";"154.3125"
"126";"10/05/2026 00:00:00";"";"155.5470"
"127";"10/05/2026 00:00:00";"semi; ""quote""
Zażółć gęślą jaźń";"156.7815"
"128";"10/05/2026 00:00:00";"semi; ""quote""
Zażółć gęślą jaźń";"158.0160"
"129";"10/05/2026 00:00:00";"semi; ""quote""
Zażółć gęślą jaźń";"159.2505"
"130";"10/05/2026 00:00:00";"semi; ""quote""
Zażółć gęślą jaźń";"160.4850"
"131";"10/05/2026 00:00:00";"semi; ""quote""
Zażółć gęślą jaźń";"161.7195"
"132";"10/05/2026 00:00:00";"semi; ""quote""
Zażółć gęślą jaźń";"162.9540"
"133";"10/05/2026 00:00:00";"";"164.1885"
"134";"10/05/2026 00:00:00";"semi; ""quote""
Zażółć gęślą jaźń";"165.4230"
"135";"10/05/2026 00:00:00";"semi; ""quote""
Zażółć gęślą jaźń";"166.6575"
"136";"10/05/2026 00:00:00";"semi; ""quote""
Zażółć gęślą jaźń";"167.8920"
"137";"10/05/2026 00:00:00";"semi; ""quote""
Zażółć gęślą jaźń";"169.1265"
"138";"10/05/2026 00:00:00";"semi; ""quote""
Zażółć gęślą jaźń";"170.3610"
"139";"10/05/2026 00:00:00";"semi; ""quote""
Zażółć gęślą jaźń";"171.5955"
"140";"10/05/2026 00:00:00";"";"172.8300"
"141";"10/05/2026 00:00:00";"semi; ""quote""
Zażółć gęślą jaźń";"174.0645"
"142";"10/05/2026 00:00:00";"semi; ""quote""
Zażółć gęślą jaźń";"175.2990"
"143";"10/05/2026 00:00:00";"semi; ""quote""
Zażółć gęślą jaźń";"176.5335"
"144";"10/05/2026 00:00:00";"semi; ""quote""
Zażółć gęślą jaźń";"177.7680"
"145";"10/05/2026 00:00:00";"semi; ""quote""
Zażółć gęślą jaźń";"179.0025"
"146";"10/05/2026 00:00:00";"semi; ""quote""
Zażółć gęślą jaźń";"180.2370"
"147";"10/05/2026 00:00:00";"";"181.4715"
"148";"10/05/2026 00:00:00";"semi; ""quote""
Zażółć gęślą jaźń";"182.7060"
"149";"10/05/2026 00:00:00";"semi; ""quote""
Zażółć gęślą jaźń";"183.9405"
"150";"10/05/2026 00:00:00";"semi; ""quote""
Zażółć gęślą jaźń";"185.1750"
"151";"10/05/2026 00:00:00";"semi; ""quote""
Zażółć gęślą jaźń";"186.4095"
"152";"10/05/2026 00:00:00";"semi; ""quote""
Zażółć gęślą jaźń";"187.6440"
"153";"10/05/2026 00:00:00";"semi; ""quote""
Zażółć gęślą jaźń";"188.8785"
"154";"10/05/2026 00:00:00";"";"190.1130"
"155";"10/05/2026 00:00:00";"semi; ""quote""
Zażółć gęślą jaźń";"191.3475"
"156";"10/05/2026 00:00:00";"semi; ""quote""
Zażółć gęślą jaźń";"192.5820"
"157";"10/05/2026 00:00:00";"semi; ""quote""
Zażółć gęślą jaźń";"193.8165"
"158";"10/05/2026 00:00:00";"semi; ""quote""
Zażółć gęślą jaźń";"195.0510"
"159";"10/05/2026 00:00:00";"semi; ""quote""
Zażółć gęślą jaźń";"196.2855"
"160";"10/05/2026 00:00:00";"semi; ""quote""
Zażółć gęślą jaźń";"197.5200"
"161";"10/05/2026 00:00:00";"";"198.7545"
"162";"10/05/2026 00:00:00";"semi; ""quote""
Zażółć gęślą jaźń";"199.9890"
"163";"10/05/2026 00:00:00";"semi; ""quote""
Zażółć gęślą jaźń";"201.2235"
"164";"10/05/2026 00:00:00";"semi; ""quote""
Zażółć gęślą jaźń";"202.4580"
"165";"10/05/2026 00:00:00";"semi; ""quote""
Zażółć gęślą jaźń";"203.6925"
"166";"10/05/2026 00:00:00";"semi; ""quote""
Zażółć gęślą jaźń";"204.9270"
"167";"10/05/2026 00:00:00";"semi; ""quote""
Zażółć gęślą jaźń";"206.1615"
"168";"10/05/2026 00:00:00";"";"207.3960"
"169";"10/05/2026 00:00:00";"semi; ""quote""
Zażółć gęślą jaźń";"208.6305"
"170";"10/05/2026 00:00:00";"semi; ""quote""
Zażółć gęślą jaźń";"209.8650"
"171";"10/05/2026 00:00:00";"semi; ""quote""
Zażółć gęślą jaźń";"211.0995"
"172";"10/05/2026 00:00:00";"semi; ""quote""
Zażółć gęślą jaźń";"212.3340"
"173";"10/05/2026 00:00:00";"semi; ""quote""
Zażółć gęślą jaźń";"213.5685"
"174";"10/05/2026 00:00:00";"semi; ""quote""
Zażółć gęślą jaźń";"214.8030"
"175";"10/05/2026 00:00:00";"";"216.0375"
"176";"10/05/2026 00:00:00";"semi; ""quote""
Zażółć gęślą jaźń";"217.2720"
"177";"10/05/2026 00:00:00";"semi; ""quote""
Zażółć gęślą jaźń";"218.5065"
"178";"10/05/2026 00:00:00";"semi; ""quote""
Zażółć gęślą jaźń";"219.7410"
"179";"10/05/2026 00:00:00";"semi; ""quote""
Zażółć gęślą jaźń";"220.9755"
"180";"10/05/2026 00:00:00";"semi; ""quote""
Zażółć gęślą jaźń";"222.2100"
"181";"10/05/2026 00:00:00";"semi; ""quote""
Zażółć gęślą jaźń";"223.4445"
"182";"10/05/2026 00:00:00";"";"224.6790"
"183";"10/05/2026 00:00:00";"semi; ""quote""
Zażółć gęślą jaźń";"225.9135"
"184";"10/05/2026 00:00:00";"semi; ""quote""
Zażółć gęślą jaźń";"227.1480"
"185";"10/05/2026 00:00:00";"semi; ""quote""
Zażółć gęślą jaźń";"228.3825"
"186";"10/05/2026 00:00:00";"semi; ""quote""
Zażółć gęślą jaźń";"229.6170"
"187";"10/05/2026 00:00:00";"semi; ""quote""
Zażółć gęślą jaźń";"230.8515"
"188";"10/05/2026 00:00:00";"semi; ""quote""
Zażółć gęślą jaźń";"232.0860"
"189";"10/05/2026 00:00:00";"";"233.3205"
"190";"10/05/2026 00:00:00";"semi; ""quote""
Zażółć gęślą jaźń";"234.5550"
"191";"10/05/2026 00:00:00";"semi; ""quote""
Zażółć gęślą jaźń";"235.7895"
"192";"10/05/2026 00:00:00";"semi; ""quote""
Zażółć gęślą jaźń";"237.0240"
"193";"10/05/2026 00:00:00";"semi; ""quote""
Zażółć gęślą jaźń";"238.2585"
"194";"10/05/2026 00:00:00";"semi; ""quote""
Zażółć gęślą jaźń";"239.4930"
"195";"10/05/2026 00:00:00";"semi; ""quote""
Zażółć gęślą jaźń";"240.7275"
"196";"10/05/2026 00:00:00";"";"241.9620"
"197";"10/05/2026 00:00:00";"semi; ""quote""
Zażółć gęślą jaźń";"243.1965"
"198";"10/05/2026 00:00:00";"semi; ""quote""
Zażółć gęślą jaźń";"244.4310"
"199";"10/05/2026 00:00:00";"semi; ""quote""
Zażółć gęślą jaźń";"245.6655"
"200";"10/05/2026 00:00:00";"semi; ""quote""
Zażółć gęślą jaźń";"246.9000"
"201";"10/05/2026 00:00:00";"semi; ""quote""
Zażółć gęślą jaźń";"248.1345"
"202";"10/05/2026 00:00:00";"semi; ""quote""
Zażółć gęślą jaźń";"249.3690"
"203";"10/05/2026 00:00:00";"";"250.6035"
"204";"10/05/2026 00:00:00";"semi; ""quote""
Zażółć gęślą jaźń";"251.8380"
"205";"10/05/2026 00:00:00";"semi; ""quote""
Zażółć gęślą jaźń";"253.0725"
"206";"10/05/2026 00:00:00";"semi; ""quote""
Zażółć gęślą jaźń";"254.3070"
"207";"10/05/2026 00:00:00";"semi; ""quote""
Zażółć gęślą jaźń";"255.5415"
"208";"10/05/2026 00:00:00";"semi; ""quote""
Zażółć gęślą jaźń";"256.7760"
"209";"10/05/2026 00:00:00";"semi; ""quote""
Zażółć gęślą jaźń";"258.0105"
"210";"10/05/2026 00:00:00";"";"259.2450"
"211";"10/05/2026 00:00:00";"semi; ""quote""
Zażółć gęślą jaźń";"260.4795"
"212";"10/05/2026 00:00:00";"semi; ""quote""
Zażółć gęślą jaźń";"261.7140"
"213";"10/05/2026 00:00:00";"semi; ""quote""
Zażółć gęślą jaźń";"262.9485"
"214";"10/05/2026 00:00:00";"semi; ""quote""
Zażółć gęślą jaźń";"264.1830"
"215";"10/05/2026 00:00:00";"semi; ""quote""
Zażółć gęślą jaźń";"265.4175"
"216";"10/05/2026 00:00:00";"semi; ""quote""
Zażółć gęślą jaźń";"266.6520"
"217";"10/05/2026 00:00:00";"";"267.8865"
"218";"10/05/2026 00:00:00";"semi; ""quote""
Zażółć gęślą jaźń";"269.1210"
"219";"10/05/2026 00:00:00";"semi; ""quote""
Zażółć gęślą jaźń";"270.3555"
"220";"10/05/2026 00:00:00";"semi; ""quote""
Zażółć gęślą jaźń";"271.5900"
"221";"10/05/2026 00:00:00";"semi; ""quote""
Zażółć gęślą jaźń";"272.8245"
"222";"10/05/2026 00:00:00";"semi; ""quote""
Zażółć gęślą jaźń";"274.0590"
"223";"10/05/2026 00:00:00";"semi; ""quote""
Zażółć gęślą jaźń";"275.2935"
"224";"10/05/2026 00:00:00";"";"276.5280"
"225";"10/05/2026 00:00:00";"semi; ""quote""
Zażółć gęślą jaźń";"277.7625"
"226";"10/05/2026 00:00:00";"semi; ""quote""
Zażółć gęślą jaźń";"278.9970"
"227";"10/05/2026 00:00:00";"semi; ""quote""
Zażółć gęślą jaźń";"280.2315"
"228";"10/05/2026 00:00:00";"semi; ""quote""
Zażółć gęślą jaźń";"281.4660"
"229";"10/05/2026 00:00:00";"semi; ""quote""
Zażółć gęślą jaźń";"282.7005"
"230";"10/05/2026 00:00:00";"semi; ""quote""
Zażółć gęślą jaźń";"283.9350"
"231";"10/05/2026 00:00:00";"";"285.1695"
"232";"10/05/2026 00:00:00";"semi; ""quote""
Zażółć gęślą jaźń";"286.4040"
"233";"10/05/2026 00:00:00";"semi; ""quote""
Zażółć gęślą jaźń";"287.6385"
"234";"10/05/2026 00:00:00";"semi; ""quote""
Zażółć gęślą jaźń";"288.8730"
"235";"10/05/2026 00:00:00";"semi; ""quote""
Zażółć gęślą jaźń";"290.1075"
"236";"10/05/2026 00:00:00";"semi; ""quote""
Zażółć gęślą jaźń";"291.3420"
"237";"10/05/2026 00:00:00";"semi; ""quote""
Zażółć gęślą jaźń";"292.5765"
"238";"10/05/2026 00:00:00";"";"293.8110"
"239";"10/05/2026 00:00:00";"semi; ""quote""
Zażółć gęślą jaźń";"295.0455"
"240";"10/05/2026 00:00:00";"semi; ""quote""
Zażółć gęślą jaźń";"296.2800"
"241";"10/05/2026 00:00:00";"semi; ""quote""
Zażółć gęślą jaźń";"297.5145"
"242";"10/05/2026 00:00:00";"semi; ""quote""
Zażółć gęślą jaźń";"298.7490"
"243";"10/05/2026 00:00:00";"semi; ""quote""
Zażółć gęślą jaźń";"299.9835"
"244";"10/05/2026 00:00:00";"semi; ""quote""
Zażółć gęślą jaźń";"301.2180"
"245";"10/05/2026 00:00:00";"";"302.4525"
"246";"10/05/2026 00:00:00";"semi; ""quote""
Zażółć gęślą jaźń";"303.6870"
"247";"10/05/2026 00:00:00";"semi; ""quote""
Zażółć gęślą jaźń";"304.9215"
"248";"10/05/2026 00:00:00";"semi; ""quote""
Zażółć gęślą jaźń";"306.1560"
"249";"10/05/2026 00:00:00";"semi; ""quote""
Zażółć gęślą jaźń";"307.3905"
"250";"10/05/2026 00:00:00";"semi; ""quote""
Zażółć gęślą jaźń";"308.6250"
"251";"10/05/2026 00:00:00";"semi; ""quote""
Zażółć gęślą jaźń";"309.8595"
"252";"10/05/2026 00:00:00";"";"311.0940"
"253";"10/05/2026 00:00:00";"semi; ""quote""
Zażółć gęślą jaźń";"312.3285"
"254";"10/05/2026 00:00:00";"semi; ""quote""
Zażółć gęślą jaźń";"313.5630"
"255";"10/05/2026 00:00:00";"semi; ""quote""
Zażółć gęślą jaźń";"314.7975"
"256";"10/05/2026 00:00:00";"semi; ""quote""
Zażółć gęślą jaźń";"316.0320"
"257";"10/05/2026 00:00:00";"semi; ""quote""
Zażółć gęślą jaźń";"317.2665"
"258";"10/05/2026 00:00:00";"semi; ""quote""
Zażółć gęślą jaźń";"318.5010"
"259";"10/05/2026 00:00:00";"";"319.7355"
"260";"10/05/2026 00:00:00";"semi; ""quote""
Zażółć gęślą jaźń";"320.9700"
"261";"10/05/2026 00:00:00";"semi; ""quote""
Zażółć gęślą jaźń";"322.2045"
"262";"10/05/2026 00:00:00";"semi; ""quote""
Zażółć gęślą jaźń";"323.4390"
"263";"10/05/2026 00:00:00";"semi; ""quote""
Zażółć gęślą jaźń";"324.6735"
"264";"10/05/2026 00:00:00";"semi; ""quote""
Zażółć gęślą jaźń";"325.9080"
"265";"10/05/2026 00:00:00";"semi; ""quote""
Zażółć gęślą jaźń";"327.1425"
"266";"10/05/2026 00:00:00";"";"328.3770"
"267";"10/05/2026 00:00:00";"semi; ""quote""
Zażółć gęślą jaźń";"329.6115"
"268";"10/05/2026 00:00:00";"semi; ""quote""
Zażółć gęślą jaźń";"330.8460"
"269";"10/05/2026 00:00:00";"semi; ""quote""
Zażółć gęślą jaźń";"332.0805"
"270";"10/05/2026 00:00:00";"semi; ""quote""
Zażółć gęślą jaźń";"333.3150"
"271";"10/05/2026 00:00:00";"semi; ""quote""
Zażółć gęślą jaźń";"334.5495"
"272";"10/05/2026 00:00:00";"semi; ""quote""
Zażółć gęślą jaźń";"335.7840"
"273";"10/05/2026 00:00:00";"";"337.0185"
"274";"10/05/2026 00:00:00";"semi; ""quote""
Zażółć gęślą jaźń";"338.2530"
"275";"10/05/2026 00:00:00";"semi; ""quote""
Zażółć gęślą jaźń";"339.4875"
"276";"10/05/2026 00:00:00";"semi; ""quote""
Zażółć gęślą jaźń";"340.7220"
"277";"10/05/2026 00:00:00";"semi; ""quote""
Zażółć gęślą jaźń";"341.9565"
"278";"10/05/2026 00:00:00";"semi; ""quote""
Zażółć gęślą jaźń";"343.1910"
"279";"10/05/2026 00:00:00";"semi; ""quote""
Zażółć gęślą jaźń";"344.4255"
"280";"10/05/2026 00:00:00";"";"345.6600"
"281";"10/05/2026 00:00:00";"semi; ""quote""
Zażółć gęślą jaźń";"346.8945"
"282";"10/05/2026 00:00:00";"semi; ""quote""
Zażółć gęślą jaźń";"348.1290"
"283";"10/05/2026 00:00:00";"semi; ""quote""
Zażółć gęślą jaźń";"349.3635"
"284";"10/05/2026 00:00:00";"semi; ""quote""
Zażółć gęślą jaźń";"350.5980"
"285";"10/05/2026 00:00:00";"semi; ""quote""
Zażółć gęślą jaźń";"351.8325"
"286";"10/05/2026 00:00:00";"semi; ""quote""
Zażółć gęślą jaźń";"353.0670"
"287";"10/05/2026 00:00:00";"";"354.3015"
"288";"10/05/2026 00:00:00";"semi; ""quote""
Zażółć gęślą jaźń";"355.5360"
"289";"10/05/2026 00:00:00";"semi; ""quote""
Zażółć gęślą jaźń";"356.7705"
"290";"10/05/2026 00:00:00";"semi; ""quote""
Zażółć gęślą jaźń";"358.0050"
"291";"10/05/2026 00:00:00";"semi; ""quote""
Zażółć gęślą jaźń";"359.2395"
"292";"10/05/2026 00:00:00";"semi; ""quote""
Zażółć gęślą jaźń";"360.4740"
"293";"10/05/2026 00:00:00";"semi; ""quote""
Zażółć gęślą jaźń";"361.7085"
"294";"10/05/2026 00:00:00";"";"362.9430"
"295";"10/05/2026 00:00:00";"semi; ""quote""
Zażółć gęślą jaźń";"364.1775"
"296";"10/05/2026 00:00:00";"semi; ""quote""
Zażółć gęślą jaźń";"365.4120"
"297";"10/05/2026 00:00:00";"semi; ""quote""
Zażółć gęślą jaźń";"366.6465"
"298";"10/05/2026 00:00:00";"semi; ""quote""
Zażółć gęślą jaźń";"367.8810"
"299";"10/05/2026 00:00:00";"semi; ""quote""
Zażółć gęślą jaźń";"369.1155"
"300";"10/05/2026 00:00:00";"semi; ""quote""
Zażółć gęślą jaźń";"370.3500"
"301";"10/05/2026 00:00:00";"";"371.5845"
"302";"10/05/2026 00:00:00";"semi; ""quote""
Zażółć gęślą jaźń";"372.8190"
"303";"10/05/2026 00:00:00";"semi; ""quote""
Zażółć gęślą jaźń";"374.0535"
"304";"10/05/2026 00:00:00";"semi; ""quote""
Zażółć gęślą jaźń";"375.2880"
"305";"10/05/2026 00:00:00";"semi; ""quote""
Zażółć gęślą jaźń";"376.5225"
"306";"10/05/2026 00:00:00";"semi; ""quote""
Zażółć gęślą jaźń";"377.7570"
"307";"10/05/2026 00:00:00";"semi; ""quote""
Zażółć gęślą jaźń";"378.9915"
"308";"10/05/2026 00:00:00";"";"380.2260"
"309";"10/05/2026 00:00:00";"semi; ""quote""
Zażółć gęślą jaźń";"381.4605"
"310";"10/05/2026 00:00:00";"semi; ""quote""
Zażółć gęślą jaźń";"382.6950"
"311";"10/05/2026 00:00:00";"semi; ""quote""
Zażółć gęślą jaźń";"383.9295"
"312";"10/05/2026 00:00:00";"semi; ""quote""
Zażółć gęślą jaźń";"385.1640"
"313";"10/05/2026 00:00:00";"semi; ""quote""
Zażółć gęślą jaźń";"386.3985"
"314";"10/05/2026 00:00:00";"semi; ""quote""
Zażółć gęślą jaźń";"387.6330"
"315";"10/05/2026 00:00:00";"";"388.8675"
"316";"10/05/2026 00:00:00";"semi; ""quote""
Zażółć gęślą jaźń";"390.1020"
"317";"10/05/2026 00:00:00";"semi; ""quote""
Zażółć gęślą jaźń";"391.3365"
"318";"10/05/2026 00:00:00";"semi; ""quote""
Zażółć gęślą jaźń";"392.5710"
"319";"10/05/2026 00:00:00";"semi; ""quote""
Zażółć gęślą jaźń";"393.8055"
"320";"10/05/2026 00:00:00";"semi; ""quote""
Zażółć gęślą jaźń";"395.0400"
"321";"10/05/2026 00:00:00";"semi; ""quote""
Zażółć gęślą jaźń";"396.2745"
"322";"10/05/2026 00:00:00";"";"397.5090"
"323";"10/05/2026 00:00:00";"semi; ""quote""
Zażółć gęślą jaźń";"398.7435"
"324";"10/05/2026 00:00:00";"semi; ""quote""
Zażółć gęślą jaźń";"399.9780"
"325";"10/05/2026 00:00:00";"semi; ""quote""
Zażółć gęślą jaźń";"401.2125"
"326";"10/05/2026 00:00:00";"semi; ""quote""
Zażółć gęślą jaźń";"402.4470"
"327";"10/05/2026 00:00:00";"semi; ""quote""
Zażółć gęślą jaźń";"403.6815"
"328";"10/05/2026 00:00:00";"semi; ""quote""
Zażółć gęślą jaźń";"404.9160"
"329";"10/05/2026 00:00:00";"";"406.1505"
"330";"10/05/2026 00:00:00";"semi; ""quote""
Zażółć gęślą jaźń";"407.3850"
"331";"10/05/2026 00:00:00";"semi; ""quote""
Zażółć gęślą jaźń";"408.6195"
"332";"10/05/2026 00:00:00";"semi; ""quote""
Zażółć gęślą jaźń";"409.8540"
"333";"10/05/2026 00:00:00";"semi; ""quote""
Zażółć gęślą jaźń";"411.0885"
"334";"10/05/2026 00:00:00";"semi; ""quote""
Zażółć gęślą jaźń";"412.3230"
"335";"10/05/2026 00:00:00";"semi; ""quote""
Zażółć gęślą jaźń";"413.5575"
"336";"10/05/2026 00:00:00";"";"414.7920"
"337";"10/05/2026 00:00:00";"semi; ""quote""
Zażółć gęślą jaźń";"416.0265"
"338";"10/05/2026 00:00:00";"semi; ""quote""
Zażółć gęślą jaźń";"417.2610"
"339";"10/05/2026 00:00:00";"semi; ""quote""
Zażółć gęślą jaźń";"418.4955"
"340";"10/05/2026 00:00:00";"semi; ""quote""
Zażółć gęślą jaźń";"419.7300"
"341";"10/05/2026 00:00:00";"semi; ""quote""
Zażółć gęślą jaźń";"420.9645"
"342";"10/05/2026 00:00:00";"semi; ""quote""
Zażółć gęślą jaźń";"422.1990"
"343";"10/05/2026 00:00:00";"";"423.4335"
"344";"10/05/2026 00:00:00";"semi; ""quote""
Zażółć gęślą jaźń";"424.6680"
"345";"10/05/2026 00:00:00";"semi; ""quote""
Zażółć gęślą jaźń";"425.9025"
"346";"10/05/2026 00:00:00";"semi; ""quote""
Zażółć gęślą jaźń";"427.1370"
"347";"10/05/2026 00:00:00";"semi; ""quote""
Zażółć gęślą jaźń";"428.3715"
"348";"10/05/2026 00:00:00";"semi; ""quote""
Zażółć gęślą jaźń";"429.6060"
"349";"10/05/2026 00:00:00";"semi; ""quote""
Zażółć gęślą jaźń";"430.8405"
"350";"10/05/2026 00:00:00";"";"432.0750"
"351";"10/05/2026 00:00:00";"semi; ""quote""
Zażółć gęślą jaźń";"433.3095"
"352";"10/05/2026 00:00:00";"semi; ""quote""
Zażółć gęślą jaźń";"434.5440"
"353";"10/05/2026 00:00:00";"semi; ""quote""
Zażółć gęślą jaźń";"435.7785"
"354";"10/05/2026 00:00:00";"semi; ""quote""
Zażółć gęślą jaźń";"437.0130"
"355";"10/05/2026 00:00:00";"semi; ""quote""
Zażółć gęślą jaźń";"438.2475"
"356";"10/05/2026 00:00:00";"semi; ""quote""
Zażółć gęślą jaźń";"439.4820"
"357";"10/05/2026 00:00:00";"";"440.7165"
"358";"10/05/2026 00:00:00";"semi; ""quote""
Zażółć gęślą jaźń";"441.9510"
"359";"10/05/2026 00:00:00";"semi; ""quote""
Zażółć gęślą jaźń";"443.1855"
"360";"10/05/2026 00:00:00";"semi; ""quote""
Zażółć gęślą jaźń";"444.4200"
"361";"10/05/2026 00:00:00";"semi; ""quote""
Zażółć gęślą jaźń";"445.6545"
"362";"10/05/2026 00:00:00";"semi; ""quote""
Zażółć gęślą jaźń";"446.8890"
"363";"10/05/2026 00:00:00";"semi; ""quote""
Zażółć gęślą jaźń";"448.1235"
"364";"10/05/2026 00:00:00";"";"449.3580"
"365";"10/05/2026 00:00:00";"semi; ""quote""
Zażółć gęślą jaźń";"450.5925"
"366";"10/05/2026 00:00:00";"semi; ""quote""
Zażółć gęślą jaźń";"451.8270"
"367";"10/05/2026 00:00:00";"semi; ""quote""
Zażółć gęślą jaźń";"453.0615"
"368";"10/05/2026 00:00:00";"semi; ""quote""
Zażółć gęślą jaźń";"454.2960"
"369";"10/05/2026 00:00:00";"semi; ""quote""
Zażółć gęślą jaźń";"455.5305"
"370";"10/05/2026 00:00:00";"semi; ""quote""
Zażółć gęślą jaźń";"456.7650"
"371";"10/05/2026 00:00:00";"";"457.9995"
"372";"10/05/2026 00:00:00";"semi; ""quote""
Zażółć gęślą jaźń";"459.2340"
"373";"10/05/2026 00:00:00";"semi; ""quote""
Zażółć gęślą jaźń";"460.4685"
"374";"10/05/2026 00:00:00";"semi; ""quote""
Zażółć gęślą jaźń";"461.7030"
"375";"10/05/2026 00:00:00";"semi; ""quote""
Zażółć gęślą jaźń";"462.9375"
"376";"10/05/2026 00:00:00";"semi; ""quote""
Zażółć gęślą jaźń";"464.1720"
"377";"10/05/2026 00:00:00";"semi; ""quote""
Zażółć gęślą jaźń";"465.4065"
"378";"10/05/2026 00:00:00";"";"466.6410"
"379";"10/05/2026 00:00:00";"semi; ""quote""
Zażółć gęślą jaźń";"467.8755"
"380";"10/05/2026 00:00:00";"semi; ""quote""
Zażółć gęślą jaźń";"469.1100"
"381";"10/05/2026 00:00:00";"semi; ""quote""
Zażółć gęślą jaźń";"470.3445"
"382";"10/05/2026 00:00:00";"semi; ""quote""
Zażółć gęślą jaźń";"471.5790"
"383";"10/05/2026 00:00:00";"semi; ""quote""
Zażółć gęślą jaźń";"472.8135"
"384";"10/05/2026 00:00:00";"semi; ""quote""
Zażółć gęślą jaźń";"474.0480"
"385";"10/05/2026 00:00:00";"";"475.2825"
"386";"10/05/2026 00:00:00";"semi; ""quote""
Zażółć gęślą jaźń";"476.5170"
"387";"10/05/2026 00:00:00";"semi; ""quote""
Zażółć gęślą jaźń";"477.7515"
"388";"10/05/2026 00:00:00";"semi; ""quote""
Zażółć gęślą jaźń";"478.9860"
"389";"10/05/2026 00:00:00";"semi; ""quote""
Zażółć gęślą jaźń";"480.2205"
"390";"10/05/2026 00:00:00";"semi; ""quote""
Zażółć gęślą jaźń";"481.4550"
"391";"10/05/2026 00:00:00";"semi; ""quote""
Zażółć gęślą jaźń";"482.6895"
"392";"10/05/2026 00:00:00";"";"483.9240"
"393";"10/05/2026 00:00:00";"semi; ""quote""
Zażółć gęślą jaźń";"485.1585"
"394";"10/05/2026 00:00:00";"semi; ""quote""
Zażółć gęślą jaźń";"486.3930"
"395";"10/05/2026 00:00:00";"semi; ""quote""
Zażółć gęślą jaźń";"487.6275"
"396";"10/05/2026 00:00:00";"semi; ""quote""
Zażółć gęślą jaźń";"488.8620"
"397";"10/05/2026 00:00:00";"semi; ""quote""
Zażółć gęślą jaźń";"490.0965"
"398";"10/05/2026 00:00:00";"semi; ""quote""
Zażółć gęślą jaźń";"491.3310"
"399";"10/05/2026 00:00:00";"";"492.5655"
"400";"10/05/2026 00:00:00";"semi; ""quote""
Zażółć gęślą jaźń";"493.8000"
"401";"10/05/2026 00:00:00";"semi; ""quote""
Zażółć gęślą jaźń";"495.0345"
"402";"10/05/2026 00:00:00";"semi; ""quote""
Zażółć gęślą jaźń";"496.2690"
"403";"10/05/2026 00:00:00";"semi; ""quote""
Zażółć gęślą jaźń";"497.5035"
"404";"10/05/2026 00:00:00";"semi; ""quote""
Zażółć gęślą jaźń";"498.7380"
"405";"10/05/2026 00:00:00";"semi; ""quote""
Zażółć gęślą jaźń";"499.9725"
"406";"10/05/2026 00:00:00";"";"501.2070"
"407";"10/05/2026 00:00:00";"semi; ""quote""
Zażółć gęślą jaźń";"502.4415"
"408";"10/05/2026 00:00:00";"semi; ""quote""
Zażółć gęślą jaźń";"503.6760"
"409";"10/05/2026 00:00:00";"semi; ""quote""
Zażółć gęślą jaźń";"504.9105"
"410";"10/05/2026 00:00:00";"semi; ""quote""
Zażółć gęślą jaźń";"506.1450"
"411";"10/05/2026 00:00:00";"semi; ""quote""
Zażółć gęślą jaźń";"507.3795"
"412";"10/05/2026 00:00:00";"semi; ""quote""
Zażółć gęślą jaźń";"508.6140"
"413";"10/05/2026 00:00:00";"";"509.8485"
"414";"10/05/2026 00:00:00";"semi; ""quote""
Zażółć gęślą jaźń";"511.0830"
"415";"10/05/2026 00:00:00";"semi; ""quote""
Zażółć gęślą jaźń";"512.3175"
"416";"10/05/2026 00:00:00";"semi; ""quote""
Zażółć gęślą jaźń";"513.5520"
"417";"10/05/2026 00:00:00";"semi; ""quote""
Zażółć gęślą jaźń";"514.7865"
"418";"10/05/2026 00:00:00";"semi; ""quote""
Zażółć gęślą jaźń";"516.0210"
"419";"10/05/2026 00:00:00";"semi; ""quote""
Zażółć gęślą jaźń";"517.2555"
"420";"10/05/2026 00:00:00";"";"518.4900"
"421";"10/05/2026 00:00:00";"semi; ""quote""
Zażółć gęślą jaźń";"519.7245"
"422";"10/05/2026 00:00:00";"semi; ""quote""
Zażółć gęślą jaźń";"520.9590"
"423";"10/05/2026 00:00:00";"semi; ""quote""
Zażółć gęślą jaźń";"522.1935"
"424";"10/05/2026 00:00:00";"semi; ""quote""
Zażółć gęślą jaźń";"523.4280"
"425";"10/05/2026 00:00:00";"semi; ""quote""
Zażółć gęślą jaźń";"524.6625"
"426";"10/05/2026 00:00:00";"semi; ""quote""
Zażółć gęślą jaźń";"525.8970"
"427";"10/05/2026 00:00:00";"";"527.1315"
"428";"10/05/2026 00:00:00";"semi; ""quote""
Zażółć gęślą jaźń";"528.3660"
"429";"10/05/2026 00:00:00";"semi; ""quote""
Zażółć gęślą jaźń";"529.6005"
"430";"10/05/2026 00:00:00";"semi; ""quote""
Zażółć gęślą jaźń";"530.8350"
"431";"10/05/2026 00:00:00";"semi; ""quote""
Zażółć gęślą jaźń";"532.0695"
"432";"10/05/2026 00:00:00";"semi; ""quote""
Zażółć gęślą jaźń";"533.3040"
"433";"10/05/2026 00:00:00";"semi; ""quote""
Zażółć gęślą jaźń";"534.5385"
"434";"10/05/2026 00:00:00";"";"535.7730"
"435";"10/05/2026 00:00:00";"semi; ""quote""
Zażółć gęślą jaźń";"537.0075"
"436";"10/05/2026 00:00:00";"semi; ""quote""
Zażółć gęślą jaźń";"538.2420"
"437";"10/05/2026 00:00:00";"semi; ""quote""
Zażółć gęślą jaźń";"539.4765"
"438";"10/05/2026 00:00:00";"semi; ""quote""
Zażółć gęślą jaźń";"540.7110"
"439";"10/05/2026 00:00:00";"semi; ""quote""
Zażółć gęślą jaźń";"541.9455"
"440";"10/05/2026 00:00:00";"semi; ""quote""
Zażółć gęślą jaźń";"543.1800"
"441";"10/05/2026 00:00:00";"";"544.4145"
"442";"10/05/2026 00:00:00";"semi; ""quote""
Zażółć gęślą jaźń";"545.6490"
"443";"10/05/2026 00:00:00";"semi; ""quote""
Zażółć gęślą jaźń";"546.8835"
"444";"10/05/2026 00:00:00";"semi; ""quote""
Zażółć gęślą jaźń";"548.1180"
"445";"10/05/2026 00:00:00";"semi; ""quote""
Zażółć gęślą jaźń";"549.3525"
"446";"10/05/2026 00:00:00";"semi; ""quote""
Zażółć gęślą jaźń";"550.5870"
"447";"10/05/2026 00:00:00";"semi; ""quote""
Zażółć gęślą jaźń";"551.8215"
"448";"10/05/2026 00:00:00";"";"553.0560"
"449";"10/05/2026 00:00:00";"semi; ""quote""
Zażółć gęślą jaźń";"554.2905"
"450";"10/05/2026 00:00:00";"semi; ""quote""
Zażółć gęślą jaźń";"555.5250"
"451";"10/05/2026 00:00:00";"semi; ""quote""
Zażółć gęślą jaźń";"556.7595"
"452";"10/05/2026 00:00:00";"semi; ""quote""
Zażółć gęślą jaźń";"557.9940"
"453";"10/05/2026 00:00:00";"semi; ""quote""
Zażółć gęślą jaźń";"559.2285"
"454";"10/05/2026 00:00:00";"semi; ""quote""
Zażółć gęślą jaźń";"560.4630"
"455";"10/05/2026 00:00:00";"";"561.6975"
"456";"10/05/2026 00:00:00";"semi; ""quote""
Zażółć gęślą jaźń";"562.9320"
"457";"10/05/2026 00:00:00";"semi; ""quote""
Zażółć gęślą jaźń";"564.1665"
"458";"10/05/2026 00:00:00";"semi; ""quote""
Zażółć gęślą jaźń";"565.4010"
"459";"10/05/2026 00:00:00";"semi; ""quote""
Zażółć gęślą jaźń";"566.6355"
"460";"10/05/2026 00:00:00";"semi; ""quote""
Zażółć gęślą jaźń";"567.8700"
"461";"10/05/2026 00:00:00";"semi; ""quote""
Zażółć gęślą jaźń";"569.1045"
"462";"10/05/2026 00:00:00";"";"570.3390"
"463";"10/05/2026 00:00:00";"semi; ""quote""
Zażółć gęślą jaźń";"571.5735"
"464";"10/05/2026 00:00:00";"semi; ""quote""
Zażółć gęślą jaźń";"572.8080"
"465";"10/05/2026 00:00:00";"semi; ""quote""
Zażółć gęślą jaźń";"574.0425"
"466";"10/05/2026 00:00:00";"semi; ""quote""
Zażółć gęślą jaźń";"575.2770"
"467";"10/05/2026 00:00:00";"semi; ""quote""
Zażółć gęślą jaźń";"576.5115"
"468";"10/05/2026 00:00:00";"semi; ""quote""
Zażółć gęślą jaźń";"577.7460"
"469";"10/05/2026 00:00:00";"";"578.9805"
"470";"10/05/2026 00:00:00";"semi; ""quote""
Zażółć gęślą jaźń";"580.2150"
"471";"10/05/2026 00:00:00";"semi; ""quote""
Zażółć gęślą jaźń";"581.4495"
"472";"10/05/2026 00:00:00";"semi; ""quote""
Zażółć gęślą jaźń";"582.6840"
"473";"10/05/2026 00:00:00";"semi; ""quote""
Zażółć gęślą jaźń";"583.9185"
"474";"10/05/2026 00:00:00";"semi; ""quote""
Zażółć gęślą jaźń";"585.1530"
"475";"10/05/2026 00:00:00";"semi; ""quote""
Zażółć gęślą jaźń";"586.3875"
"476";"10/05/2026 00:00:00";"";"587.6220"
"477";"10/05/2026 00:00:00";"semi; ""quote""
Zażółć gęślą jaźń";"588.8565"
"478";"10/05/2026 00:00:00";"semi; ""quote""
Zażółć gęślą jaźń";"590.0910"
"479";"10/05/2026 00:00:00";"semi; ""quote""
Zażółć gęślą jaźń";"591.3255"
"480";"10/05/2026 00:00:00";"semi; ""quote""
Zażółć gęślą jaźń";"592.5600"
"481";"10/05/2026 00:00:00";"semi; ""quote""
Zażółć gęślą jaźń";"593.7945"
"482";"10/05/2026 00:00:00";"semi; ""quote""
Zażółć gęślą jaźń";"595.0290"
"483";"10/05/2026 00:00:00";"";"596.2635"
"484";"10/05/2026 00:00:00";"semi; ""quote""
Zażółć gęślą jaźń";"597.4980"
"485";"10/05/2026 00:00:00";"semi; ""quote""
Zażółć gęślą jaźń";"598.7325"
"486";"10/05/2026 00:00:00";"semi; ""quote""
Zażółć gęślą jaźń";"599.9670"
"487";"10/05/2026 00:00:00";"semi; ""quote""
Zażółć gęślą jaźń";"601.2015"
"488";"10/05/2026 00:00:00";"semi; ""quote""
Zażółć gęślą jaźń";"602.4360"
"489";"10/05/2026 00:00:00";"semi; ""quote""
Zażółć gęślą jaźń";"603.6705"
"490";"10/05/2026 00:00:00";"";"604.9050"
"491";"10/05/2026 00:00:00";"semi; ""quote""
Zażółć gęślą jaźń";"606.1395"
"492";"10/05/2026 00:00:00";"semi; ""quote""
Zażółć gęślą jaźń";"607.3740"
"493";"10/05/2026 00:00:00";"semi; ""quote""
Zażółć gęślą jaźń";"608.6085"
"494";"10/05/2026 00:00:00";"semi; ""quote""
Zażółć gęślą jaźń";"609.8430"
"495";"10/05/2026 00:00:00";"semi; ""quote""
Zażółć gęślą jaźń";"611.0775"
"496";"10/05/2026 00:00:00";"semi; ""quote""
Zażółć gęślą jaźń";"612.3120"
"497";"10/05/2026 00:00:00";"";"613.5465"
"498";"10/05/2026 00:00:00";"semi; ""quote""
Zażółć gęślą jaźń";"614.7810"
"499";"10/05/2026 00:00:00";"semi; ""quote""
Zażółć gęślą jaźń";"616.0155"
"500";"10/05/2026 00:00:00";"semi; ""quote""
Zażółć gęślą jaźń";"617.2500"
"501";"10/05/2026 00:00:00";"semi; ""quote""
Zażółć gęślą jaźń";"618.4845"
"502";"10/05/2026 00:00:00";"semi; ""quote""
Zażółć gęślą jaźń";"619.7190"
"503";"10/05/2026 00:00:00";"semi; ""quote""
Zażółć gęślą jaźń";"620.9535"
"504";"10/05/2026 00:00:00";"";"622.1880"
"505";"10/05/2026 00:00:00";"semi; ""quote""
Zażółć gęślą jaźń";"623.4225"
"506";"10/05/2026 00:00:00";"semi; ""quote""
Zażółć gęślą jaźń";"624.6570"
"507";"10/05/2026 00:00:00";"semi; ""quote""
Zażółć gęślą jaźń";"625.8915"
"508";"10/05/2026 00:00:00";"semi; ""quote""
Zażółć gęślą jaźń";"627.1260"
"509";"10/05/2026 00:00:00";"semi; ""quote""
Zażółć gęślą jaźń";"628.3605"
"510";"10/05/2026 00:00:00";"semi; ""quote""
Zażółć gęślą jaźń";"629.5950"
"511";"10/05/2026 00:00:00";"";"630.8295"
"512";"10/05/2026 00:00:00";"semi; ""quote""
Zażółć gęślą jaźń";"632.0640"
"513";"10/05/2026 00:00:00";"semi; ""quote""
Zażółć gęślą jaźń";"633.2985"
"514";"10/05/2026 00:00:00";"semi; ""quote""
Zażółć gęślą jaźń";"634.5330"
"515";"10/05/2026 00:00:00";"semi; ""quote""
Zażółć gęślą jaźń";"635.7675"
"516";"10/05/2026 00:00:00";"semi; ""quote""
Zażółć gęślą jaźń";"637.0020"
"517";"10/05/2026 00:00:00";"semi; ""quote""
Zażółć gęślą jaźń";"638.2365"
"518";"10/05/2026 00:00:00";"";"639.4710"
"519";"10/05/2026 00:00:00";"semi; ""quote""
Zażółć gęślą jaźń";"640.7055"
"520";"10/05/2026 00:00:00";"semi; ""quote""
Zażółć gęślą jaźń";"641.9400"
"521";"10/05/2026 00:00:00";"semi; ""quote""
Zażółć gęślą jaźń";"643.1745"
"522";"10/05/2026 00:00:00";"semi; ""quote""
Zażółć gęślą jaźń";"644.4090"
"523";"10/05/2026 00:00:00";"semi; ""quote""
Zażółć gęślą jaźń";"645.6435"
"524";"10/05/2026 00:00:00";"semi; ""quote""
Zażółć gęślą jaźń";"646.8780"
"525";"10/05/2026 00:00:00";"";"648.1125"
"526";"10/05/2026 00:00:00";"semi; ""quote""
Zażółć gęślą jaźń";"649.3470"
"527";"10/05/2026 00:00:00";"semi; ""quote""
Zażółć gęślą jaźń";"650.5815"
"528";"10/05/2026 00:00:00";"semi; ""quote""
Zażółć gęślą jaźń";"651.8160"
"529";"10/05/2026 00:00:00";"semi; ""quote""
Zażółć gęślą jaźń";"653.0505"
"530";"10/05/2026 00:00:00";"semi; ""quote""
Zażółć gęślą jaźń";"654.2850"
"531";"10/05/2026 00:00:00";"semi; ""quote""
Zażółć gęślą jaźń";"655.5195"
"532";"10/05/2026 00:00:00";"";"656.7540"
"533";"10/05/2026 00:00:00";"semi; ""quote""
Zażółć gęślą jaźń";"657.9885"
"534";"10/05/2026 00:00:00";"semi; ""quote""
Zażółć gęślą jaźń";"659.2230"
"535";"10/05/2026 00:00:00";"semi; ""quote""
Zażółć gęślą jaźń";"660.4575"
"536";"10/05/2026 00:00:00";"semi; ""quote""
Zażółć gęślą jaźń";"661.6920"
"537";"10/05/2026 00:00:00";"semi; ""quote""
Zażółć gęślą jaźń";"662.9265"
"538";"10/05/2026 00:00:00";"semi; ""quote""
Zażółć gęślą jaźń";"664.1610"
"539";"10/05/2026 00:00:00";"";"665.3955"
"540";"10/05/2026 00:00:00";"semi; ""quote""
Zażółć gęślą jaźń";"666.6300"
"541";"10/05/2026 00:00:00";"semi; ""quote""
Zażółć gęślą jaźń";"667.8645"
"542";"10/05/2026 00:00:00";"semi; ""quote""
Zażółć gęślą jaźń";"669.0990"
"543";"10/05/2026 00:00:00";"semi; ""quote""
Zażółć gęślą jaźń";"670.3335"
"544";"10/05/2026 00:00:00";"semi; ""quote""
Zażółć gęślą jaźń";"671.5680"
"545";"10/05/2026 00:00:00";"semi; ""quote""
Zażółć gęślą jaźń";"672.8025"
"546";"10/05/2026 00:00:00";"";"674.0370"
"547";"10/05/2026 00:00:00";"semi; ""quote""
Zażółć gęślą jaźń";"675.2715"
"548";"10/05/2026 00:00:00";"semi; ""quote""
Zażółć gęślą jaźń";"676.5060"
"549";"10/05/2026 00:00:00";"semi; ""quote""
Zażółć gęślą jaźń";"677.7405"
"550";"10/05/2026 00:00:00";"semi; ""quote""
Zażółć gęślą jaźń";"678.9750"
"551";"10/05/2026 00:00:00";"semi; ""quote""
Zażółć gęślą jaźń";"680.2095"
"552";"10/05/2026 00:00:00";"semi; ""quote""
Zażółć gęślą jaźń";"681.4440"
"553";"10/05/2026 00:00:00";"";"682.6785"
"554";"10/05/2026 00:00:00";"semi; ""quote""
Zażółć gęślą jaźń";"683.9130"
"555";"10/05/2026 00:00:00";"semi; ""quote""
Zażółć gęślą jaźń";"685.1475"
"556";"10/05/2026 00:00:00";"semi; ""quote""
Zażółć gęślą jaźń";"686.3820"
"557";"10/05/2026 00:00:00";"semi; ""quote""
Zażółć gęślą jaźń";"687.6165"
"558";"10/05/2026 00:00:00";"semi; ""quote""
Zażółć gęślą jaźń";"688.8510"
"559";"10/05/2026 00:00:00";"semi; ""quote""
Zażółć gęślą jaźń";"690.0855"
"560";"10/05/2026 00:00:00";"";"691.3200"
"561";"10/05/2026 00:00:00";"semi; ""quote""
Zażółć gęślą jaźń";"692.5545"
"562";"10/05/2026 00:00:00";"semi; ""quote""
Zażółć gęślą jaźń";"693.7890"
"563";"10/05/2026 00:00:00";"semi; ""quote""
Zażółć gęślą jaźń";"695.0235"
"564";"10/05/2026 00:00:00";"semi; ""quote""
Zażółć gęślą jaźń";"696.2580"
"565";"10/05/2026 00:00:00";"semi; ""quote""
Zażółć gęślą jaźń";"697.4925"
"566";"10/05/2026 00:00:00";"semi; ""quote""
Zażółć gęślą jaźń";"698.7270"
"567";"10/05/2026 00:00:00";"";"699.9615"
"568";"10/05/2026 00:00:00";"semi; ""quote""
Zażółć gęślą jaźń";"701.1960"
"569";"10/05/2026 00:00:00";"semi; ""quote""
Zażółć gęślą jaźń";"702.4305"
"570";"10/05/2026 00:00:00";"semi; ""quote""
Zażółć gęślą jaźń";"703.6650"
"571";"10/05/2026 00:00:00";"semi; ""quote""
Zażółć gęślą jaźń";"704.8995"
"572";"10/05/2026 00:00:00";"semi; ""quote""
Zażółć gęślą jaźń";"706.1340"
"573";"10/05/2026 00:00:00";"semi; ""quote""
Zażółć gęślą jaźń";"707.3685"
"574";"10/05/2026 00:00:00";"";"708.6030"
"575";"10/05/2026 00:00:00";"semi; ""quote""
Zażółć gęślą jaźń";"709.8375"
"576";"10/05/2026 00:00:00";"semi; ""quote""
Zażółć gęślą jaźń";"711.0720"
"577";"10/05/2026 00:00:00";"semi; ""quote""
Zażółć gęślą jaźń";"712.3065"
"578";"10/05/2026 00:00:00";"semi; ""quote""
Zażółć gęślą jaźń";"713.5410"
"579";"10/05/2026 00:00:00";"semi; ""quote""
Zażółć gęślą jaźń";"714.7755"
"580";"10/05/2026 00:00:00";"semi; ""quote""
Zażółć gęślą jaźń";"716.0100"
"581";"10/05/2026 00:00:00";"";"717.2445"
"582";"10/05/2026 00:00:00";"semi; ""quote""
Zażółć gęślą jaźń";"718.4790"
"583";"10/05/2026 00:00:00";"semi; ""quote""
Zażółć gęślą jaźń";"719.7135"
"584";"10/05/2026 00:00:00";"semi; ""quote""
Zażółć gęślą jaźń";"720.9480"
"585";"10/05/2026 00:00:00";"semi; ""quote""
Zażółć gęślą jaźń";"722.1825"
"586";"10/05/2026 00:00:00";"semi; ""quote""
Zażółć gęślą jaźń";"723.4170"
"587";"10/05/2026 00:00:00";"semi; ""quote""
Zażółć gęślą jaźń";"724.6515"
"588";"10/05/2026 00:00:00";"";"725.8860"
"589";"10/05/2026 00:00:00";"semi; ""quote""
Zażółć gęślą jaźń";"727.1205"
"590";"10/05/2026 00:00:00";"semi; ""quote""
Zażółć gęślą jaźń";"728.3550"
"591";"10/05/2026 00:00:00";"semi; ""quote""
Zażółć gęślą jaźń";"729.5895"
"592";"10/05/2026 00:00:00";"semi; ""quote""
Zażółć gęślą jaźń";"730.8240"
"593";"10/05/2026 00:00:00";"semi; ""quote""
Zażółć gęślą jaźń";"732.0585"
"594";"10/05/2026 00:00:00";"semi; ""quote""
Zażółć gęślą jaźń";"733.2930"
"595";"10/05/2026 00:00:00";"";"734.5275"
"596";"10/05/2026 00:00:00";"semi; ""quote""
Zażółć gęślą jaźń";"735.7620"
"597";"10/05/2026 00:00:00";"semi; ""quote""
Zażółć gęślą jaźń";"736.9965"
"598";"10/05/2026 00:00:00";"semi; ""quote""
Zażółć gęślą jaźń";"738.2310"
"599";"10/05/2026 00:00:00";"semi; ""quote""
Zażółć gęślą jaźń";"739.4655"
"600";"10/05/2026 00:00:00";"semi; ""quote""
Zażółć gęślą jaźń";"740.7000"
"601";"10/05/2026 00:00:00";"semi; ""quote""
Zażółć gęślą jaźń";"741.9345"
"602";"10/05/2026 00:00:00";"";"743.1690"
"603";"10/05/2026 00:00:00";"semi; ""quote""
Zażółć gęślą jaźń";"744.4035"
"604";"10/05/2026 00:00:00";"semi; ""quote""
Zażółć gęślą jaźń";"745.6380"
"605";"10/05/2026 00:00:00";"semi; ""quote""
Zażółć gęślą jaźń";"746.8725"
"606";"10/05/2026 00:00:00";"semi; ""quote""
Zażółć gęślą jaźń";"748.1070"
"607";"10/05/2026 00:00:00";"semi; ""quote""
Zażółć gęślą jaźń";"749.3415"
"608";"10/05/2026 00:00:00";"semi; ""quote""
Zażółć gęślą jaźń";"750.5760"
"609";"10/05/2026 00:00:00";"";"751.8105"
"610";"10/05/2026 00:00:00";"semi; ""quote""
Zażółć gęślą jaźń";"753.0450"
"611";"10/05/2026 00:00:00";"semi; ""quote""
Zażółć gęślą jaźń";"754.2795"
"612";"10/05/2026 00:00:00";"semi; ""quote""
Zażółć gęślą jaźń";"755.5140"
"613";"10/05/2026 00:00:00";"semi; ""quote""
Zażółć gęślą jaźń";"756.7485"
"614";"10/05/2026 00:00:00";"semi; ""quote""
Zażółć gęślą jaźń";"757.9830"
"615";"10/05/2026 00:00:00";"semi; ""quote""
Zażółć gęślą jaźń";"759.2175"
"616";"10/05/2026 00:00:00";"";"760.4520"
"617";"10/05/2026 00:00:00";"semi; ""quote""
Zażółć gęślą jaźń";"761.6865"
"618";"10/05/2026 00:00:00";"semi; ""quote""
Zażółć gęślą jaźń";"762.9210"
"619";"10/05/2026 00:00:00";"semi; ""quote""
Zażółć gęślą jaźń";"764.1555"
"620";"10/05/2026 00:00:00";"semi; ""quote""
Zażółć gęślą jaźń";"765.3900"
"621";"10/05/2026 00:00:00";"semi; ""quote""
Zażółć gęślą jaźń";"766.6245"
"622";"10/05/2026 00:00:00";"semi; ""quote""
Zażółć gęślą jaźń";"767.8590"
"623";"10/05/2026 00:00:00";"";"769.0935"
"624";"10/05/2026 00:00:00";"semi; ""quote""
Zażółć gęślą jaźń";"770.3280"
"625";"10/05/2026 00:00:00";"semi; ""quote""
Zażółć gęślą jaźń";"771.5625"
"626";"10/05/2026 00:00:00";"semi; ""quote""
Zażółć gęślą jaźń";"772.7970"
"627";"10/05/2026 00:00:00";"semi; ""quote""
Zażółć gęślą jaźń";"774.0315"
"628";"10/05/2026 00:00:00";"semi; ""quote""
Zażółć gęślą jaźń";"775.2660"
"629";"10/05/2026 00:00:00";"semi; ""quote""
Zażółć gęślą jaźń";"776.5005"
"630";"10/05/2026 00:00:00";"";"777.7350"
"631";"10/05/2026 00:00:00";"semi; ""quote""
Zażółć gęślą jaźń";"778.9695"
"632";"10/05/2026 00:00:00";"semi; ""quote""
Zażółć gęślą jaźń";"780.2040"
"633";"10/05/2026 00:00:00";"semi; ""quote""
Zażółć gęślą jaźń";"781.4385"
"634";"10/05/2026 00:00:00";"semi; ""quote""
Zażółć gęślą jaźń";"782.6730"
"635";"10/05/2026 00:00:00";"semi; ""quote""
Zażółć gęślą jaźń";"783.9075"
"636";"10/05/2026 00:00:00";"semi; ""quote""
Zażółć gęślą jaźń";"785.1420"
"637";"10/05/2026 00:00:00";"";"786.3765"
"638";"10/05/2026 00:00:00";"semi; ""quote""
Zażółć gęślą jaźń";"787.6110"
"639";"10/05/2026 00:00:00";"semi; ""quote""
Zażółć gęślą jaźń";"788.8455"
"640";"10/05/2026 00:00:00";"semi; ""quote""
Zażółć gęślą jaźń";"790.0800"
"641";"10/05/2026 00:00:00";"semi; ""quote""
Zażółć gęślą jaźń";"791.3145"
"642";"10/05/2026 00:00:00";"semi; ""quote""
Zażółć gęślą jaźń";"792.5490"
"643";"10/05/2026 00:00:00";"semi; ""quote""
Zażółć gęślą jaźń";"793.7835"
"644";"10/05/2026 00:00:00";"";"795.0180"
"645";"10/05/2026 00:00:00";"semi; ""quote""
Zażółć gęślą jaźń";"796.2525"
"646";"10/05/2026 00:00:00";"semi; ""quote""
Zażółć gęślą jaźń";"797.4870"
"647";"10/05/2026 00:00:00";"semi; ""quote""
Zażółć gęślą jaźń";"798.7215"
"648";"10/05/2026 00:00:00";"semi; ""quote""
Zażółć gęślą jaźń";"799.9560"
"649";"10/05/2026 00:00:00";"semi; ""quote""
Zażółć gęślą jaźń";"801.1905"
"650";"10/05/2026 00:00:00";"semi; ""quote""
Zażółć gęślą jaźń";"802.4250"
"651";"10/05/2026 00:00:00";"";"803.6595"
"652";"10/05/2026 00:00:00";"semi; ""quote""
Zażółć gęślą jaźń";"804.8940"
"653";"10/05/2026 00:00:00";"semi; ""quote""
Zażółć gęślą jaźń";"806.1285"
"654";"10/05/2026 00:00:00";"semi; ""quote""
Zażółć gęślą jaźń";"807.3630"
"655";"10/05/2026 00:00:00";"semi; ""quote""
Zażółć gęślą jaźń";"808.5975"
"656";"10/05/2026 00:00:00";"semi; ""quote""
Zażółć gęślą jaźń";"809.8320"
"657";"10/05/2026 00:00:00";"semi; ""quote""
Zażółć gęślą jaźń";"811.0665"
"658";"10/05/2026 00:00:00";"";"812.3010"
"659";"10/05/2026 00:00:00";"semi; ""quote""
Zażółć gęślą jaźń";"813.5355"
"660";"10/05/2026 00:00:00";"semi; ""quote""
Zażółć gęślą jaźń";"814.7700"
"661";"10/05/2026 00:00:00";"semi; ""quote""
Zażółć gęślą jaźń";"816.0045"
"662";"10/05/2026 00:00:00";"semi; ""quote""
Zażółć gęślą jaźń";"817.2390"
"663";"10/05/2026 00:00:00";"semi; ""quote""
Zażółć gęślą jaźń";"818.4735"
"664";"10/05/2026 00:00:00";"semi; ""quote""
Zażółć gęślą jaźń";"819.7080"
"665";"10/05/2026 00:00:00";"";"820.9425"
"666";"10/05/2026 00:00:00";"semi; ""quote""
Zażółć gęślą jaźń";"822.1770"
"667";"10/05/2026 00:00:00";"semi; ""quote""
Zażółć gęślą jaźń";"823.4115"
"668";"10/05/2026 00:00:00";"semi; ""quote""
Zażółć gęślą jaźń";"824.6460"
"669";"10/05/2026 00:00:00";"semi; ""quote""
Zażółć gęślą jaźń";"825.8805"
"670";"10/05/2026 00:00:00";"semi; ""quote""
Zażółć gęślą jaźń";"827.1150"
"671";"10/05/2026 00:00:00";"semi; ""quote""
Zażółć gęślą jaźń";"828.3495"
"672";"10/05/2026 00:00:00";"";"829.5840"
"673";"10/05/2026 00:00:00";"semi; ""quote""
Zażółć gęślą jaźń";"830.8185"
"674";"10/05/2026 00:00:00";"semi; ""quote""
Zażółć gęślą jaźń";"832.0530"
"675";"10/05/2026 00:00:00";"semi; ""quote""
Zażółć gęślą jaźń";"833.2875"
"676";"10/05/2026 00:00:00";"semi; ""quote""
Zażółć gęślą jaźń";"834.5220"
"677";"10/05/2026 00:00:00";"semi; ""quote""
Zażółć gęślą jaźń";"835.7565"
"678";"10/05/2026 00:00:00";"semi; ""quote""
Zażółć gęślą jaźń";"836.9910"
"679";"10/05/2026 00:00:00";"";"838.2255"
"680";"10/05/2026 00:00:00";"semi; ""quote""
Zażółć gęślą jaźń";"839.4600"
"681";"10/05/2026 00:00:00";"semi; ""quote""
Zażółć gęślą jaźń";"840.6945"
"682";"10/05/2026 00:00:00";"semi; ""quote""
Zażółć gęślą jaźń";"841.9290"
"683";"10/05/2026 00:00:00";"semi; ""quote""
Zażółć gęślą jaźń";"843.1635"
"684";"10/05/2026 00:00:00";"semi; ""quote""
Zażółć gęślą jaźń";"844.3980"
"685";"10/05/2026 00:00:00";"semi; ""quote""
Zażółć gęślą jaźń";"845.6325"
"686";"10/05/2026 00:00:00";"";"846.8670"
"687";"10/05/2026 00:00:00";"semi; ""quote""
Zażółć gęślą jaźń";"848.1015"
"688";"10/05/2026 00:00:00";"semi; ""quote""
Zażółć gęślą jaźń";"849.3360"
"689";"10/05/2026 00:00:00";"semi; ""quote""
Zażółć gęślą jaźń";"850.5705"
"690";"10/05/2026 00:00:00";"semi; ""quote""
Zażółć gęślą jaźń";"851.8050"
"691";"10/05/2026 00:00:00";"semi; ""quote""
Zażółć gęślą jaźń";"853.0395"
"692";"10/05/2026 00:00:00";"semi; ""quote""
Zażółć gęślą jaźń";"854.2740"
"693";"10/05/2026 00:00:00";"";"855.5085"
"694";"10/05/2026 00:00:00";"semi; ""quote""
Zażółć gęślą jaźń";"856.7430"
"695";"10/05/2026 00:00:00";"semi; ""quote""
Zażółć gęślą jaźń";"857.9775"
"696";"10/05/2026 00:00:00";"semi; ""quote""
Zażółć gęślą jaźń";"859.2120"
"697";"10/05/2026 00:00:00";"semi; ""quote""
Zażółć gęślą jaźń";"860.4465"
"698";"10/05/2026 00:00:00";"semi; ""quote""
Zażółć gęślą jaźń";"861.6810"
"699";"10/05/2026 00:00:00";"semi; ""quote""
Zażółć gęślą jaźń";"862.9155"
"700";"10/05/2026 00:00:00";"";"864.1500"
"701";"10/05/2026 00:00:00";"semi; ""quote""
Zażółć gęślą jaźń";"865.3845"
"702";"10/05/2026 00:00:00";"semi; ""quote""
Zażółć gęślą jaźń";"866.6190"
"703";"10/05/2026 00:00:00";"semi; ""quote""
Zażółć gęślą jaźń";"867.8535"
"704";"10/05/2026 00:00:00";"semi; ""quote""
Zażółć gęślą jaźń";"869.0880"
"705";"10/05/2026 00:00:00";"semi; ""quote""
Zażółć gęślą jaźń";"870.3225"
"706";"10/05/2026 00:00:00";"semi; ""quote""
Zażółć gęślą jaźń";"871.5570"
"707";"10/05/2026 00:00:00";"";"872.7915"
"708";"10/05/2026 00:00:00";"semi; ""quote""
Zażółć gęślą jaźń";"874.0260"
"709";"10/05/2026 00:00:00";"semi; ""quote""
Zażółć gęślą jaźń";"875.2605"
"710";"10/05/2026 00:00:00";"semi; ""quote""
Zażółć gęślą jaźń";"876.4950"
"711";"10/05/2026 00:00:00";"semi; ""quote""
Zażółć gęślą jaźń";"877.7295"
"712";"10/05/2026 00:00:00";"semi; ""quote""
Zażółć gęślą jaźń";"878.9640"
"713";"10/05/2026 00:00:00";"semi; ""quote""
Zażółć gęślą jaźń";"880.1985"
"714";"10/05/2026 00:00:00";"";"881.4330"
"715";"10/05/2026 00:00:00";"semi; ""quote""
Zażółć gęślą jaźń";"882.6675"
"716";"10/05/2026 00:00:00";"semi; ""quote""
Zażółć gęślą jaźń";"883.9020"
"717";"10/05/2026 00:00:00";"semi; ""quote""
Zażółć gęślą jaźń";"885.1365"
"718";"10/05/2026 00:00:00";"semi; ""quote""
Zażółć gęślą jaźń";"886.3710"
"719";"10/05/2026 00:00:00";"semi; ""quote""
Zażółć gęślą jaźń";"887.6055"
"720";"10/05/2026 00:00:00";"semi; ""quote""
Zażółć gęślą jaźń";"888.8400"
"721";"10/05/2026 00:00:00";"";"890.0745"
"722";"10/05/2026 00:00:00";"semi; ""quote""
Zażółć gęślą jaźń";"891.3090"
"723";"10/05/2026 00:00:00";"semi; ""quote""
Zażółć gęślą jaźń";"892.5435"
"724";"10/05/2026 00:00:00";"semi; ""quote""
Zażółć gęślą jaźń";"893.7780"
"725";"10/05/2026 00:00:00";"semi; ""quote""
Zażółć gęślą jaźń";"895.0125"
"726";"10/05/2026 00:00:00";"semi; ""quote""
Zażółć gęślą jaźń";"896.2470"
"727";"10/05/2026 00:00:00";"semi; ""quote""
Zażółć gęślą jaźń";"897.4815"
"728";"10/05/2026 00:00:00";"";"898.7160"
"729";"10/05/2026 00:00:00";"semi; ""quote""
Zażółć gęślą jaźń";"899.9505"
"730";"10/05/2026 00:00:00";"semi; ""quote""
Zażółć gęślą jaźń";"901.1850"
"731";"10/05/2026 00:00:00";"semi; ""quote""
Zażółć gęślą jaźń";"902.4195"
"732";"10/05/2026 00:00:00";"semi; ""quote""
Zażółć gęślą jaźń";"903.6540"
"733";"10/05/2026 00:00:00";"semi; ""quote""
Zażółć gęślą jaźń";"904.8885"
"734";"10/05/2026 00:00:00";"semi; ""quote""
Zażółć gęślą jaźń";"906.1230"
"735";"10/05/2026 00:00:00";"";"907.3575"
"736";"10/05/2026 00:00:00";"semi; ""quote""
Zażółć gęślą jaźń";"908.5920"
"737";"10/05/2026 00:00:00";"semi; ""quote""
Zażółć gęślą jaźń";"909.8265"
"738";"10/05/2026 00:00:00";"semi; ""quote""
Zażółć gęślą jaźń";"911.0610"
"739";"10/05/2026 00:00:00";"semi; ""quote""
Zażółć gęślą jaźń";"912.2955"
"740";"10/05/2026 00:00:00";"semi; ""quote""
Zażółć gęślą jaźń";"913.5300"
"741";"10/05/2026 00:00:00";"semi; ""quote""
Zażółć gęślą jaźń";"914.7645"
"742";"10/05/2026 00:00:00";"";"915.9990"
"743";"10/05/2026 00:00:00";"semi; ""quote""
Zażółć gęślą jaźń";"917.2335"
"744";"10/05/2026 00:00:00";"semi; ""quote""
Zażółć gęślą jaźń";"918.4680"
"745";"10/05/2026 00:00:00";"semi; ""quote""
Zażółć gęślą jaźń";"919.7025"
"746";"10/05/2026 00:00:00";"semi; ""quote""
Zażółć gęślą jaźń";"920.9370"
"747";"10/05/2026 00:00:00";"semi; ""quote""
Zażółć gęślą jaźń";"922.1715"
"748";"10/05/2026 00:00:00";"semi; ""quote""
Zażółć gęślą jaźń";"923.4060"
"749";"10/05/2026 00:00:00";"";"924.6405"
"750";"10/05/2026 00:00:00";"semi; ""quote""
Zażółć gęślą jaźń";"925.8750"
"751";"10/05/2026 00:00:00";"semi; ""quote""
Zażółć gęślą jaźń";"927.1095"
"752";"10/05/2026 00:00:00";"semi; ""quote""
Zażółć gęślą jaźń";"928.3440"
"753";"10/05/2026 00:00:00";"semi; ""quote""
Zażółć gęślą jaźń";"929.5785"
"754";"10/05/2026 00:00:00";"semi; ""quote""
Zażółć gęślą jaźń";"930.8130"
"755";"10/05/2026 00:00:00";"semi; ""quote""
Zażółć gęślą jaźń";"932.0475"
"756";"10/05/2026 00:00:00";"";"933.2820"
"757";"10/05/2026 00:00:00";"semi; ""quote""
Zażółć gęślą jaźń";"934.5165"
"758";"10/05/2026 00:00:00";"semi; ""quote""
Zażółć gęślą jaźń";"935.7510"
"759";"10/05/2026 00:00:00";"semi; ""quote""
Zażółć gęślą jaźń";"936.9855"
"760";"10/05/2026 00:00:00";"semi; ""quote""
Zażółć gęślą jaźń";"938.2200"
"761";"10/05/2026 00:00:00";"semi; ""quote""
Zażółć gęślą jaźń";"939.4545"
"762";"10/05/2026 00:00:00";"semi; ""quote""
Zażółć gęślą jaźń";"940.6890"
"763";"10/05/2026 00:00:00";"";"941.9235"
"764";"10/05/2026 00:00:00";"semi; ""quote""
Zażółć gęślą jaźń";"943.1580"
"765";"10/05/2026 00:00:00";"semi; ""quote""
Zażółć gęślą jaźń";"944.3925"
"766";"10/05/2026 00:00:00";"semi; ""quote""
Zażółć gęślą jaźń";"945.6270"
"767";"10/05/2026 00:00:00";"semi; ""quote""
Zażółć gęślą jaźń";"946.8615"
"768";"10/05/2026 00:00:00";"semi; ""quote""
Zażółć gęślą jaźń";"948.0960"
"769";"10/05/2026 00:00:00";"semi; ""quote""
Zażółć gęślą jaźń";"949.3305"
"770";"10/05/2026 00:00:00";"";"950.5650"
"771";"10/05/2026 00:00:00";"semi; ""quote""
Zażółć gęślą jaźń";"951.7995"
"772";"10/05/2026 00:00:00";"semi; ""quote""
Zażółć gęślą jaźń";"953.0340"
"773";"10/05/2026 00:00:00";"semi; ""quote""
Zażółć gęślą jaźń";"954.2685"
"774";"10/05/2026 00:00:00";"semi; ""quote""
Zażółć gęślą jaźń";"955.5030"
"775";"10/05/2026 00:00:00";"semi; ""quote""
Zażółć gęślą jaźń";"956.7375"
"776";"10/05/2026 00:00:00";"semi; ""quote""
Zażółć gęślą jaźń";"957.9720"
"777";"10/05/2026 00:00:00";"";"959.2065"
"778";"10/05/2026 00:00:00";"semi; ""quote""
Zażółć gęślą jaźń";"960.4410"
"779";"10/05/2026 00:00:00";"semi; ""quote""
Zażółć gęślą jaźń";"961.6755"
"780";"10/05/2026 00:00:00";"semi; ""quote""
Zażółć gęślą jaźń";"962.9100"
"781";"10/05/2026 00:00:00";"semi; ""quote""
Zażółć gęślą jaźń";"964.1445"
"782";"10/05/2026 00:00:00";"semi; ""quote""
Zażółć gęślą jaźń";"965.3790"
"783";"10/05/2026 00:00:00";"semi; ""quote""
Zażółć gęślą jaźń";"966.6135"
"784";"10/05/2026 00:00:00";"";"967.8480"
"785";"10/05/2026 00:00:00";"semi; ""quote""
Zażółć gęślą jaźń";"969.0825"
"786";"10/05/2026 00:00:00";"semi; ""quote""
Zażółć gęślą jaźń";"970.3170"
"787";"10/05/2026 00:00:00";"semi; ""quote""
Zażółć gęślą jaźń";"971.5515"
"788";"10/05/2026 00:00:00";"semi; ""quote""
Zażółć gęślą jaźń";"972.7860"
"789";"10/05/2026 00:00:00";"semi; ""quote""
Zażółć gęślą jaźń";"974.0205"
"790";"10/05/2026 00:00:00";"semi; ""quote""
Zażółć gęślą jaźń";"975.2550"
"791";"10/05/2026 00:00:00";"";"976.4895"
"792";"10/05/2026 00:00:00";"semi; ""quote""
Zażółć gęślą jaźń";"977.7240"
"793";"10/05/2026 00:00:00";"semi; ""quote""
Zażółć gęślą jaźń";"978.9585"
"794";"10/05/2026 00:00:00";"semi; ""quote""
Zażółć gęślą jaźń";"980.1930"
"795";"10/05/2026 00:00:00";"semi; ""quote""
Zażółć gęślą jaźń";"981.4275"
"796";"10/05/2026 00:00:00";"semi; ""quote""
Zażółć gęślą jaźń";"982.6620"
"797";"10/05/2026 00:00:00";"semi; ""quote""
Zażółć gęślą jaźń";"983.8965"
"798";"10/05/2026 00:00:00";"";"985.1310"
"799";"10/05/2026 00:00:00";"semi; ""quote""
Zażółć gęślą jaźń";"986.3655"
"800";"10/05/2026 00:00:00";"semi; ""quote""
Zażółć gęślą jaźń";"987.6000"
"801";"10/05/2026 00:00:00";"semi; ""quote""
Zażółć gęślą jaźń";"988.8345"
"802";"10/05/2026 00:00:00";"semi; ""quote""
Zażółć gęślą jaźń";"990.0690"
"803";"10/05/2026 00:00:00";"semi; ""quote""
Zażółć gęślą jaźń";"991.3035"
"804";"10/05/2026 00:00:00";"semi; ""quote""
Zażółć gęślą jaźń";"992.5380"
"805";"10/05/2026 00:00:00";"";"993.7725"
"806";"10/05/2026 00:00:00";"semi; ""quote""
Zażółć gęślą jaźń";"995.0070"
"807";"10/05/2026 00:00:00";"semi; ""quote""
Zażółć gęślą jaźń";"996.2415"
"808";"10/05/2026 00:00:00";"semi; ""quote""
Zażółć gęślą jaźń";"997.4760"
"809";"10/05/2026 00:00:00";"semi; ""quote""
Zażółć gęślą jaźń";"998.7105"
"810";"10/05/2026 00:00:00";"semi; ""quote""
Zażółć gęślą jaźń";"999.9450"
"811";"10/05/2026 00:00:00";"semi; ""quote""
Zażółć gęślą jaźń";"1001.1795"
"812";"10/05/2026 00:00:00";"";"1002.4140"
"813";"10/05/2026 00:00:00";"semi; ""quote""
Zażółć gęślą jaźń";"1003.6485"
"814";"10/05/2026 00:00:00";"semi; ""quote""
Zażółć gęślą jaźń";"1004.8830"
"815";"10/05/2026 00:00:00";"semi; ""quote""
Zażółć gęślą jaźń";"1006.1175"
"816";"10/05/2026 00:00:00";"semi; ""quote""
Zażółć gęślą jaźń";"1007.3520"
"817";"10/05/2026 00:00:00";"semi; ""quote""
Zażółć gęślą jaźń";"1008.5865"
"818";"10/05/2026 00:00:00";"semi; ""quote""
Zażółć gęślą jaźń";"1009.8210"
"819";"10/05/2026 00:00:00";"";"1011.0555"
"820";"10/05/2026 00:00:00";"semi; ""quote""
Zażółć gęślą jaźń";"1012.2900"
"821";"10/05/2026 00:00:00";"semi; ""quote""
Zażółć gęślą jaźń";"1013.5245"
"822";"10/05/2026 00:00:00";"semi; ""quote""
Zażółć gęślą jaźń";"1014.7590"
"823";"10/05/2026 00:00:00";"semi; ""quote""
Zażółć gęślą jaźń";"1015.9935"
"824";"10/05/2026 00:00:00";"semi; ""quote""
Zażółć gęślą jaźń";"1017.2280"
"825";"10/05/2026 00:00:00";"semi; ""quote""
Zażółć gęślą jaźń";"1018.4625"
"826";"10/05/2026 00:00:00";"";"1019.6970"
"827";"10/05/2026 00:00:00";"semi; ""quote""
Zażółć gęślą jaźń";"1020.9315"
"828";"10/05/2026 00:00:00";"semi; ""quote""
Zażółć gęślą jaźń";"1022.1660"
"829";"10/05/2026 00:00:00";"semi; ""quote""
Zażółć gęślą jaźń";"1023.4005"
"830";"10/05/2026 00:00:00";"semi; ""quote""
Zażółć gęślą jaźń";"1024.6350"
"831";"10/05/2026 00:00:00";"semi; ""quote""
Zażółć gęślą jaźń";"1025.8695"
"832";"10/05/2026 00:00:00";"semi; ""quote""
Zażółć gęślą jaźń";"1027.1040"
"833";"10/05/2026 00:00:00";"";"1028.3385"
"834";"10/05/2026 00:00:00";"semi; ""quote""
Zażółć gęślą jaźń";"1029.5730"
"835";"10/05/2026 00:00:00";"semi; ""quote""
Zażółć gęślą jaźń";"1030.8075"
"836";"10/05/2026 00:00:00";"semi; ""quote""
Zażółć gęślą jaźń";"1032.0420"
"837";"10/05/2026 00:00:00";"semi; ""quote""
Zażółć gęślą jaźń";"1033.2765"
"838";"10/05/2026 00:00:00";"semi; ""quote""
Zażółć gęślą jaźń";"1034.5110"
"839";"10/05/2026 00:00:00";"semi; ""quote""
Zażółć gęślą jaźń";"1035.7455"
"840";"10/05/2026 00:00:00";"";"1036.9800"
"841";"10/05/2026 00:00:00";"semi; ""quote""
Zażółć gęślą jaźń";"1038.2145"
"842";"10/05/2026 00:00:00";"semi; ""quote""
Zażółć gęślą jaźń";"1039.4490"
"843";"10/05/2026 00:00:00";"semi; ""quote""
Zażółć gęślą jaźń";"1040.6835"
"844";"10/05/2026 00:00:00";"semi; ""quote""
Zażółć gęślą jaźń";"1041.9180"
"845";"10/05/2026 00:00:00";"semi; ""quote""
Zażółć gęślą jaźń";"1043.1525"
"846";"10/05/2026 00:00:00";"semi; ""quote""
Zażółć gęślą jaźń";"1044.3870"
"847";"10/05/2026 00:00:00";"";"1045.6215"
"848";"10/05/2026 00:00:00";"semi; ""quote""
Zażółć gęślą jaźń";"1046.8560"
"849";"10/05/2026 00:00:00";"semi; ""quote""
Zażółć gęślą jaźń";"1048.0905"
"850";"10/05/2026 00:00:00";"semi; ""quote""
Zażółć gęślą jaźń";"1049.3250"
"851";"10/05/2026 00:00:00";"semi; ""quote""
Zażółć gęślą jaźń";"1050.5595"
"852";"10/05/2026 00:00:00";"semi; ""quote""
Zażółć gęślą jaźń";"1051.7940"
"853";"10/05/2026 00:00:00";"semi; ""quote""
Zażółć gęślą jaźń";"1053.0285"
"854";"10/05/2026 00:00:00";"";"1054.2630"
"855";"10/05/2026 00:00:00";"semi; ""quote""
Zażółć gęślą jaźń";"1055.4975"
"856";"10/05/2026 00:00:00";"semi; ""quote""
Zażółć gęślą jaźń";"1056.7320"
"857";"10/05/2026 00:00:00";"semi; ""quote""
Zażółć gęślą jaźń";"1057.9665"
"858";"10/05/2026 00:00:00";"semi; ""quote""
Zażółć gęślą jaźń";"1059.2010"
"859";"10/05/2026 00:00:00";"semi; ""quote""
Zażółć gęślą jaźń";"1060.4355"
"860";"10/05/2026 00:00:00";"semi; ""quote""
Zażółć gęślą jaźń";"1061.6700"
"861";"10/05/2026 00:00:00";"";"1062.9045"
"862";"10/05/2026 00:00:00";"semi; ""quote""
Zażółć gęślą jaźń";"1064.1390"
"863";"10/05/2026 00:00:00";"semi; ""quote""
Zażółć gęślą jaźń";"1065.3735"
"864";"10/05/2026 00:00:00";"semi; ""quote""
Zażółć gęślą jaźń";"1066.6080"
"865";"10/05/2026 00:00:00";"semi; ""quote""
Zażółć gęślą jaźń";"1067.8425"
"866";"10/05/2026 00:00:00";"semi; ""quote""
Zażółć gęślą jaźń";"1069.0770"
"867";"10/05/2026 00:00:00";"semi; ""quote""
Zażółć gęślą jaźń";"1070.3115"
"868";"10/05/2026 00:00:00";"";"1071.5460"
"869";"10/05/2026 00:00:00";"semi; ""quote""
Zażółć gęślą jaźń";"1072.7805"
"870";"10/05/2026 00:00:00";"semi; ""quote""
Zażółć gęślą jaźń";"1074.0150"
"871";"10/05/2026 00:00:00";"semi; ""quote""
Zażółć gęślą jaźń";"1075.2495"
"872";"10/05/2026 00:00:00";"semi; ""quote""
Zażółć gęślą jaźń";"1076.4840"
"873";"10/05/2026 00:00:00";"semi; ""quote""
Zażółć gęślą jaźń";"1077.7185"
"874";"10/05/2026 00:00:00";"semi; ""quote""
Zażółć gęślą jaźń";"1078.9530"
"875";"10/05/2026 00:00:00";"";"1080.1875"
"876";"10/05/2026 00:00:00";"semi; ""quote""
Zażółć gęślą jaźń";"1081.4220"
"877";"10/05/2026 00:00:00";"semi; ""quote""
Zażółć gęślą jaźń";"1082.6565"
"878";"10/05/2026 00:00:00";"semi; ""quote""
Zażółć gęślą jaźń";"1083.8910"
"879";"10/05/2026 00:00:00";"semi; ""quote""
Zażółć gęślą jaźń";"1085.1255"
"880";"10/05/2026 00:00:00";"semi; ""quote""
Zażółć gęślą jaźń";"1086.3600"
"881";"10/05/2026 00:00:00";"semi; ""quote""
Zażółć gęślą jaźń";"1087.5945"
"882";"10/05/2026 00:00:00";"";"1088.8290"
"883";"10/05/2026 00:00:00";"semi; ""quote""
Zażółć gęślą jaźń";"1090.0635"
"884";"10/05/2026 00:00:00";"semi; ""quote""
Zażółć gęślą jaźń";"1091.2980"
"885";"10/05/2026 00:00:00";"semi; ""quote""
Zażółć gęślą jaźń";"1092.5325"
"886";"10/05/2026 00:00:00";"semi; ""quote""
Zażółć gęślą jaźń";"1093.7670"
"887";"10/05/2026 00:00:00";"semi; ""quote""
Zażółć gęślą jaźń";"1095.0015"
"888";"10/05/2026 00:00:00";"semi; ""quote""
Zażółć gęślą jaźń";"1096.2360"
"889";"10/05/2026 00:00:00";"";"1097.4705"
"890";"10/05/2026 00:00:00";"semi; ""quote""
Zażółć gęślą jaźń";"1098.7050"
"891";"10/05/2026 00:00:00";"semi; ""quote""
Zażółć gęślą jaźń";"1099.9395"
"892";"10/05/2026 00:00:00";"semi; ""quote""
Zażółć gęślą jaźń";"1101.1740"
"893";"10/05/2026 00:00:00";"semi; ""quote""
Zażółć gęślą jaźń";"1102.4085"
"894";"10/05/2026 00:00:00";"semi; ""quote""
Zażółć gęślą jaźń";"1103.6430"
"895";"10/05/2026 00:00:00";"semi; ""quote""
Zażółć gęślą jaźń";"1104.8775"
"896";"10/05/2026 00:00:00";"";"1106.1120"
"897";"10/05/2026 00:00:00";"semi; ""quote""
Zażółć gęślą jaźń";"1107.3465"
"898";"10/05/2026 00:00:00";"semi; ""quote""
Zażółć gęślą jaźń";"1108.5810"
"899";"10/05/2026 00:00:00";"semi; ""quote""
Zażółć gęślą jaźń";"1109.8155"
"900";"10/05/2026 00:00:00";"semi; ""quote""
Zażółć gęślą jaźń";"1111.0500"
"901";"10/05/2026 00:00:00";"semi; ""quote""
Zażółć gęślą jaźń";"1112.2845"
"902";"10/05/2026 00:00:00";"semi; ""quote""
Zażółć gęślą jaźń";"1113.5190"
"903";"10/05/2026 00:00:00";"";"1114.7535"
"904";"10/05/2026 00:00:00";"semi; ""quote""
Zażółć gęślą jaźń";"1115.9880"
"905";"10/05/2026 00:00:00";"semi; ""quote""
Zażółć gęślą jaźń";"1117.2225"
"906";"10/05/2026 00:00:00";"semi; ""quote""
Zażółć gęślą jaźń";"1118.4570"
"907";"10/05/2026 00:00:00";"semi; ""quote""
Zażółć gęślą jaźń";"1119.6915"
"908";"10/05/2026 00:00:00";"semi; ""quote""
Zażółć gęślą jaźń";"1120.9260"
"909";"10/05/2026 00:00:00";"semi; ""quote""
Zażółć gęślą jaźń";"1122.1605"
"910";"10/05/2026 00:00:00";"";"1123.3950"
"911";"10/05/2026 00:00:00";"semi; ""quote""
Zażółć gęślą jaźń";"1124.6295"
"912";"10/05/2026 00:00:00";"semi; ""quote""
Zażółć gęślą jaźń";"1125.8640"
"913";"10/05/2026 00:00:00";"semi; ""quote""
Zażółć gęślą jaźń";"1127.0985"
"914";"10/05/2026 00:00:00";"semi; ""quote""
Zażółć gęślą jaźń";"1128.3330"
"915";"10/05/2026 00:00:00";"semi; ""quote""
Zażółć gęślą jaźń";"1129.5675"
"916";"10/05/2026 00:00:00";"semi; ""quote""
Zażółć gęślą jaźń";"1130.8020"
"917";"10/05/2026 00:00:00";"";"1132.0365"
"918";"10/05/2026 00:00:00";"semi; ""quote""
Zażółć gęślą jaźń";"1133.2710"
"919";"10/05/2026 00:00:00";"semi; ""quote""
Zażółć gęślą jaźń";"1134.5055"
"920";"10/05/2026 00:00:00";"semi; ""quote""
Zażółć gęślą jaźń";"1135.7400"
"921";"10/05/2026 00:00:00";"semi; ""quote""
Zażółć gęślą jaźń";"1136.9745"
"922";"10/05/2026 00:00:00";"semi; ""quote""
Zażółć gęślą jaźń";"1138.2090"
"923";"10/05/2026 00:00:00";"semi; ""quote""
Zażółć gęślą jaźń";"1139.4435"
"924";"10/05/2026 00:00:00";"";"1140.6780"
"925";"10/05/2026 00:00:00";"semi; ""quote""
Zażółć gęślą jaźń";"1141.9125"
"926";"10/05/2026 00:00:00";"semi; ""quote""
Zażółć gęślą jaźń";"1143.1470"
"927";"10/05/2026 00:00:00";"semi; ""quote""
Zażółć gęślą jaźń";"1144.3815"
"928";"10/05/2026 00:00:00";"semi; ""quote""
Zażółć gęślą jaźń";"1145.6160"
"929";"10/05/2026 00:00:00";"semi; ""quote""
Zażółć gęślą jaźń";"1146.8505"
"930";"10/05/2026 00:00:00";"semi; ""quote""
Zażółć gęślą jaźń";"1148.0850"
"931";"10/05/2026 00:00:00";"";"1149.3195"
"932";"10/05/2026 00:00:00";"semi; ""quote""
Zażółć gęślą jaźń";"1150.5540"
"933";"10/05/2026 00:00:00";"semi; ""quote""
Zażółć gęślą jaźń";"1151.7885"
"934";"10/05/2026 00:00:00";"semi; ""quote""
Zażółć gęślą jaźń";"1153.0230"
"935";"10/05/2026 00:00:00";"semi; ""quote""
Zażółć gęślą jaźń";"1154.2575"
"936";"10/05/2026 00:00:00";"semi; ""quote""
Zażółć gęślą jaźń";"1155.4920"
"937";"10/05/2026 00:00:00";"semi; ""quote""
Zażółć gęślą jaźń";"1156.7265"
"938";"10/05/2026 00:00:00";"";"1157.9610"
"939";"10/05/2026 00:00:00";"semi; ""quote""
Zażółć gęślą jaźń";"1159.1955"
"940";"10/05/2026 00:00:00";"semi; ""quote""
Zażółć gęślą jaźń";"1160.4300"
"941";"10/05/2026 00:00:00";"semi; ""quote""
Zażółć gęślą jaźń";"1161.6645"
"942";"10/05/2026 00:00:00";"semi; ""quote""
Zażółć gęślą jaźń";"1162.8990"
"943";"10/05/2026 00:00:00";"semi; ""quote""
Zażółć gęślą jaźń";"1164.1335"
"944";"10/05/2026 00:00:00";"semi; ""quote""
Zażółć gęślą jaźń";"1165.3680"
"945";"10/05/2026 00:00:00";"";"1166.6025"
"946";"10/05/2026 00:00:00";"semi; ""quote""
Zażółć gęślą jaźń";"1167.8370"
"947";"10/05/2026 00:00:00";"semi; ""quote""
Zażółć gęślą jaźń";"1169.0715"
"948";"10/05/2026 00:00:00";"semi; ""quote""
Zażółć gęślą jaźń";"1170.3060"
"949";"10/05/2026 00:00:00";"semi; ""quote""
Zażółć gęślą jaźń";"1171.5405"
"950";"10/05/2026 00:00:00";"semi; ""quote""
Zażółć gęślą jaźń";"1172.7750"
"951";"10/05/2026 00:00:00";"semi; ""quote""
Zażółć gęślą jaźń";"1174.0095"
"952";"10/05/2026 00:00:00";"";"1175.2440"
"953";"10/05/2026 00:00:00";"semi; ""quote""
Zażółć gęślą jaźń";"1176.4785"
"954";"10/05/2026 00:00:00";"semi; ""quote""
Zażółć gęślą jaźń";"1177.7130"
"955";"10/05/2026 00:00:00";"semi; ""quote""
Zażółć gęślą jaźń";"1178.9475"
"956";"10/05/2026 00:00:00";"semi; ""quote""
Zażółć gęślą jaźń";"1180.1820"
"957";"10/05/2026 00:00:00";"semi; ""quote""
Zażółć gęślą jaźń";"1181.4165"
"958";"10/05/2026 00:00:00";"semi; ""quote""
Zażółć gęślą jaźń";"1182.6510"
"959";"10/05/2026 00:00:00";"";"1183.8855"
"960";"10/05/2026 00:00:00";"semi; ""quote""
Zażółć gęślą jaźń";"1185.1200"
"961";"10/05/2026 00:00:00";"semi; ""quote""
Zażółć gęślą jaźń";"1186.3545"
"962";"10/05/2026 00:00:00";"semi; ""quote""
Zażółć gęślą jaźń";"1187.5890"
"963";"10/05/2026 00:00:00";"semi; ""quote""
Zażółć gęślą jaźń";"1188.8235"
"964";"10/05/2026 00:00:00";"semi; ""quote""
Zażółć gęślą jaźń";"1190.0580"
"965";"10/05/2026 00:00:00";"semi; ""quote""
Zażółć gęślą jaźń";"1191.2925"
"966";"10/05/2026 00:00:00";"";"1192.5270"
"967";"10/05/2026 00:00:00";"semi; ""quote""
Zażółć gęślą jaźń";"1193.7615"
"968";"10/05/2026 00:00:00";"semi; ""quote""
Zażółć gęślą jaźń";"1194.9960"
"969";"10/05/2026 00:00:00";"semi; ""quote""
Zażółć gęślą jaźń";"1196.2305"
"970";"10/05/2026 00:00:00";"semi; ""quote""
Zażółć gęślą jaźń";"1197.4650"
"971";"10/05/2026 00:00:00";"semi; ""quote""
Zażółć gęślą jaźń";"1198.6995"
"972";"10/05/2026 00:00:00";"semi; ""quote""
Zażółć gęślą jaźń";"1199.9340"
"973";"10/05/2026 00:00:00";"";"1201.1685"
"974";"10/05/2026 00:00:00";"semi; ""quote""
Zażółć gęślą jaźń";"1202.4030"
"975";"10/05/2026 00:00:00";"semi; ""quote""
Zażółć gęślą jaźń";"1203.6375"
"976";"10/05/2026 00:00:00";"semi; ""quote""
Zażółć gęślą jaźń";"1204.8720"
"977";"10/05/2026 00:00:00";"semi; ""quote""
Zażółć gęślą jaźń";"1206.1065"
"978";"10/05/2026 00:00:00";"semi; ""quote""
Zażółć gęślą jaźń";"1207.3410"
"979";"10/05/2026 00:00:00";"semi; ""quote""
Zażółć gęślą jaźń";"1208.5755"
"980";"10/05/2026 00:00:00";"";"1209.8100"
"981";"10/05/2026 00:00:00";"semi; ""quote""
Zażółć gęślą jaźń";"1211.0445"
"982";"10/05/2026 00:00:00";"semi; ""quote""
Zażółć gęślą jaźń";"1212.2790"
"983";"10/05/2026 00:00:00";"semi; ""quote""
Zażółć gęślą jaźń";"1213.5135"
"984";"10/05/2026 00:00:00";"semi; ""quote""
Zażółć gęślą jaźń";"1214.7480"
"985";"10/05/2026 00:00:00";"semi; ""quote""
Zażółć gęślą jaźń";"1215.9825"
"986";"10/05/2026 00:00:00";"semi; ""quote""
Zażółć gęślą jaźń";"1217.2170"
"987";"10/05/2026 00:00:00";"";"1218.4515"
"988";"10/05/2026 00:00:00";"semi; ""quote""
Zażółć gęślą jaźń";"1219.6860"
"989";"10/05/2026 00:00:00";"semi; ""quote""
Zażółć gęślą jaźń";"1220.9205"
"990";"10/05/2026 00:00:00";"semi; ""quote""
Zażółć gęślą jaźń";"1222.1550"
"991";"10/05/2026 00:00:00";"semi; ""quote""
Zażółć gęślą jaźń";"1223.3895"
"992";"10/05/2026 00:00:00";"semi; ""quote""
Zażółć gęślą jaźń";"1224.6240"
"993";"10/05/2026 00:00:00";"semi; ""quote""
Zażółć gęślą jaźń";"1225.8585"
"994";"10/05/2026 00:00:00";"";"1227.0930"
"995";"10/05/2026 00:00:00";"semi; ""quote""
Zażółć gęślą jaźń";"1228.3275"
"996";"10/05/2026 00:00:00";"semi; ""quote""
Zażółć gęślą jaźń";"1229.5620"
"997";"10/05/2026 00:00:00";"semi; ""quote""
Zażółć gęślą jaźń";"1230.7965"
"998";"10/05/2026 00:00:00";"semi; ""quote""
Zażółć gęślą jaźń";"1232.0310"
"999";"10/05/2026 00:00:00";"semi; ""quote""
Zażółć gęślą jaźń";"1233.2655"
"1000";"10/05/2026 00:00:00";"semi; ""quote""
Zażółć gęślą jaźń";"1234.5000"
"1001";"10/05/2026 00:00:00";"";"1235.7345"
"1002";"10/05/2026 00:00:00";"semi; ""quote""
Zażółć gęślą jaźń";"1236.9690"
"1003";"10/05/2026 00:00:00";"semi; ""quote""
Zażółć gęślą jaźń";"1238.2035"
"1004";"10/05/2026 00:00:00";"semi; ""quote""
Zażółć gęślą jaźń";"1239.4380"
"1005";"10/05/2026 00:00:00";"semi; ""quote""
Zażółć gęślą jaźń";"1240.6725"
"1006";"10/05/2026 00:00:00";"semi; ""quote""
Zażółć gęślą jaźń";"1241.9070"
"1007";"10/05/2026 00:00:00";"semi; ""quote""
Zażółć gęślą jaźń";"1243.1415"
"1008";"10/05/2026 00:00:00";"";"1244.3760"
"1009";"10/05/2026 00:00:00";"semi; ""quote""
Zażółć gęślą jaźń";"1245.6105"
"1010";"10/05/2026 00:00:00";"semi; ""quote""
Zażółć gęślą jaźń";"1246.8450"
"1011";"10/05/2026 00:00:00";"semi; ""quote""
Zażółć gęślą jaźń";"1248.0795"
"1012";"10/05/2026 00:00:00";"semi; ""quote""
Zażółć gęślą jaźń";"1249.3140"
"1013";"10/05/2026 00:00:00";"semi; ""quote""
Zażółć gęślą jaźń";"1250.5485"
"1014";"10/05/2026 00:00:00";"semi; ""quote""
Zażółć gęślą jaźń";"1251.7830"
"1015";"10/05/2026 00:00:00";"";"1253.0175"
"1016";"10/05/2026 00:00:00";"semi; ""quote""
Zażółć gęślą jaźń";"1254.2520"
"1017";"10/05/2026 00:00:00";"semi; ""quote""
Zażółć gęślą jaźń";"1255.4865"
"1018";"10/05/2026 00:00:00";"semi; ""quote""
Zażółć gęślą jaźń";"1256.7210"
"1019";"10/05/2026 00:00:00";"semi; ""quote""
Zażółć gęślą jaźń";"1257.9555"
"1020";"10/05/2026 00:00:00";"semi; ""quote""
Zażółć gęślą jaźń";"1259.1900"
"1021";"10/05/2026 00:00:00";"semi; ""quote""
Zażółć gęślą jaźń";"1260.4245"
"1022";"10/05/2026 00:00:00";"";"1261.6590"
"1023";"10/05/2026 00:00:00";"semi; ""quote""
Zażółć gęślą jaźń";"1262.8935"
"1024";"10/05/2026 00:00:00";"semi; ""quote""
Zażółć gęślą jaźń";"1264.1280"
"1025";"10/05/2026 00:00:00";"semi; ""quote""
Zażółć gęślą jaźń";"1265.3625"
"1026";"10/05/2026 00:00:00";"semi; ""quote""
Zażółć gęślą jaźń";"1266.5970"
"1027";"10/05/2026 00:00:00";"semi; ""quote""
Zażółć gęślą jaźń";"1267.8315"
"1028";"10/05/2026 00:00:00";"semi; ""quote""
Zażółć gęślą jaźń";"1269.0660"
"1029";"10/05/2026 00:00:00";"";"1270.3005"
"1030";"10/05/2026 00:00:00";"semi; ""quote""
Zażółć gęślą jaźń";"1271.5350"
"1031";"10/05/2026 00:00:00";"semi; ""quote""
Zażółć gęślą jaźń";"1272.7695"
"1032";"10/05/2026 00:00:00";"semi; ""quote""
Zażółć gęślą jaźń";"1274.0040"
"1033";"10/05/2026 00:00:00";"semi; ""quote""
Zażółć gęślą jaźń";"1275.2385"
"1034";"10/05/2026 00:00:00";"semi; ""quote""
Zażółć gęślą jaźń";"1276.4730"
"1035";"10/05/2026 00:00:00";"semi; ""quote""
Zażółć gęślą jaźń";"1277.7075"
"1036";"10/05/2026 00:00:00";"";"1278.9420"
"1037";"10/05/2026 00:00:00";"semi; ""quote""
Zażółć gęślą jaźń";"1280.1765"
"1038";"10/05/2026 00:00:00";"semi; ""quote""
Zażółć gęślą jaźń";"1281.4110"
"1039";"10/05/2026 00:00:00";"semi; ""quote""
Zażółć gęślą jaźń";"1282.6455"
"1040";"10/05/2026 00:00:00";"semi; ""quote""
Zażółć gęślą jaźń";"1283.8800"
"1041";"10/05/2026 00:00:00";"semi; ""quote""
Zażółć gęślą jaźń";"1285.1145"
"1042";"10/05/2026 00:00:00";"semi; ""quote""
Zażółć gęślą jaźń";"1286.3490"
"1043";"10/05/2026 00:00:00";"";"1287.5835"
"1044";"10/05/2026 00:00:00";"semi; ""quote""
Zażółć gęślą jaźń";"1288.8180"
"1045";"10/05/2026 00:00:00";"semi; ""quote""
Zażółć gęślą jaźń";"1290.0525"
"1046";"10/05/2026 00:00:00";"semi; ""quote""
Zażółć gęślą jaźń";"1291.2870"
"1047";"10/05/2026 00:00:00";"semi; ""quote""
Zażółć gęślą jaźń";"1292.5215"
"1048";"10/05/2026 00:00:00";"semi; ""quote""
Zażółć gęślą jaźń";"1293.7560"
"1049";"10/05/2026 00:00:00";"semi; ""quote""
Zażółć gęślą jaźń";"1294.9905"
"1050";"10/05/2026 00:00:00";"";"1296.2250"
"1051";"10/05/2026 00:00:00";"semi; ""quote""
Zażółć gęślą jaźń";"1297.4595"
"1052";"10/05/2026 00:00:00";"semi; ""quote""
Zażółć gęślą jaźń";"1298.6940"
"1053";"10/05/2026 00:00:00";"semi; ""quote""
Zażółć gęślą jaźń";"1299.9285"
"1054";"10/05/2026 00:00:00";"semi; ""quote""
Zażółć gęślą jaźń";"1301.1630"
"1055";"10/05/2026 00:00:00";"semi; ""quote""
Zażółć gęślą jaźń";"1302.3975"
"1056";"10/05/2026 00:00:00";"semi; ""quote""
Zażółć gęślą jaźń";"1303.6320"
"1057";"10/05/2026 00:00:00";"";"1304.8665"
"1058";"10/05/2026 00:00:00";"semi; ""quote""
Zażółć gęślą jaźń";"1306.1010"
"1059";"10/05/2026 00:00:00";"semi; ""quote""
Zażółć gęślą jaźń";"1307.3355"
"1060";"10/05/2026 00:00:00";"semi; ""quote""
Zażółć gęślą jaźń";"1308.5700"
"1061";"10/05/2026 00:00:00";"semi; ""quote""
Zażółć gęślą jaźń";"1309.8045"
"1062";"10/05/2026 00:00:00";"semi; ""quote""
Zażółć gęślą jaźń";"1311.0390"
"1063";"10/05/2026 00:00:00";"semi; ""quote""
Zażółć gęślą jaźń";"1312.2735"
"1064";"10/05/2026 00:00:00";"";"1313.5080"
"1065";"10/05/2026 00:00:00";"semi; ""quote""
Zażółć gęślą jaźń";"1314.7425"
"1066";"10/05/2026 00:00:00";"semi; ""quote""
Zażółć gęślą jaźń";"1315.9770"
"1067";"10/05/2026 00:00:00";"semi; ""quote""
Zażółć gęślą jaźń";"1317.2115"
"1068";"10/05/2026 00:00:00";"semi; ""quote""
Zażółć gęślą jaźń";"1318.4460"
"1069";"10/05/2026 00:00:00";"semi; ""quote""
Zażółć gęślą jaźń";"1319.6805"
"1070";"10/05/2026 00:00:00";"semi; ""quote""
Zażółć gęślą jaźń";"1320.9150"
"1071";"10/05/2026 00:00:00";"";"1322.1495"
"1072";"10/05/2026 00:00:00";"semi; ""quote""
Zażółć gęślą jaźń";"1323.3840"
"1073";"10/05/2026 00:00:00";"semi; ""quote""
Zażółć gęślą jaźń";"1324.6185"
"1074";"10/05/2026 00:00:00";"semi; ""quote""
Zażółć gęślą jaźń";"1325.8530"
"1075";"10/05/2026 00:00:00";"semi; ""quote""
Zażółć gęślą jaźń";"1327.0875"
"1076";"10/05/2026 00:00:00";"semi; ""quote""
Zażółć gęślą jaźń";"1328.3220"
"1077";"10/05/2026 00:00:00";"semi; ""quote""
Zażółć gęślą jaźń";"1329.5565"
"1078";"10/05/2026 00:00:00";"";"1330.7910"
"1079";"10/05/2026 00:00:00";"semi; ""quote""
Zażółć gęślą jaźń";"1332.0255"
"1080";"10/05/2026 00:00:00";"semi; ""quote""
Zażółć gęślą jaźń";"1333.2600"
"1081";"10/05/2026 00:00:00";"semi; ""quote""
Zażółć gęślą jaźń";"1334.4945"
"1082";"10/05/2026 00:00:00";"semi; ""quote""
Zażółć gęślą jaźń";"1335.7290"
"1083";"10/05/2026 00:00:00";"semi; ""quote""
Zażółć gęślą jaźń";"1336.9635"
"1084";"10/05/2026 00:00:00";"semi; ""quote""
Zażółć gęślą jaźń";"1338.1980"
"1085";"10/05/2026 00:00:00";"";"1339.4325"
"1086";"10/05/2026 00:00:00";"semi; ""quote""
Zażółć gęślą jaźń";"1340.6670"
"1087";"10/05/2026 00:00:00";"semi; ""quote""
Zażółć gęślą jaźń";"1341.9015"
"1088";"10/05/2026 00:00:00";"semi; ""quote""
Zażółć gęślą jaźń";"1343.1360"
"1089";"10/05/2026 00:00:00";"semi; ""quote""
Zażółć gęślą jaźń";"1344.3705"
"1090";"10/05/2026 00:00:00";"semi; ""quote""
Zażółć gęślą jaźń";"1345.6050"
"1091";"10/05/2026 00:00:00";"semi; ""quote""
Zażółć gęślą jaźń";"1346.8395"
"1092";"10/05/2026 00:00:00";"";"1348.0740"
"1093";"10/05/2026 00:00:00";"semi; ""quote""
Zażółć gęślą jaźń";"1349.3085"
"1094";"10/05/2026 00:00:00";"semi; ""quote""
Zażółć gęślą jaźń";"1350.5430"
"1095";"10/05/2026 00:00:00";"semi; ""quote""
Zażółć gęślą jaźń";"1351.7775"
"1096";"10/05/2026 00:00:00";"semi; ""quote""
Zażółć gęślą jaźń";"1353.0120"
"1097";"10/05/2026 00:00:00";"semi; ""quote""
Zażółć gęślą jaźń";"1354.2465"
"1098";"10/05/2026 00:00:00";"semi; ""quote""
Zażółć gęślą jaźń";"1355.4810"
"1099";"10/05/2026 00:00:00";"";"1356.7155"
"1100";"10/05/2026 00:00:00";"semi; ""quote""
Zażółć gęślą jaźń";"1357.9500"
"1101";"10/05/2026 00:00:00";"semi; ""quote""
Zażółć gęślą jaźń";"1359.1845"
"1102";"10/05/2026 00:00:00";"semi; ""quote""
Zażółć gęślą jaźń";"1360.4190"
"1103";"10/05/2026 00:00:00";"semi; ""quote""
Zażółć gęślą jaźń";"1361.6535"
"1104";"10/05/2026 00:00:00";"semi; ""quote""
Zażółć gęślą jaźń";"1362.8880"
"1105";"10/05/2026 00:00:00";"semi; ""quote""
Zażółć gęślą jaźń";"1364.1225"
"1106";"10/05/2026 00:00:00";"";"1365.3570"
"1107";"10/05/2026 00:00:00";"semi; ""quote""
Zażółć gęślą jaźń";"1366.5915"
"1108";"10/05/2026 00:00:00";"semi; ""quote""
Zażółć gęślą jaźń";"1367.8260"
"1109";"10/05/2026 00:00:00";"semi; ""quote""
Zażółć gęślą jaźń";"1369.0605"
"1110";"10/05/2026 00:00:00";"semi; ""quote""
Zażółć gęślą jaźń";"1370.2950"
"1111";"10/05/2026 00:00:00";"semi; ""quote""
Zażółć gęślą jaźń";"1371.5295"
"1112";"10/05/2026 00:00:00";"semi; ""quote""
Zażółć gęślą jaźń";"1372.7640"
"1113";"10/05/2026 00:00:00";"";"1373.9985"
"1114";"10/05/2026 00:00:00";"semi; ""quote""
Zażółć gęślą jaźń";"1375.2330"
"1115";"10/05/2026 00:00:00";"semi; ""quote""
Zażółć gęślą jaźń";"1376.4675"
"1116";"10/05/2026 00:00:00";"semi; ""quote""
Zażółć gęślą jaźń";"1377.7020"
"1117";"10/05/2026 00:00:00";"semi; ""quote""
Zażółć gęślą jaźń";"1378.9365"
"1118";"10/05/2026 00:00:00";"semi; ""quote""
Zażółć gęślą jaźń";"1380.1710"
"1119";"10/05/2026 00:00:00";"semi; ""quote""
Zażółć gęślą jaźń";"1381.4055"
"1120";"10/05/2026 00:00:00";"";"1382.6400"
"1121";"10/05/2026 00:00:00";"semi; ""quote""
Zażółć gęślą jaźń";"1383.8745"
"1122";"10/05/2026 00:00:00";"semi; ""quote""
Zażółć gęślą jaźń";"1385.1090"
"1123";"10/05/2026 00:00:00";"semi; ""quote""
Zażółć gęślą jaźń";"1386.3435"
"1124";"10/05/2026 00:00:00";"semi; ""quote""
Zażółć gęślą jaźń";"1387.5780"
"1125";"10/05/2026 00:00:00";"semi; ""quote""
Zażółć gęślą jaźń";"1388.8125"
"1126";"10/05/2026 00:00:00";"semi; ""quote""
Zażółć gęślą jaźń";"1390.0470"
"1127";"10/05/2026 00:00:00";"";"1391.2815"
"1128";"10/05/2026 00:00:00";"semi; ""quote""
Zażółć gęślą jaźń";"1392.5160"
"1129";"10/05/2026 00:00:00";"semi; ""quote""
Zażółć gęślą jaźń";"1393.7505"
"1130";"10/05/2026 00:00:00";"semi; ""quote""
Zażółć gęślą jaźń";"1394.9850"
"1131";"10/05/2026 00:00:00";"semi; ""quote""
Zażółć gęślą jaźń";"1396.2195"
"1132";"10/05/2026 00:00:00";"semi; ""quote""
Zażółć gęślą jaźń";"1397.4540"
"1133";"10/05/2026 00:00:00";"semi; ""quote""
Zażółć gęślą jaźń";"1398.6885"
"1134";"10/05/2026 00:00:00";"";"1399.9230"
"1135";"10/05/2026 00:00:00";"semi; ""quote""
Zażółć gęślą jaźń";"1401.1575"
"1136";"10/05/2026 00:00:00";"semi; ""quote""
Zażółć gęślą jaźń";"1402.3920"
"1137";"10/05/2026 00:00:00";"semi; ""quote""
Zażółć gęślą jaźń";"1403.6265"
"1138";"10/05/2026 00:00:00";"semi; ""quote""
Zażółć gęślą jaźń";"1404.8610"
"1139";"10/05/2026 00:00:00";"semi; ""quote""
Zażółć gęślą jaźń";"1406.0955"
"1140";"10/05/2026 00:00:00";"semi; ""quote""
Zażółć gęślą jaźń";"1407.3300"
"1141";"10/05/2026 00:00:00";"";"1408.5645"
"1142";"10/05/2026 00:00:00";"semi; ""quote""
Zażółć gęślą jaźń";"1409.7990"
"1143";"10/05/2026 00:00:00";"semi; ""quote""
Zażółć gęślą jaźń";"1411.0335"
"1144";"10/05/2026 00:00:00";"semi; ""quote""
Zażółć gęślą jaźń";"1412.2680"
"1145";"10/05/2026 00:00:00";"semi; ""quote""
Zażółć gęślą jaźń";"1413.5025"
"1146";"10/05/2026 00:00:00";"semi; ""quote""
Zażółć gęślą jaźń";"1414.7370"
"1147";"10/05/2026 00:00:00";"semi; ""quote""
Zażółć gęślą jaźń";"1415.9715"
"1148";"10/05/2026 00:00:00";"";"1417.2060"
"1149";"10/05/2026 00:00:00";"semi; ""quote""
Zażółć gęślą jaźń";"1418.4405"
"1150";"10/05/2026 00:00:00";"semi; ""quote""
Zażółć gęślą jaźń";"1419.6750"
"1151";"10/05/2026 00:00:00";"semi; ""quote""
Zażółć gęślą jaźń";"1420.9095"
"1152";"10/05/2026 00:00:00";"semi; ""quote""
Zażółć gęślą jaźń";"1422.1440"
"1153";"10/05/2026 00:00:00";"semi; ""quote""
Zażółć gęślą jaźń";"1423.3785"
"1154";"10/05/2026 00:00:00";"semi; ""quote""
Zażółć gęślą jaźń";"1424.6130"
"1155";"10/05/2026 00:00:00";"";"1425.8475"
"1156";"10/05/2026 00:00:00";"semi; ""quote""
Zażółć gęślą jaźń";"1427.0820"
"1157";"10/05/2026 00:00:00";"semi; ""quote""
Zażółć gęślą jaźń";"1428.3165"
"1158";"10/05/2026 00:00:00";"semi; ""quote""
Zażółć gęślą jaźń";"1429.5510"
"1159";"10/05/2026 00:00:00";"semi; ""quote""
Zażółć gęślą jaźń";"1430.7855"
"1160";"10/05/2026 00:00:00";"semi; ""quote""
Zażółć gęślą jaźń";"1432.0200"
"1161";"10/05/2026 00:00:00";"semi; ""quote""
Zażółć gęślą jaźń";"1433.2545"
"1162";"10/05/2026 00:00:00";"";"1434.4890"
"1163";"10/05/2026 00:00:00";"semi; ""quote""
Zażółć gęślą jaźń";"1435.7235"
"1164";"10/05/2026 00:00:00";"semi; ""quote""
Zażółć gęślą jaźń";"1436.9580"
"1165";"10/05/2026 00:00:00";"semi; ""quote""
Zażółć gęślą jaźń";"1438.1925"
"1166";"10/05/2026 00:00:00";"semi; ""quote""
Zażółć gęślą jaźń";"1439.4270"
"1167";"10/05/2026 00:00:00";"semi; ""quote""
Zażółć gęślą jaźń";"1440.6615"
"1168";"10/05/2026 00:00:00";"semi; ""quote""
Zażółć gęślą jaźń";"1441.8960"
"1169";"10/05/2026 00:00:00";"";"1443.1305"
"1170";"10/05/2026 00:00:00";"semi; ""quote""
Zażółć gęślą jaźń";"1444.3650"
"1171";"10/05/2026 00:00:00";"semi; ""quote""
Zażółć gęślą jaźń";"1445.5995"
"1172";"10/05/2026 00:00:00";"semi; ""quote""
Zażółć gęślą jaźń";"1446.8340"
"1173";"10/05/2026 00:00:00";"semi; ""quote""
Zażółć gęślą jaźń";"1448.0685"
"1174";"10/05/2026 00:00:00";"semi; ""quote""
Zażółć gęślą jaźń";"1449.3030"
"1175";"10/05/2026 00:00:00";"semi; ""quote""
Zażółć gęślą jaźń";"1450.5375"
"1176";"10/05/2026 00:00:00";"";"1451.7720"
"1177";"10/05/2026 00:00:00";"semi; ""quote""
Zażółć gęślą jaźń";"1453.0065"
"1178";"10/05/2026 00:00:00";"semi; ""quote""
Zażółć gęślą jaźń";"1454.2410"
"1179";"10/05/2026 00:00:00";"semi; ""quote""
Zażółć gęślą jaźń";"1455.4755"
"1180";"10/05/2026 00:00:00";"semi; ""quote""
Zażółć gęślą jaźń";"1456.7100"
"1181";"10/05/2026 00:00:00";"semi; ""quote""
Zażółć gęślą jaźń";"1457.9445"
"1182";"10/05/2026 00:00:00";"semi; ""quote""
Zażółć gęślą jaźń";"1459.1790"
"1183";"10/05/2026 00:00:00";"";"1460.4135"
"1184";"10/05/2026 00:00:00";"semi; ""quote""
Zażółć gęślą jaźń";"1461.6480"
"1185";"10/05/2026 00:00:00";"semi; ""quote""
Zażółć gęślą jaźń";"1462.8825"
"1186";"10/05/2026 00:00:00";"semi; ""quote""
Zażółć gęślą jaźń";"1464.1170"
"1187";"10/05/2026 00:00:00";"semi; ""quote""
Zażółć gęślą jaźń";"1465.3515"
"1188";"10/05/2026 00:00:00";"semi; ""quote""
Zażółć gęślą jaźń";"1466.5860"
"1189";"10/05/2026 00:00:00";"semi; ""quote""
Zażółć gęślą jaźń";"1467.8205"
"1190";"10/05/2026 00:00:00";"";"1469.0550"
"1191";"10/05/2026 00:00:00";"semi; ""quote""
Zażółć gęślą jaźń";"1470.2895"
"1192";"10/05/2026 00:00:00";"semi; ""quote""
Zażółć gęślą jaźń";"1471.5240"
"1193";"10/05/2026 00:00:00";"semi; ""quote""
Zażółć gęślą jaźń";"1472.7585"
"1194";"10/05/2026 00:00:00";"semi; ""quote""
Zażółć gęślą jaźń";"1473.9930"
"1195";"10/05/2026 00:00:00";"semi; ""quote""
Zażółć gęślą jaźń";"1475.2275"
"1196";"10/05/2026 00:00:00";"semi; ""quote""
Zażółć gęślą jaźń";"1476.4620"
"1197";"10/05/2026 00:00:00";"";"1477.6965"
"1198";"10/05/2026 00:00:00";"semi; ""quote""
Zażółć gęślą jaźń";"1478.9310"
"1199";"10/05/2026 00:00:00";"semi; ""quote""
Zażółć gęślą jaźń";"1480.1655"
"1200";"10/05/2026 00:00:00";"semi; ""quote""
Zażółć gęślą jaźń";"1481.4000"
"1201";"10/05/2026 00:00:00";"semi; ""quote""
Zażółć gęślą jaźń";"1482.6345"
"1202";"10/05/2026 00:00:00";"semi; ""quote""
Zażółć gęślą jaźń";"1483.8690"
"1203";"10/05/2026 00:00:00";"semi; ""quote""
Zażółć gęślą jaźń";"1485.1035"
"1204";"10/05/2026 00:00:00";"";"1486.3380"
"1205";"10/05/2026 00:00:00";"semi; ""quote""
Zażółć gęślą jaźń";"1487.5725"
"1206";"10/05/2026 00:00:00";"semi; ""quote""
Zażółć gęślą jaźń";"1488.8070"
"1207";"10/05/2026 00:00:00";"semi; ""quote""
Zażółć gęślą jaźń";"1490.0415"
"1208";"10/05/2026 00:00:00";"semi; ""quote""
Zażółć gęślą jaźń";"1491.2760"
"1209";"10/05/2026 00:00:00";"semi; ""quote""
Zażółć gęślą jaźń";"1492.5105"
"1210";"10/05/2026 00:00:00";"semi; ""quote""
Zażółć gęślą jaźń";"1493.7450"
"1211";"10/05/2026 00:00:00";"";"1494.9795"
"1212";"10/05/2026 00:00:00";"semi; ""quote""
Zażółć gęślą jaźń";"1496.2140"
"1213";"10/05/2026 00:00:00";"semi; ""quote""
Zażółć gęślą jaźń";"1497.4485"
"1214";"10/05/2026 00:00:00";"semi; ""quote""
Zażółć gęślą jaźń";"1498.6830"
"1215";"10/05/2026 00:00:00";"semi; ""quote""
Zażółć gęślą jaźń";"1499.9175"
"1216";"10/05/2026 00:00:00";"semi; ""quote""
Zażółć gęślą jaźń";"1501.1520"
"1217";"10/05/2026 00:00:00";"semi; ""quote""
Zażółć gęślą jaźń";"1502.3865"
"1218";"10/05/2026 00:00:00";"";"1503.6210"
"1219";"10/05/2026 00:00:00";"semi; ""quote""
Zażółć gęślą jaźń";"1504.8555"
"1220";"10/05/2026 00:00:00";"semi; ""quote""
Zażółć gęślą jaźń";"1506.0900"
"1221";"10/05/2026 00:00:00";"semi; ""quote""
Zażółć gęślą jaźń";"1507.3245"
"1222";"10/05/2026 00:00:00";"semi; ""quote""
Zażółć gęślą jaźń";"1508.5590"
"1223";"10/05/2026 00:00:00";"semi; ""quote""
Zażółć gęślą jaźń";"1509.7935"
"1224";"10/05/2026 00:00:00";"semi; ""quote""
Zażółć gęślą jaźń";"1511.0280"
"1225";"10/05/2026 00:00:00";"";"1512.2625"
"1226";"10/05/2026 00:00:00";"semi; ""quote""
Zażółć gęślą jaźń";"1513.4970"
"1227";"10/05/2026 00:00:00";"semi; ""quote""
Zażółć gęślą jaźń";"1514.7315"
"1228";"10/05/2026 00:00:00";"semi; ""quote""
Zażółć gęślą jaźń";"1515.9660"
"1229";"10/05/2026 00:00:00";"semi; ""quote""
Zażółć gęślą jaźń";"1517.2005"
"1230";"10/05/2026 00:00:00";"semi; ""quote""
Zażółć gęślą jaźń";"1518.4350"
"1231";"10/05/2026 00:00:00";"semi; ""quote""
Zażółć gęślą jaźń";"1519.6695"
"1232";"10/05/2026 00:00:00";"";"1520.9040"
"1233";"10/05/2026 00:00:00";"semi; ""quote""
Zażółć gęślą jaźń";"1522.1385"
"1234";"10/05/2026 00:00:00";"semi; ""quote""
Zażółć gęślą jaźń";"1523.3730"
"1235";"10/05/2026 00:00:00";"semi; ""quote""
Zażółć gęślą jaźń";"1524.6075"
"1236";"10/05/2026 00:00:00";"semi; ""quote""
Zażółć gęślą jaźń";"1525.8420"
"1237";"10/05/2026 00:00:00";"semi; ""quote""
Zażółć gęślą jaźń";"1527.0765"
"1238";"10/05/2026 00:00:00";"semi; ""quote""
Zażółć gęślą jaźń";"1528.3110"
"1239";"10/05/2026 00:00:00";"";"1529.5455"
"1240";"10/05/2026 00:00:00";"semi; ""quote""
Zażółć gęślą jaźń";"1530.7800"
"1241";"10/05/2026 00:00:00";"semi; ""quote""
Zażółć gęślą jaźń";"1532.0145"
"1242";"10/05/2026 00:00:00";"semi; ""quote""
Zażółć gęślą jaźń";"1533.2490"
"1243";"10/05/2026 00:00:00";"semi; ""quote""
Zażółć gęślą jaźń";"1534.4835"
"1244";"10/05/2026 00:00:00";"semi; ""quote""
Zażółć gęślą jaźń";"1535.7180"
"1245";"10/05/2026 00:00:00";"semi; ""quote""
Zażółć gęślą jaźń";"1536.9525"
"1246";"10/05/2026 00:00:00";"";"1538.1870"
"1247";"10/05/2026 00:00:00";"semi; ""quote""
Zażółć gęślą jaźń";"1539.4215"
"1248";"10/05/2026 00:00:00";"semi; ""quote""
Zażółć gęślą jaźń";"1540.6560"
"1249";"10/05/2026 00:00:00";"semi; ""quote""
Zażółć gęślą jaźń";"1541.8905"
"1250";"10/05/2026 00:00:00";"semi; ""quote""
Zażółć gęślą jaźń";"1543.1250"
"1251";"10/05/2026 00:00:00";"semi; ""quote""
Zażółć gęślą jaźń";"1544.3595"
"1252";"10/05/2026 00:00:00";"semi; ""quote""
Zażółć gęślą jaźń";"1545.5940"
"1253";"10/05/2026 00:00:00";"";"1546.8285"
"1254";"10/05/2026 00:00:00";"semi; ""quote""
Zażółć gęślą jaźń";"1548.0630"
"1255";"10/05/2026 00:00:00";"semi; ""quote""
Zażółć gęślą jaźń";"1549.2975"
"1256";"10/05/2026 00:00:00";"semi; ""quote""
Zażółć gęślą jaźń";"1550.5320"
"1257";"10/05/2026 00:00:00";"semi; ""quote""
Zażółć gęślą jaźń";"1551.7665"
"1258";"10/05/2026 00:00:00";"semi; ""quote""
Zażółć gęślą jaźń";"1553.0010"
"1259";"10/05/2026 00:00:00";"semi; ""quote""
Zażółć gęślą jaźń";"1554.2355"
"1260";"10/05/2026 00:00:00";"";"1555.4700"
"1261";"10/05/2026 00:00:00";"semi; ""quote""
Zażółć gęślą jaźń";"1556.7045"
"1262";"10/05/2026 00:00:00";"semi; ""quote""
Zażółć gęślą jaźń";"1557.9390"
"1263";"10/05/2026 00:00:00";"semi; ""quote""
Zażółć gęślą jaźń";"1559.1735"
"1264";"10/05/2026 00:00:00";"semi; ""quote""
Zażółć gęślą jaźń";"1560.4080"
"1265";"10/05/2026 00:00:00";"semi; ""quote""
Zażółć gęślą jaźń";"1561.6425"
"1266";"10/05/2026 00:00:00";"semi; ""quote""
Zażółć gęślą jaźń";"1562.8770"
"1267";"10/05/2026 00:00:00";"";"1564.1115"
"1268";"10/05/2026 00:00:00";"semi; ""quote""
Zażółć gęślą jaźń";"1565.3460"
"1269";"10/05/2026 00:00:00";"semi; ""quote""
Zażółć gęślą jaźń";"1566.5805"
"1270";"10/05/2026 00:00:00";"semi; ""quote""
Zażółć gęślą jaźń";"1567.8150"
"1271";"10/05/2026 00:00:00";"semi; ""quote""
Zażółć gęślą jaźń";"1569.0495"
"1272";"10/05/2026 00:00:00";"semi; ""quote""
Zażółć gęślą jaźń";"1570.2840"
"1273";"10/05/2026 00:00:00";"semi; ""quote""
Zażółć gęślą jaźń";"1571.5185"
"1274";"10/05/2026 00:00:00";"";"1572.7530"
"1275";"10/05/2026 00:00:00";"semi; ""quote""
Zażółć gęślą jaźń";"1573.9875"
"1276";"10/05/2026 00:00:00";"semi; ""quote""
Zażółć gęślą jaźń";"1575.2220"
"1277";"10/05/2026 00:00:00";"semi; ""quote""
Zażółć gęślą jaźń";"1576.4565"
"1278";"10/05/2026 00:00:00";"semi; ""quote""
Zażółć gęślą jaźń";"1577.6910"
"1279";"10/05/2026 00:00:00";"semi; ""quote""
Zażółć gęślą jaźń";"1578.9255"
"1280";"10/05/2026 00:00:00";"semi; ""quote""
Zażółć gęślą jaźń";"1580.1600"
"1281";"10/05/2026 00:00:00";"";"1581.3945"
"1282";"10/05/2026 00:00:00";"semi; ""quote""
Zażółć gęślą jaźń";"1582.6290"
"1283";"10/05/2026 00:00:00";"semi; ""quote""
Zażółć gęślą jaźń";"1583.8635"
"1284";"10/05/2026 00:00:00";"semi; ""quote""
Zażółć gęślą jaźń";"1585.0980"
"1285";"10/05/2026 00:00:00";"semi; ""quote""
Zażółć gęślą jaźń";"1586.3325"
"1286";"10/05/2026 00:00:00";"semi; ""quote""
Zażółć gęślą jaźń";"1587.5670"
"1287";"10/05/2026 00:00:00";"semi; ""quote""
Zażółć gęślą jaźń";"1588.8015"
"1288";"10/05/2026 00:00:00";"";"1590.0360"
"1289";"10/05/2026 00:00:00";"semi; ""quote""
Zażółć gęślą jaźń";"1591.2705"
"1290";"10/05/2026 00:00:00";"semi; ""quote""
Zażółć gęślą jaźń";"1592.5050"
"1291";"10/05/2026 00:00:00";"semi; ""quote""
Zażółć gęślą jaźń";"1593.7395"
"1292";"10/05/2026 00:00:00";"semi; ""quote""
Zażółć gęślą jaźń";"1594.9740"
"1293";"10/05/2026 00:00:00";"semi; ""quote""
Zażółć gęślą jaźń";"1596.2085"
"1294";"10/05/2026 00:00:00";"semi; ""quote""
Zażółć gęślą jaźń";"1597.4430"
"1295";"10/05/2026 00:00:00";"";"1598.6775"
"1296";"10/05/2026 00:00:00";"semi; ""quote""
Zażółć gęślą jaźń";"1599.9120"
"1297";"10/05/2026 00:00:00";"semi; ""quote""
Zażółć gęślą jaźń";"1601.1465"
"1298";"10/05/2026 00:00:00";"semi; ""quote""
Zażółć gęślą jaźń";"1602.3810"
"1299";"10/05/2026 00:00:00";"semi; ""quote""
Zażółć gęślą jaźń";"1603.6155"
"1300";"10/05/2026 00:00:00";"semi; ""quote""
Zażółć gęślą jaźń";"1604.8500"
"1301";"10/05/2026 00:00:00";"semi; ""quote""
Zażółć gęślą jaźń";"1606.0845"
"1302";"10/05/2026 00:00:00";"";"1607.3190"
"1303";"10/05/2026 00:00:00";"semi; ""quote""
Zażółć gęślą jaźń";"1608.5535"
"1304";"10/05/2026 00:00:00";"semi; ""quote""
Zażółć gęślą jaźń";"1609.7880"
"1305";"10/05/2026 00:00:00";"semi; ""quote""
Zażółć gęślą jaźń";"1611.0225"
"1306";"10/05/2026 00:00:00";"semi; ""quote""
Zażółć gęślą jaźń";"1612.2570"
"1307";"10/05/2026 00:00:00";"semi; ""quote""
Zażółć gęślą jaźń";"1613.4915"
"1308";"10/05/2026 00:00:00";"semi; ""quote""
Zażółć gęślą jaźń";"1614.7260"
"1309";"10/05/2026 00:00:00";"";"1615.9605"
"1310";"10/05/2026 00:00:00";"semi; ""quote""
Zażółć gęślą jaźń";"1617.1950"
"1311";"10/05/2026 00:00:00";"semi; ""quote""
Zażółć gęślą jaźń";"1618.4295"
"1312";"10/05/2026 00:00:00";"semi; ""quote""
Zażółć gęślą jaźń";"1619.6640"
"1313";"10/05/2026 00:00:00";"semi; ""quote""
Zażółć gęślą jaźń";"1620.8985"
"1314";"10/05/2026 00:00:00";"semi; ""quote""
Zażółć gęślą jaźń";"1622.1330"
"1315";"10/05/2026 00:00:00";"semi; ""quote""
Zażółć gęślą jaźń";"1623.3675"
"1316";"10/05/2026 00:00:00";"";"1624.6020"
"1317";"10/05/2026 00:00:00";"semi; ""quote""
Zażółć gęślą jaźń";"1625.8365"
"1318";"10/05/2026 00:00:00";"semi; ""quote""
Zażółć gęślą jaźń";"1627.0710"
"1319";"10/05/2026 00:00:00";"semi; ""quote""
Zażółć gęślą jaźń";"1628.3055"
"1320";"10/05/2026 00:00:00";"semi; ""quote""
Zażółć gęślą jaźń";"1629.5400"
"1321";"10/05/2026 00:00:00";"semi; ""quote""
Zażółć gęślą jaźń";"1630.7745"
"1322";"10/05/2026 00:00:00";"semi; ""quote""
Zażółć gęślą jaźń";"1632.0090"
"1323";"10/05/2026 00:00:00";"";"1633.2435"
"1324";"10/05/2026 00:00:00";"semi; ""quote""
Zażółć gęślą jaźń";"1634.4780"
"1325";"10/05/2026 00:00:00";"semi; ""quote""
Zażółć gęślą jaźń";"1635.7125"
"1326";"10/05/2026 00:00:00";"semi; ""quote""
Zażółć gęślą jaźń";"1636.9470"
"1327";"10/05/2026 00:00:00";"semi; ""quote""
Zażółć gęślą jaźń";"1638.1815"
"1328";"10/05/2026 00:00:00";"semi; ""quote""
Zażółć gęślą jaźń";"1639.4160"
"1329";"10/05/2026 00:00:00";"semi; ""quote""
Zażółć gęślą jaźń";"1640.6505"
"1330";"10/05/2026 00:00:00";"";"1641.8850"
"1331";"10/05/2026 00:00:00";"semi; ""quote""
Zażółć gęślą jaźń";"1643.1195"
"1332";"10/05/2026 00:00:00";"semi; ""quote""
Zażółć gęślą jaźń";"1644.3540"
"1333";"10/05/2026 00:00:00";"semi; ""quote""
Zażółć gęślą jaźń";"1645.5885"
"1334";"10/05/2026 00:00:00";"semi; ""quote""
Zażółć gęślą jaźń";"1646.8230"
"1335";"10/05/2026 00:00:00";"semi; ""quote""
Zażółć gęślą jaźń";"1648.0575"
"1336";"10/05/2026 00:00:00";"semi; ""quote""
Zażółć gęślą jaźń";"1649.2920"
"1337";"10/05/2026 00:00:00";"";"1650.5265"
"1338";"10/05/2026 00:00:00";"semi; ""quote""
Zażółć gęślą jaźń";"1651.7610"
"1339";"10/05/2026 00:00:00";"semi; ""quote""
Zażółć gęślą jaźń";"1652.9955"
"1340";"10/05/2026 00:00:00";"semi; ""quote""
Zażółć gęślą jaźń";"1654.2300"
"1341";"10/05/2026 00:00:00";"semi; ""quote""
Zażółć gęślą jaźń";"1655.4645"
"1342";"10/05/2026 00:00:00";"semi; ""quote""
Zażółć gęślą jaźń";"1656.6990"
"1343";"10/05/2026 00:00:00";"semi; ""quote""
Zażółć gęślą jaźń";"1657.9335"
"1344";"10/05/2026 00:00:00";"";"1659.1680"
"1345";"10/05/2026 00:00:00";"semi; ""quote""
Zażółć gęślą jaźń";"1660.4025"
"1346";"10/05/2026 00:00:00";"semi; ""quote""
Zażółć gęślą jaźń";"1661.6370"
"1347";"10/05/2026 00:00:00";"semi; ""quote""
Zażółć gęślą jaźń";"1662.8715"
"1348";"10/05/2026 00:00:00";"semi; ""quote""
Zażółć gęślą jaźń";"1664.1060"
"1349";"10/05/2026 00:00:00";"semi; ""quote""
Zażółć gęślą jaźń";"1665.3405"
"1350";"10/05/2026 00:00:00";"semi; ""quote""
Zażółć gęślą jaźń";"1666.5750"
"1351";"10/05/2026 00:00:00";"";"1667.8095"
"1352";"10/05/2026 00:00:00";"semi; ""quote""
Zażółć gęślą jaźń";"1669.0440"
"1353";"10/05/2026 00:00:00";"semi; ""quote""
Zażółć gęślą jaźń";"1670.2785"
"1354";"10/05/2026 00:00:00";"semi; ""quote""
Zażółć gęślą jaźń";"1671.5130"
"1355";"10/05/2026 00:00:00";"semi; ""quote""
Zażółć gęślą jaźń";"1672.7475"
"1356";"10/05/2026 00:00:00";"semi; ""quote""
Zażółć gęślą jaźń";"1673.9820"
"1357";"10/05/2026 00:00:00";"semi; ""quote""
Zażółć gęślą jaźń";"1675.2165"
"1358";"10/05/2026 00:00:00";"";"1676.4510"
"1359";"10/05/2026 00:00:00";"semi; ""quote""
Zażółć gęślą jaźń";"1677.6855"
"1360";"10/05/2026 00:00:00";"semi; ""quote""
Zażółć gęślą jaźń";"1678.9200"
"1361";"10/05/2026 00:00:00";"semi; ""quote""
Zażółć gęślą jaźń";"1680.1545"
"1362";"10/05/2026 00:00:00";"semi; ""quote""
Zażółć gęślą jaźń";"1681.3890"
"1363";"10/05/2026 00:00:00";"semi; ""quote""
Zażółć gęślą jaźń";"1682.6235"
"1364";"10/05/2026 00:00:00";"semi; ""quote""
Zażółć gęślą jaźń";"1683.8580"
"1365";"10/05/2026 00:00:00";"";"1685.0925"
"1366";"10/05/2026 00:00:00";"semi; ""quote""
Zażółć gęślą jaźń";"1686.3270"
"1367";"10/05/2026 00:00:00";"semi; ""quote""
Zażółć gęślą jaźń";"1687.5615"
"1368";"10/05/2026 00:00:00";"semi; ""quote""
Zażółć gęślą jaźń";"1688.7960"
"1369";"10/05/2026 00:00:00";"semi; ""quote""
Zażółć gęślą jaźń";"1690.0305"
"1370";"10/05/2026 00:00:00";"semi; ""quote""
Zażółć gęślą jaźń";"1691.2650"
"1371";"10/05/2026 00:00:00";"semi; ""quote""
Zażółć gęślą jaźń";"1692.4995"
"1372";"10/05/2026 00:00:00";"";"1693.7340"
"1373";"10/05/2026 00:00:00";"semi; ""quote""
Zażółć gęślą jaźń";"1694.9685"
"1374";"10/05/2026 00:00:00";"semi; ""quote""
Zażółć gęślą jaźń";"1696.2030"
"1375";"10/05/2026 00:00:00";"semi; ""quote""
Zażółć gęślą jaźń";"1697.4375"
"1376";"10/05/2026 00:00:00";"semi; ""quote""
Zażółć gęślą jaźń";"1698.6720"
"1377";"10/05/2026 00:00:00";"semi; ""quote""
Zażółć gęślą jaźń";"1699.9065"
"1378";"10/05/2026 00:00:00";"semi; ""quote""
Zażółć gęślą jaźń";"1701.1410"
"1379";"10/05/2026 00:00:00";"";"1702.3755"
"1380";"10/05/2026 00:00:00";"semi; ""quote""
Zażółć gęślą jaźń";"1703.6100"
"1381";"10/05/2026 00:00:00";"semi; ""quote""
Zażółć gęślą jaźń";"1704.8445"
"1382";"10/05/2026 00:00:00";"semi; ""quote""
Zażółć gęślą jaźń";"1706.0790"
"1383";"10/05/2026 00:00:00";"semi; ""quote""
Zażółć gęślą jaźń";"1707.3135"
"1384";"10/05/2026 00:00:00";"semi; ""quote""
Zażółć gęślą jaźń";"1708.5480"
"1385";"10/05/2026 00:00:00";"semi; ""quote""
Zażółć gęślą jaźń";"1709.7825"
"1386";"10/05/2026 00:00:00";"";"1711.0170"
"1387";"10/05/2026 00:00:00";"semi; ""quote""
Zażółć gęślą jaźń";"1712.2515"
"1388";"10/05/2026 00:00:00";"semi; ""quote""
Zażółć gęślą jaźń";"1713.4860"
"1389";"10/05/2026 00:00:00";"semi; ""quote""
Zażółć gęślą jaźń";"1714.7205"
"1390";"10/05/2026 00:00:00";"semi; ""quote""
Zażółć gęślą jaźń";"1715.9550"
"1391";"10/05/2026 00:00:00";"semi; ""quote""
Zażółć gęślą jaźń";"1717.1895"
"1392";"10/05/2026 00:00:00";"semi; ""quote""
Zażółć gęślą jaźń";"1718.4240"
"1393";"10/05/2026 00:00:00";"";"1719.6585"
"1394";"10/05/2026 00:00:00";"semi; ""quote""
Zażółć gęślą jaźń";"1720.8930"
"1395";"10/05/2026 00:00:00";"semi; ""quote""
Zażółć gęślą jaźń";"1722.1275"
"1396";"10/05/2026 00:00:00";"semi; ""quote""
Zażółć gęślą jaźń";"1723.3620"
"1397";"10/05/2026 00:00:00";"semi; ""quote""
Zażółć gęślą jaźń";"1724.5965"
"1398";"10/05/2026 00:00:00";"semi; ""quote""
Zażółć gęślą jaźń";"1725.8310"
"1399";"10/05/2026 00:00:00";"semi; ""quote""
Zażółć gęślą jaźń";"1727.0655"
"1400";"10/05/2026 00:00:00";"";"1728.3000"
"1401";"10/05/2026 00:00:00";"semi; ""quote""
Zażółć gęślą jaźń";"1729.5345"
"1402";"10/05/2026 00:00:00";"semi; ""quote""
Zażółć gęślą jaźń";"1730.7690"
"1403";"10/05/2026 00:00:00";"semi; ""quote""
Zażółć gęślą jaźń";"1732.0035"
"1404";"10/05/2026 00:00:00";"semi; ""quote""
Zażółć gęślą jaźń";"1733.2380"
"1405";"10/05/2026 00:00:00";"semi; ""quote""
Zażółć gęślą jaźń";"1734.4725"
"1406";"10/05/2026 00:00:00";"semi; ""quote""
Zażółć gęślą jaźń";"1735.7070"
"1407";"10/05/2026 00:00:00";"";"1736.9415"
"1408";"10/05/2026 00:00:00";"semi; ""quote""
Zażółć gęślą jaźń";"1738.1760"
"1409";"10/05/2026 00:00:00";"semi; ""quote""
Zażółć gęślą jaźń";"1739.4105"
"1410";"10/05/2026 00:00:00";"semi; ""quote""
Zażółć gęślą jaźń";"1740.6450"
"1411";"10/05/2026 00:00:00";"semi; ""quote""
Zażółć gęślą jaźń";"1741.8795"
"1412";"10/05/2026 00:00:00";"semi; ""quote""
Zażółć gęślą jaźń";"1743.1140"
"1413";"10/05/2026 00:00:00";"semi; ""quote""
Zażółć gęślą jaźń";"1744.3485"
"1414";"10/05/2026 00:00:00";"";"1745.5830"
"1415";"10/05/2026 00:00:00";"semi; ""quote""
Zażółć gęślą jaźń";"1746.8175"
"1416";"10/05/2026 00:00:00";"semi; ""quote""
Zażółć gęślą jaźń";"1748.0520"
"1417";"10/05/2026 00:00:00";"semi; ""quote""
Zażółć gęślą jaźń";"1749.2865"
"1418";"10/05/2026 00:00:00";"semi; ""quote""
Zażółć gęślą jaźń";"1750.5210"
"1419";"10/05/2026 00:00:00";"semi; ""quote""
Zażółć gęślą jaźń";"1751.7555"
"1420";"10/05/2026 00:00:00";"semi; ""quote""
Zażółć gęślą jaźń";"1752.9900"
"1421";"10/05/2026 00:00:00";"";"1754.2245"
"1422";"10/05/2026 00:00:00";"semi; ""quote""
Zażółć gęślą jaźń";"1755.4590"
"1423";"10/05/2026 00:00:00";"semi; ""quote""
Zażółć gęślą jaźń";"1756.6935"
"1424";"10/05/2026 00:00:00";"semi; ""quote""
Zażółć gęślą jaźń";"1757.9280"
"1425";"10/05/2026 00:00:00";"semi; ""quote""
Zażółć gęślą jaźń";"1759.1625"
"1426";"10/05/2026 00:00:00";"semi; ""quote""
Zażółć gęślą jaźń";"1760.3970"
"1427";"10/05/2026 00:00:00";"semi; ""quote""
Zażółć gęślą jaźń";"1761.6315"
"1428";"10/05/2026 00:00:00";"";"1762.8660"
"1429";"10/05/2026 00:00:00";"semi; ""quote""
Zażółć gęślą jaźń";"1764.1005"
"1430";"10/05/2026 00:00:00";"semi; ""quote""
Zażółć gęślą jaźń";"1765.3350"
"1431";"10/05/2026 00:00:00";"semi; ""quote""
Zażółć gęślą jaźń";"1766.5695"
"1432";"10/05/2026 00:00:00";"semi; ""quote""
Zażółć gęślą jaźń";"1767.8040"
"1433";"10/05/2026 00:00:00";"semi; ""quote""
Zażółć gęślą jaźń";"1769.0385"
"1434";"10/05/2026 00:00:00";"semi; ""quote""
Zażółć gęślą jaźń";"1770.2730"
"1435";"10/05/2026 00:00:00";"";"1771.5075"
"1436";"10/05/2026 00:00:00";"semi; ""quote""
Zażółć gęślą jaźń";"1772.7420"
"1437";"10/05/2026 00:00:00";"semi; ""quote""
Zażółć gęślą jaźń";"1773.9765"
"1438";"10/05/2026 00:00:00";"semi; ""quote""
Zażółć gęślą jaźń";"1775.2110"
"1439";"10/05/2026 00:00:00";"semi; ""quote""
Zażółć gęślą jaźń";"1776.4455"
"1440";"10/05/2026 00:00:00";"semi; ""quote""
Zażółć gęślą jaźń";"1777.6800"
"1441";"10/05/2026 00:00:00";"semi; ""quote""
Zażółć gęślą jaźń";"1778.9145"
"1442";"10/05/2026 00:00:00";"";"1780.1490"
"1443";"10/05/2026 00:00:00";"semi; ""quote""
Zażółć gęślą jaźń";"1781.3835"
"1444";"10/05/2026 00:00:00";"semi; ""quote""
Zażółć gęślą jaźń";"1782.6180"
"1445";"10/05/2026 00:00:00";"semi; ""quote""
Zażółć gęślą jaźń";"1783.8525"
"1446";"10/05/2026 00:00:00";"semi; ""quote""
Zażółć gęślą jaźń";"1785.0870"
"1447";"10/05/2026 00:00:00";"semi; ""quote""
Zażółć gęślą jaźń";"1786.3215"
"1448";"10/05/2026 00:00:00";"semi; ""quote""
Zażółć gęślą jaźń";"1787.5560"
"1449";"10/05/2026 00:00:00";"";"1788.7905"
"1450";"10/05/2026 00:00:00";"semi; ""quote""
Zażółć gęślą jaźń";"1790.0250"
"1451";"10/05/2026 00:00:00";"semi; ""quote""
Zażółć gęślą jaźń";"1791.2595"
"1452";"10/05/2026 00:00:00";"semi; ""quote""
Zażółć gęślą jaźń";"1792.4940"
"1453";"10/05/2026 00:00:00";"semi; ""quote""
Zażółć gęślą jaźń";"1793.7285"
"1454";"10/05/2026 00:00:00";"semi; ""quote""
Zażółć gęślą jaźń";"1794.9630"
"1455";"10/05/2026 00:00:00";"semi; ""quote""
Zażółć gęślą jaźń";"1796.1975"
"1456";"10/05/2026 00:00:00";"";"1797.4320"
"1457";"10/05/2026 00:00:00";"semi; ""quote""
Zażółć gęślą jaźń";"1798.6665"
"1458";"10/05/2026 00:00:00";"semi; ""quote""
Zażółć gęślą jaźń";"1799.9010"
"1459";"10/05/2026 00:00:00";"semi; ""quote""
Zażółć gęślą jaźń";"1801.1355"
"1460";"10/05/2026 00:00:00";"semi; ""quote""
Zażółć gęślą jaźń";"1802.3700"
"1461";"10/05/2026 00:00:00";"semi; ""quote""
Zażółć gęślą jaźń";"1803.6045"
"1462";"10/05/2026 00:00:00";"semi; ""quote""
Zażółć gęślą jaźń";"1804.8390"
"1463";"10/05/2026 00:00:00";"";"1806.0735"
"1464";"10/05/2026 00:00:00";"semi; ""quote""
Zażółć gęślą jaźń";"1807.3080"
"1465";"10/05/2026 00:00:00";"semi; ""quote""
Zażółć gęślą jaźń";"1808.5425"
"1466";"10/05/2026 00:00:00";"semi; ""quote""
Zażółć gęślą jaźń";"1809.7770"
"1467";"10/05/2026 00:00:00";"semi; ""quote""
Zażółć gęślą jaźń";"1811.0115"
"1468";"10/05/2026 00:00:00";"semi; ""quote""
Zażółć gęślą jaźń";"1812.2460"
"1469";"10/05/2026 00:00:00";"semi; ""quote""
Zażółć gęślą jaźń";"1813.4805"
"1470";"10/05/2026 00:00:00";"";"1814.7150"
"1471";"10/05/2026 00:00:00";"semi; ""quote""
Zażółć gęślą jaźń";"1815.9495"
"1472";"10/05/2026 00:00:00";"semi; ""quote""
Zażółć gęślą jaźń";"1817.1840"
"1473";"10/05/2026 00:00:00";"semi; ""quote""
Zażółć gęślą jaźń";"1818.4185"
"1474";"10/05/2026 00:00:00";"semi; ""quote""
Zażółć gęślą jaźń";"1819.6530"
"1475";"10/05/2026 00:00:00";"semi; ""quote""
Zażółć gęślą jaźń";"1820.8875"
"1476";"10/05/2026 00:00:00";"semi; ""quote""
Zażółć gęślą jaźń";"1822.1220"
"1477";"10/05/2026 00:00:00";"";"1823.3565"
"1478";"10/05/2026 00:00:00";"semi; ""quote""
Zażółć gęślą jaźń";"1824.5910"
"1479";"10/05/2026 00:00:00";"semi; ""quote""
Zażółć gęślą jaźń";"1825.8255"
"1480";"10/05/2026 00:00:00";"semi; ""quote""
Zażółć gęślą jaźń";"1827.0600"
"1481";"10/05/2026 00:00:00";"semi; ""quote""
Zażółć gęślą jaźń";"1828.2945"
"1482";"10/05/2026 00:00:00";"semi; ""quote""
Zażółć gęślą jaźń";"1829.5290"
"1483";"10/05/2026 00:00:00";"semi; ""quote""
Zażółć gęślą jaźń";"1830.7635"
"1484";"10/05/2026 00:00:00";"";"1831.9980"
"1485";"10/05/2026 00:00:00";"semi; ""quote""
Zażółć gęślą jaźń";"1833.2325"
"1486";"10/05/2026 00:00:00";"semi; ""quote""
Zażółć gęślą jaźń";"1834.4670"
"1487";"10/05/2026 00:00:00";"semi; ""quote""
Zażółć gęślą jaźń";"1835.7015"
"1488";"10/05/2026 00:00:00";"semi; ""quote""
Zażółć gęślą jaźń";"1836.9360"
"1489";"10/05/2026 00:00:00";"semi; ""quote""
Zażółć gęślą jaźń";"1838.1705"
"1490";"10/05/2026 00:00:00";"semi; ""quote""
Zażółć gęślą jaźń";"1839.4050"
"1491";"10/05/2026 00:00:00";"";"1840.6395"
"1492";"10/05/2026 00:00:00";"semi; ""quote""
Zażółć gęślą jaźń";"1841.8740"
"1493";"10/05/2026 00:00:00";"semi; ""quote""
Zażółć gęślą jaźń";"1843.1085"
"1494";"10/05/2026 00:00:00";"semi; ""quote""
Zażółć gęślą jaźń";"1844.3430"
"1495";"10/05/2026 00:00:00";"semi; ""quote""
Zażółć gęślą jaźń";"1845.5775"
"1496";"10/05/2026 00:00:00";"semi; ""quote""
Zażółć gęślą jaźń";"1846.8120"
"1497";"10/05/2026 00:00:00";"semi; ""quote""
Zażółć gęślą jaźń";"1848.0465"
"1498";"10/05/2026 00:00:00";"";"1849.2810"
"1499";"10/05/2026 00:00:00";"semi; ""quote""
Zażółć gęślą jaźń";"1850.5155"
"1500";"10/05/2026 00:00:00";"semi; ""quote""
Zażółć gęślą jaźń";"1851.7500"
"1501";"10/05/2026 00:00:00";"semi; ""quote""
Zażółć gęślą jaźń";"1852.9845"
"1502";"10/05/2026 00:00:00";"semi; ""quote""
Zażółć gęślą jaźń";"1854.2190"
"1503";"10/05/2026 00:00:00";"semi; ""quote""
Zażółć gęślą jaźń";"1855.4535"
"1504";"10/05/2026 00:00:00";"semi; ""quote""
Zażółć gęślą jaźń";"1856.6880"
"1505";"10/05/2026 00:00:00";"";"1857.9225"
"1506";"10/05/2026 00:00:00";"semi; ""quote""
Zażółć gęślą jaźń";"1859.1570"
"1507";"10/05/2026 00:00:00";"semi; ""quote""
Zażółć gęślą jaźń";"1860.3915"
"1508";"10/05/2026 00:00:00";"semi; ""quote""
Zażółć gęślą jaźń";"1861.6260"
"1509";"10/05/2026 00:00:00";"semi; ""quote""
Zażółć gęślą jaźń";"1862.8605"
"1510";"10/05/2026 00:00:00";"semi; ""quote""
Zażółć gęślą jaźń";"1864.0950"
"1511";"10/05/2026 00:00:00";"semi; ""quote""
Zażółć gęślą jaźń";"1865.3295"
"1512";"10/05/2026 00:00:00";"";"1866.5640"
"1513";"10/05/2026 00:00:00";"semi; ""quote""
Zażółć gęślą jaźń";"1867.7985"
"1514";"10/05/2026 00:00:00";"semi; ""quote""
Zażółć gęślą jaźń";"1869.0330"
"1515";"10/05/2026 00:00:00";"semi; ""quote""
Zażółć gęślą jaźń";"1870.2675"
"1516";"10/05/2026 00:00:00";"semi; ""quote""
Zażółć gęślą jaźń";"1871.5020"
"1517";"10/05/2026 00:00:00";"semi; ""quote""
Zażółć gęślą jaźń";"1872.7365"
"1518";"10/05/2026 00:00:00";"semi; ""quote""
Zażółć gęślą jaźń";"1873.9710"
"1519";"10/05/2026 00:00:00";"";"1875.2055"
"1520";"10/05/2026 00:00:00";"semi; ""quote""
Zażółć gęślą jaźń";"1876.4400"
"1521";"10/05/2026 00:00:00";"semi; ""quote""
Zażółć gęślą jaźń";"1877.6745"
"1522";"10/05/2026 00:00:00";"semi; ""quote""
Zażółć gęślą jaźń";"1878.9090"
"1523";"10/05/2026 00:00:00";"semi; ""quote""
Zażółć gęślą jaźń";"1880.1435"
"1524";"10/05/2026 00:00:00";"semi; ""quote""
Zażółć gęślą jaźń";"1881.3780"
"1525";"10/05/2026 00:00:00";"semi; ""quote""
Zażółć gęślą jaźń";"1882.6125"
"1526";"10/05/2026 00:00:00";"";"1883.8470"
"1527";"10/05/2026 00:00:00";"semi; ""quote""
Zażółć gęślą jaźń";"1885.0815"
"1528";"10/05/2026 00:00:00";"semi; ""quote""
Zażółć gęślą jaźń";"1886.3160"
"1529";"10/05/2026 00:00:00";"semi; ""quote""
Zażółć gęślą jaźń";"1887.5505"
"1530";"10/05/2026 00:00:00";"semi; ""quote""
Zażółć gęślą jaźń";"1888.7850"
"1531";"10/05/2026 00:00:00";"semi; ""quote""
Zażółć gęślą jaźń";"1890.0195"
"1532";"10/05/2026 00:00:00";"semi; ""quote""
Zażółć gęślą jaźń";"1891.2540"
"1533";"10/05/2026 00:00:00";"";"1892.4885"
"1534";"10/05/2026 00:00:00";"semi; ""quote""
Zażółć gęślą jaźń";"1893.7230"
"1535";"10/05/2026 00:00:00";"semi; ""quote""
Zażółć gęślą jaźń";"1894.9575"
"1536";"10/05/2026 00:00:00";"semi; ""quote""
Zażółć gęślą jaźń";"1896.1920"
"1537";"10/05/2026 00:00:00";"semi; ""quote""
Zażółć gęślą jaźń";"1897.4265"
"1538";"10/05/2026 00:00:00";"semi; ""quote""
Zażółć gęślą jaźń";"1898.6610"
"1539";"10/05/2026 00:00:00";"semi; ""quote""
Zażółć gęślą jaźń";"1899.8955"
"1540";"10/05/2026 00:00:00";"";"1901.1300"
"1541";"10/05/2026 00:00:00";"semi; ""quote""
Zażółć gęślą jaźń";"1902.3645"
"1542";"10/05/2026 00:00:00";"semi; ""quote""
Zażółć gęślą jaźń";"1903.5990"
"1543";"10/05/2026 00:00:00";"semi; ""quote""
Zażółć gęślą jaźń";"1904.8335"
"1544";"10/05/2026 00:00:00";"semi; ""quote""
Zażółć gęślą jaźń";"1906.0680"
"1545";"10/05/2026 00:00:00";"semi; ""quote""
Zażółć gęślą jaźń";"1907.3025"
"1546";"10/05/2026 00:00:00";"semi; ""quote""
Zażółć gęślą jaźń";"1908.5370"
"1547";"10/05/2026 00:00:00";"";"1909.7715"
"1548";"10/05/2026 00:00:00";"semi; ""quote""
Zażółć gęślą jaźń";"1911.0060"
"1549";"10/05/2026 00:00:00";"semi; ""quote""
Zażółć gęślą jaźń";"1912.2405"
"1550";"10/05/2026 00:00:00";"semi; ""quote""
Zażółć gęślą jaźń";"1913.4750"
"1551";"10/05/2026 00:00:00";"semi; ""quote""
Zażółć gęślą jaźń";"1914.7095"
"1552";"10/05/2026 00:00:00";"semi; ""quote""
Zażółć gęślą jaźń";"1915.9440"
"1553";"10/05/2026 00:00:00";"semi; ""quote""
Zażółć gęślą jaźń";"1917.1785"
"1554";"10/05/2026 00:00:00";"";"1918.4130"
"1555";"10/05/2026 00:00:00";"semi; ""quote""
Zażółć gęślą jaźń";"1919.6475"
"1556";"10/05/2026 00:00:00";"semi; ""quote""
Zażółć gęślą jaźń";"1920.8820"
"1557";"10/05/2026 00:00:00";"semi; ""quote""
Zażółć gęślą jaźń";"1922.1165"
"1558";"10/05/2026 00:00:00";"semi; ""quote""
Zażółć gęślą jaźń";"1923.3510"
"1559";"10/05/2026 00:00:00";"semi; ""quote""
Zażółć gęślą jaźń";"1924.5855"
"1560";"10/05/2026 00:00:00";"semi; ""quote""
Zażółć gęślą jaźń";"1925.8200"
"1561";"10/05/2026 00:00:00";"";"1927.0545"
"1562";"10/05/2026 00:00:00";"semi; ""quote""
Zażółć gęślą jaźń";"1928.2890"
"1563";"10/05/2026 00:00:00";"semi; ""quote""
Zażółć gęślą jaźń";"1929.5235"
"1564";"10/05/2026 00:00:00";"semi; ""quote""
Zażółć gęślą jaźń";"1930.7580"
"1565";"10/05/2026 00:00:00";"semi; ""quote""
Zażółć gęślą jaźń";"1931.9925"
"1566";"10/05/2026 00:00:00";"semi; ""quote""
Zażółć gęślą jaźń";"1933.2270"
"1567";"10/05/2026 00:00:00";"semi; ""quote""
Zażółć gęślą jaźń";"1934.4615"
"1568";"10/05/2026 00:00:00";"";"1935.6960"
"1569";"10/05/2026 00:00:00";"semi; ""quote""
Zażółć gęślą jaźń";"1936.9305"
"1570";"10/05/2026 00:00:00";"semi; ""quote""
Zażółć gęślą jaźń";"1938.1650"
"1571";"10/05/2026 00:00:00";"semi; ""quote""
Zażółć gęślą jaźń";"1939.3995"
"1572";"10/05/2026 00:00:00";"semi; ""quote""
Zażółć gęślą jaźń";"1940.6340"
"1573";"10/05/2026 00:00:00";"semi; ""quote""
Zażółć gęślą jaźń";"1941.8685"
"1574";"10/05/2026 00:00:00";"semi; ""quote""
Zażółć gęślą jaźń";"1943.1030"
"1575";"10/05/2026 00:00:00";"";"1944.3375"
"1576";"10/05/2026 00:00:00";"semi; ""quote""
Zażółć gęślą jaźń";"1945.5720"
"1577";"10/05/2026 00:00:00";"semi; ""quote""
Zażółć gęślą jaźń";"1946.8065"
"1578";"10/05/2026 00:00:00";"semi; ""quote""
Zażółć gęślą jaźń";"1948.0410"
"1579";"10/05/2026 00:00:00";"semi; ""quote""
Zażółć gęślą jaźń";"1949.2755"
"1580";"10/05/2026 00:00:00";"semi; ""quote""
Zażółć gęślą jaźń";"1950.5100"
"1581";"10/05/2026 00:00:00";"semi; ""quote""
Zażółć gęślą jaźń";"1951.7445"
"1582";"10/05/2026 00:00:00";"";"1952.9790"
"1583";"10/05/2026 00:00:00";"semi; ""quote""
Zażółć gęślą jaźń";"1954.2135"
"1584";"10/05/2026 00:00:00";"semi; ""quote""
Zażółć gęślą jaźń";"1955.4480"
"1585";"10/05/2026 00:00:00";"semi; ""quote""
Zażółć gęślą jaźń";"1956.6825"
"1586";"10/05/2026 00:00:00";"semi; ""quote""
Zażółć gęślą jaźń";"1957.9170"
"1587";"10/05/2026 00:00:00";"semi; ""quote""
Zażółć gęślą jaźń";"1959.1515"
"1588";"10/05/2026 00:00:00";"semi; ""quote""
Zażółć gęślą jaźń";"1960.3860"
"1589";"10/05/2026 00:00:00";"";"1961.6205"
"1590";"10/05/2026 00:00:00";"semi; ""quote""
Zażółć gęślą jaźń";"1962.8550"
"1591";"10/05/2026 00:00:00";"semi; ""quote""
Zażółć gęślą jaźń";"1964.0895"
"1592";"10/05/2026 00:00:00";"semi; ""quote""
Zażółć gęślą jaźń";"1965.3240"
"1593";"10/05/2026 00:00:00";"semi; ""quote""
Zażółć gęślą jaźń";"1966.5585"
"1594";"10/05/2026 00:00:00";"semi; ""quote""
Zażółć gęślą jaźń";"1967.7930"
"1595";"10/05/2026 00:00:00";"semi; ""quote""
Zażółć gęślą jaźń";"1969.0275"
"1596";"10/05/2026 00:00:00";"";"1970.2620"
"1597";"10/05/2026 00:00:00";"semi; ""quote""
Zażółć gęślą jaźń";"1971.4965"
"1598";"10/05/2026 00:00:00";"semi; ""quote""
Zażółć gęślą jaźń";"1972.7310"
"1599";"10/05/2026 00:00:00";"semi; ""quote""
Zażółć gęślą jaźń";"1973.9655"
"1600";"10/05/2026 00:00:00";"semi; ""quote""
Zażółć gęślą jaźń";"1975.2000"
"1601";"10/05/2026 00:00:00";"semi; ""quote""
Zażółć gęślą jaźń";"1976.4345"
"1602";"10/05/2026 00:00:00";"semi; ""quote""
Zażółć gęślą jaźń";"1977.6690"
"1603";"10/05/2026 00:00:00";"";"1978.9035"
"1604";"10/05/2026 00:00:00";"semi; ""quote""
Zażółć gęślą jaźń";"1980.1380"
"1605";"10/05/2026 00:00:00";"semi; ""quote""
Zażółć gęślą jaźń";"1981.3725"
"1606";"10/05/2026 00:00:00";"semi; ""quote""
Zażółć gęślą jaźń";"1982.6070"
"1607";"10/05/2026 00:00:00";"semi; ""quote""
Zażółć gęślą jaźń";"1983.8415"
"1608";"10/05/2026 00:00:00";"semi; ""quote""
Zażółć gęślą jaźń";"1985.0760"
"1609";"10/05/2026 00:00:00";"semi; ""quote""
Zażółć gęślą jaźń";"1986.3105"
"1610";"10/05/2026 00:00:00";"";"1987.5450"
"1611";"10/05/2026 00:00:00";"semi; ""quote""
Zażółć gęślą jaźń";"1988.7795"
"1612";"10/05/2026 00:00:00";"semi; ""quote""
Zażółć gęślą jaźń";"1990.0140"
"1613";"10/05/2026 00:00:00";"semi; ""quote""
Zażółć gęślą jaźń";"1991.2485"
"1614";"10/05/2026 00:00:00";"semi; ""quote""
Zażółć gęślą jaźń";"1992.4830"
"1615";"10/05/2026 00:00:00";"semi; ""quote""
Zażółć gęślą jaźń";"1993.7175"
"1616";"10/05/2026 00:00:00";"semi; ""quote""
Zażółć gęślą jaźń";"1994.9520"
"1617";"10/05/2026 00:00:00";"";"1996.1865"
"1618";"10/05/2026 00:00:00";"semi; ""quote""
Zażółć gęślą jaźń";"1997.4210"
"1619";"10/05/2026 00:00:00";"semi; ""quote""
Zażółć gęślą jaźń";"1998.6555"
"1620";"10/05/2026 00:00:00";"semi; ""quote""
Zażółć gęślą jaźń";"1999.8900"
"1621";"10/05/2026 00:00:00";"semi; ""quote""
Zażółć gęślą jaźń";"2001.1245"
"1622";"10/05/2026 00:00:00";"semi; ""quote""
Zażółć gęślą jaźń";"2002.3590"
"1623";"10/05/2026 00:00:00";"semi; ""quote""
Zażółć gęślą jaźń";"2003.5935"
"1624";"10/05/2026 00:00:00";"";"2004.8280"
"1625";"10/05/2026 00:00:00";"semi; ""quote""
Zażółć gęślą jaźń";"2006.0625"
"1626";"10/05/2026 00:00:00";"semi; ""quote""
Zażółć gęślą jaźń";"2007.2970"
"1627";"10/05/2026 00:00:00";"semi; ""quote""
Zażółć gęślą jaźń";"2008.5315"
"1628";"10/05/2026 00:00:00";"semi; ""quote""
Zażółć gęślą jaźń";"2009.7660"
"1629";"10/05/2026 00:00:00";"semi; ""quote""
Zażółć gęślą jaźń";"2011.0005"
"1630";"10/05/2026 00:00:00";"semi; ""quote""
Zażółć gęślą jaźń";"2012.2350"
"1631";"10/05/2026 00:00:00";"";"2013.4695"
"1632";"10/05/2026 00:00:00";"semi; ""quote""
Zażółć gęślą jaźń";"2014.7040"
"1633";"10/05/2026 00:00:00";"semi; ""quote""
Zażółć gęślą jaźń";"2015.9385"
"1634";"10/05/2026 00:00:00";"semi; ""quote""
Zażółć gęślą jaźń";"2017.1730"
"1635";"10/05/2026 00:00:00";"semi; ""quote""
Zażółć gęślą jaźń";"2018.4075"
"1636";"10/05/2026 00:00:00";"semi; ""quote""
Zażółć gęślą jaźń";"2019.6420"
"1637";"10/05/2026 00:00:00";"semi; ""quote""
Zażółć gęślą jaźń";"2020.8765"
"1638";"10/05/2026 00:00:00";"";"2022.1110"
"1639";"10/05/2026 00:00:00";"semi; ""quote""
Zażółć gęślą jaźń";"2023.3455"
"1640";"10/05/2026 00:00:00";"semi; ""quote""
Zażółć gęślą jaźń";"2024.5800"
"1641";"10/05/2026 00:00:00";"semi; ""quote""
Zażółć gęślą jaźń";"2025.8145"
"1642";"10/05/2026 00:00:00";"semi; ""quote""
Zażółć gęślą jaźń";"2027.0490"
"1643";"10/05/2026 00:00:00";"semi; ""quote""
Zażółć gęślą jaźń";"2028.2835"
"1644";"10/05/2026 00:00:00";"semi; ""quote""
Zażółć gęślą jaźń";"2029.5180"
"1645";"10/05/2026 00:00:00";"";"2030.7525"
"1646";"10/05/2026 00:00:00";"semi; ""quote""
Zażółć gęślą jaźń";"2031.9870"
"1647";"10/05/2026 00:00:00";"semi; ""quote""
Zażółć gęślą jaźń";"2033.2215"
"1648";"10/05/2026 00:00:00";"semi; ""quote""
Zażółć gęślą jaźń";"2034.4560"
"1649";"10/05/2026 00:00:00";"semi; ""quote""
Zażółć gęślą jaźń";"2035.6905"
"1650";"10/05/2026 00:00:00";"semi; ""quote""
Zażółć gęślą jaźń";"2036.9250"
"1651";"10/05/2026 00:00:00";"semi; ""quote""
Zażółć gęślą jaźń";"2038.1595"
"1652";"10/05/2026 00:00:00";"";"2039.3940"
"1653";"10/05/2026 00:00:00";"semi; ""quote""
Zażółć gęślą jaźń";"2040.6285"
"1654";"10/05/2026 00:00:00";"semi; ""quote""
Zażółć gęślą jaźń";"2041.8630"
"1655";"10/05/2026 00:00:00";"semi; ""quote""
Zażółć gęślą jaźń";"2043.0975"
"1656";"10/05/2026 00:00:00";"semi; ""quote""
Zażółć gęślą jaźń";"2044.3320"
"1657";"10/05/2026 00:00:00";"semi; ""quote""
Zażółć gęślą jaźń";"2045.5665"
"1658";"10/05/2026 00:00:00";"semi; ""quote""
Zażółć gęślą jaźń";"2046.8010"
"1659";"10/05/2026 00:00:00";"";"2048.0355"
"1660";"10/05/2026 00:00:00";"semi; ""quote""
Zażółć gęślą jaźń";"2049.2700"
"1661";"10/05/2026 00:00:00";"semi; ""quote""
Zażółć gęślą jaźń";"2050.5045"
"1662";"10/05/2026 00:00:00";"semi; ""quote""
Zażółć gęślą jaźń";"2051.7390"
"1663";"10/05/2026 00:00:00";"semi; ""quote""
Zażółć gęślą jaźń";"2052.9735"
"1664";"10/05/2026 00:00:00";"semi; ""quote""
Zażółć gęślą jaźń";"2054.2080"
"1665";"10/05/2026 00:00:00";"semi; ""quote""
Zażółć gęślą jaźń";"2055.4425"
"1666";"10/05/2026 00:00:00";"";"2056.6770"
"1667";"10/05/2026 00:00:00";"semi; ""quote""
Zażółć gęślą jaźń";"2057.9115"
"1668";"10/05/2026 00:00:00";"semi; ""quote""
Zażółć gęślą jaźń";"2059.1460"
"1669";"10/05/2026 00:00:00";"semi; ""quote""
Zażółć gęślą jaźń";"2060.3805"
"1670";"10/05/2026 00:00:00";"semi; ""quote""
Zażółć gęślą jaźń";"2061.6150"
"1671";"10/05/2026 00:00:00";"semi; ""quote""
Zażółć gęślą jaźń";"2062.8495"
"1672";"10/05/2026 00:00:00";"semi; ""quote""
Zażółć gęślą jaźń";"2064.0840"
"1673";"10/05/2026 00:00:00";"";"2065.3185"
"1674";"10/05/2026 00:00:00";"semi; ""quote""
Zażółć gęślą jaźń";"2066.5530"
"1675";"10/05/2026 00:00:00";"semi; ""quote""
Zażółć gęślą jaźń";"2067.7875"
"1676";"10/05/2026 00:00:00";"semi; ""quote""
Zażółć gęślą jaźń";"2069.0220"
"1677";"10/05/2026 00:00:00";"semi; ""quote""
Zażółć gęślą jaźń";"2070.2565"
"1678";"10/05/2026 00:00:00";"semi; ""quote""
Zażółć gęślą jaźń";"2071.4910"
"1679";"10/05/2026 00:00:00";"semi; ""quote""
Zażółć gęślą jaźń";"2072.7255"
"1680";"10/05/2026 00:00:00";"";"2073.9600"
"1681";"10/05/2026 00:00:00";"semi; ""quote""
Zażółć gęślą jaźń";"2075.1945"
"1682";"10/05/2026 00:00:00";"semi; ""quote""
Zażółć gęślą jaźń";"2076.4290"
"1683";"10/05/2026 00:00:00";"semi; ""quote""
Zażółć gęślą jaźń";"2077.6635"
"1684";"10/05/2026 00:00:00";"semi; ""quote""
Zażółć gęślą jaźń";"2078.8980"
"1685";"10/05/2026 00:00:00";"semi; ""quote""
Zażółć gęślą jaźń";"2080.1325"
"1686";"10/05/2026 00:00:00";"semi; ""quote""
Zażółć gęślą jaźń";"2081.3670"
"1687";"10/05/2026 00:00:00";"";"2082.6015"
"1688";"10/05/2026 00:00:00";"semi; ""quote""
Zażółć gęślą jaźń";"2083.8360"
"1689";"10/05/2026 00:00:00";"semi; ""quote""
Zażółć gęślą jaźń";"2085.0705"
"1690";"10/05/2026 00:00:00";"semi; ""quote""
Zażółć gęślą jaźń";"2086.3050"
"1691";"10/05/2026 00:00:00";"semi; ""quote""
Zażółć gęślą jaźń";"2087.5395"
"1692";"10/05/2026 00:00:00";"semi; ""quote""
Zażółć gęślą jaźń";"2088.7740"
"1693";"10/05/2026 00:00:00";"semi; ""quote""
Zażółć gęślą jaźń";"2090.0085"
"1694";"10/05/2026 00:00:00";"";"2091.2430"
"1695";"10/05/2026 00:00:00";"semi; ""quote""
Zażółć gęślą jaźń";"2092.4775"
"1696";"10/05/2026 00:00:00";"semi; ""quote""
Zażółć gęślą jaźń";"2093.7120"
"1697";"10/05/2026 00:00:00";"semi; ""quote""
Zażółć gęślą jaźń";"2094.9465"
"1698";"10/05/2026 00:00:00";"semi; ""quote""
Zażółć gęślą jaźń";"2096.1810"
"1699";"10/05/2026 00:00:00";"semi; ""quote""
Zażółć gęślą jaźń";"2097.4155"
"1700";"10/05/2026 00:00:00";"semi; ""quote""
Zażółć gęślą jaźń";"2098.6500"
"1701";"10/05/2026 00:00:00";"";"2099.8845"
"1702";"10/05/2026 00:00:00";"semi; ""quote""
Zażółć gęślą jaźń";"2101.1190"
"1703";"10/05/2026 00:00:00";"semi; ""quote""
Zażółć gęślą jaźń";"2102.3535"
"1704";"10/05/2026 00:00:00";"semi; ""quote""
Zażółć gęślą jaźń";"2103.5880"
"1705";"10/05/2026 00:00:00";"semi; ""quote""
Zażółć gęślą jaźń";"2104.8225"
"1706";"10/05/2026 00:00:00";"semi; ""quote""
Zażółć gęślą jaźń";"2106.0570"
"1707";"10/05/2026 00:00:00";"semi; ""quote""
Zażółć gęślą jaźń";"2107.2915"
"1708";"10/05/2026 00:00:00";"";"2108.5260"
"1709";"10/05/2026 00:00:00";"semi; ""quote""
Zażółć gęślą jaźń";"2109.7605"
"1710";"10/05/2026 00:00:00";"semi; ""quote""
Zażółć gęślą jaźń";"2110.9950"
"1711";"10/05/2026 00:00:00";"semi; ""quote""
Zażółć gęślą jaźń";"2112.2295"
"1712";"10/05/2026 00:00:00";"semi; ""quote""
Zażółć gęślą jaźń";"2113.4640"
"1713";"10/05/2026 00:00:00";"semi; ""quote""
Zażółć gęślą jaźń";"2114.6985"
"1714";"10/05/2026 00:00:00";"semi; ""quote""
Zażółć gęślą jaźń";"2115.9330"
"1715";"10/05/2026 00:00:00";"";"2117.1675"
"1716";"10/05/2026 00:00:00";"semi; ""quote""
Zażółć gęślą jaźń";"2118.4020"
"1717";"10/05/2026 00:00:00";"semi; ""quote""
Zażółć gęślą jaźń";"2119.6365"
"1718";"10/05/2026 00:00:00";"semi; ""quote""
Zażółć gęślą jaźń";"2120.8710"
"1719";"10/05/2026 00:00:00";"semi; ""quote""
Zażółć gęślą jaźń";"2122.1055"
"1720";"10/05/2026 00:00:00";"semi; ""quote""
Zażółć gęślą jaźń";"2123.3400"
"1721";"10/05/2026 00:00:00";"semi; ""quote""
Zażółć gęślą jaźń";"2124.5745"
"1722";"10/05/2026 00:00:00";"";"2125.8090"
"1723";"10/05/2026 00:00:00";"semi; ""quote""
Zażółć gęślą jaźń";"2127.0435"
"1724";"10/05/2026 00:00:00";"semi; ""quote""
Zażółć gęślą jaźń";"2128.2780"
"1725";"10/05/2026 00:00:00";"semi; ""quote""
Zażółć gęślą jaźń";"2129.5125"
"1726";"10/05/2026 00:00:00";"semi; ""quote""
Zażółć gęślą jaźń";"2130.7470"
"1727";"10/05/2026 00:00:00";"semi; ""quote""
Zażółć gęślą jaźń";"2131.9815"
"1728";"10/05/2026 00:00:00";"semi; ""quote""
Zażółć gęślą jaźń";"2133.2160"
"1729";"10/05/2026 00:00:00";"";"2134.4505"
"1730";"10/05/2026 00:00:00";"semi; ""quote""
Zażółć gęślą jaźń";"2135.6850"
"1731";"10/05/2026 00:00:00";"semi; ""quote""
Zażółć gęślą jaźń";"2136.9195"
"1732";"10/05/2026 00:00:00";"semi; ""quote""
Zażółć gęślą jaźń";"2138.1540"
"1733";"10/05/2026 00:00:00";"semi; ""quote""
Zażółć gęślą jaźń";"2139.3885"
"1734";"10/05/2026 00:00:00";"semi; ""quote""
Zażółć gęślą jaźń";"2140.6230"
"1735";"10/05/2026 00:00:00";"semi; ""quote""
Zażółć gęślą jaźń";"2141.8575"
"1736";"10/05/2026 00:00:00";"";"2143.0920"
"1737";"10/05/2026 00:00:00";"semi; ""quote""
Zażółć gęślą jaźń";"2144.3265"
"1738";"10/05/2026 00:00:00";"semi; ""quote""
Zażółć gęślą jaźń";"2145.5610"
"1739";"10/05/2026 00:00:00";"semi; ""quote""
Zażółć gęślą jaźń";"2146.7955"
"1740";"10/05/2026 00:00:00";"semi; ""quote""
Zażółć gęślą jaźń";"2148.0300"
"1741";"10/05/2026 00:00:00";"semi; ""quote""
Zażółć gęślą jaźń";"2149.2645"
"1742";"10/05/2026 00:00:00";"semi; ""quote""
Zażółć gęślą jaźń";"2150.4990"
"1743";"10/05/2026 00:00:00";"";"2151.7335"
"1744";"10/05/2026 00:00:00";"semi; ""quote""
Zażółć gęślą jaźń";"2152.9680"
"1745";"10/05/2026 00:00:00";"semi; ""quote""
Zażółć gęślą jaźń";"2154.2025"
"1746";"10/05/2026 00:00:00";"semi; ""quote""
Zażółć gęślą jaźń";"2155.4370"
"1747";"10/05/2026 00:00:00";"semi; ""quote""
Zażółć gęślą jaźń";"2156.6715"
"1748";"10/05/2026 00:00:00";"semi; ""quote""
Zażółć gęślą jaźń";"2157.9060"
"1749";"10/05/2026 00:00:00";"semi; ""quote""
Zażółć gęślą jaźń";"2159.1405"
"1750";"10/05/2026 00:00:00";"";"2160.3750"
"1751";"10/05/2026 00:00:00";"semi; ""quote""
Zażółć gęślą jaźń";"2161.6095"
"1752";"10/05/2026 00:00:00";"semi; ""quote""
Zażółć gęślą jaźń";"2162.8440"
"1753";"10/05/2026 00:00:00";"semi; ""quote""
Zażółć gęślą jaźń";"2164.0785"
"1754";"10/05/2026 00:00:00";"semi; ""quote""
Zażółć gęślą jaźń";"2165.3130"
"1755";"10/05/2026 00:00:00";"semi; ""quote""
Zażółć gęślą jaźń";"2166.5475"
"1756";"10/05/2026 00:00:00";"semi; ""quote""
Zażółć gęślą jaźń";"2167.7820"
"1757";"10/05/2026 00:00:00";"";"2169.0165"
"1758";"10/05/2026 00:00:00";"semi; ""quote""
Zażółć gęślą jaźń";"2170.2510"
"1759";"10/05/2026 00:00:00";"semi; ""quote""
Zażółć gęślą jaźń";"2171.4855"
"1760";"10/05/2026 00:00:00";"semi; ""quote""
Zażółć gęślą jaźń";"2172.7200"
"1761";"10/05/2026 00:00:00";"semi; ""quote""
Zażółć gęślą jaźń";"2173.9545"
"1762";"10/05/2026 00:00:00";"semi; ""quote""
Zażółć gęślą jaźń";"2175.1890"
"1763";"10/05/2026 00:00:00";"semi; ""quote""
Zażółć gęślą jaźń";"2176.4235"
"1764";"10/05/2026 00:00:00";"";"2177.6580"
"1765";"10/05/2026 00:00:00";"semi; ""quote""
Zażółć gęślą jaźń";"2178.8925"
"1766";"10/05/2026 00:00:00";"semi; ""quote""
Zażółć gęślą jaźń";"2180.1270"
"1767";"10/05/2026 00:00:00";"semi; ""quote""
Zażółć gęślą jaźń";"2181.3615"
"1768";"10/05/2026 00:00:00";"semi; ""quote""
Zażółć gęślą jaźń";"2182.5960"
"1769";"10/05/2026 00:00:00";"semi; ""quote""
Zażółć gęślą jaźń";"2183.8305"
"1770";"10/05/2026 00:00:00";"semi; ""quote""
Zażółć gęślą jaźń";"2185.0650"
"1771";"10/05/2026 00:00:00";"";"2186.2995"
"1772";"10/05/2026 00:00:00";"semi; ""quote""
Zażółć gęślą jaźń";"2187.5340"
"1773";"10/05/2026 00:00:00";"semi; ""quote""
Zażółć gęślą jaźń";"2188.7685"
"1774";"10/05/2026 00:00:00";"semi; ""quote""
Zażółć gęślą jaźń";"2190.0030"
"1775";"10/05/2026 00:00:00";"semi; ""quote""
Zażółć gęślą jaźń";"2191.2375"
"1776";"10/05/2026 00:00:00";"semi; ""quote""
Zażółć gęślą jaźń";"2192.4720"
"1777";"10/05/2026 00:00:00";"semi; ""quote""
Zażółć gęślą jaźń";"2193.7065"
"1778";"10/05/2026 00:00:00";"";"2194.9410"
"1779";"10/05/2026 00:00:00";"semi; ""quote""
Zażółć gęślą jaźń";"2196.1755"
"1780";"10/05/2026 00:00:00";"semi; ""quote""
Zażółć gęślą jaźń";"2197.4100"
"1781";"10/05/2026 00:00:00";"semi; ""quote""
Zażółć gęślą jaźń";"2198.6445"
"1782";"10/05/2026 00:00:00";"semi; ""quote""
Zażółć gęślą jaźń";"2199.8790"
"1783";"10/05/2026 00:00:00";"semi; ""quote""
Zażółć gęślą jaźń";"2201.1135"
"1784";"10/05/2026 00:00:00";"semi; ""quote""
Zażółć gęślą jaźń";"2202.3480"
"1785";"10/05/2026 00:00:00";"";"2203.5825"
"1786";"10/05/2026 00:00:00";"semi; ""quote""
Zażółć gęślą jaźń";"2204.8170"
"1787";"10/05/2026 00:00:00";"semi; ""quote""
Zażółć gęślą jaźń";"2206.0515"
"1788";"10/05/2026 00:00:00";"semi; ""quote""
Zażółć gęślą jaźń";"2207.2860"
"1789";"10/05/2026 00:00:00";"semi; ""quote""
Zażółć gęślą jaźń";"2208.5205"
"1790";"10/05/2026 00:00:00";"semi; ""quote""
Zażółć gęślą jaźń";"2209.7550"
"1791";"10/05/2026 00:00:00";"semi; ""quote""
Zażółć gęślą jaźń";"2210.9895"
"1792";"10/05/2026 00:00:00";"";"2212.2240"
"1793";"10/05/2026 00:00:00";"semi; ""quote""
Zażółć gęślą jaźń";"2213.4585"
"1794";"10/05/2026 00:00:00";"semi; ""quote""
Zażółć gęślą jaźń";"2214.6930"
"1795";"10/05/2026 00:00:00";"semi; ""quote""
Zażółć gęślą jaźń";"2215.9275"
"1796";"10/05/2026 00:00:00";"semi; ""quote""
Zażółć gęślą jaźń";"2217.1620"
"1797";"10/05/2026 00:00:00";"semi; ""quote""
Zażółć gęślą jaźń";"2218.3965"
"1798";"10/05/2026 00:00:00";"semi; ""quote""
Zażółć gęślą jaźń";"2219.6310"
"1799";"10/05/2026 00:00:00";"";"2220.8655"
"1800";"10/05/2026 00:00:00";"semi; ""quote""
Zażółć gęślą jaźń";"2222.1000"
"1801";"10/05/2026 00:00:00";"semi; ""quote""
Zażółć gęślą jaźń";"2223.3345"
"1802";"10/05/2026 00:00:00";"semi; ""quote""
Zażółć gęślą jaźń";"2224.5690"
"1803";"10/05/2026 00:00:00";"semi; ""quote""
Zażółć gęślą jaźń";"2225.8035"
"1804";"10/05/2026 00:00:00";"semi; ""quote""
Zażółć gęślą jaźń";"2227.0380"
"1805";"10/05/2026 00:00:00";"semi; ""quote""
Zażółć gęślą jaźń";"2228.2725"
"1806";"10/05/2026 00:00:00";"";"2229.5070"
"1807";"10/05/2026 00:00:00";"semi; ""quote""
Zażółć gęślą jaźń";"2230.7415"
"1808";"10/05/2026 00:00:00";"semi; ""quote""
Zażółć gęślą jaźń";"2231.9760"
"1809";"10/05/2026 00:00:00";"semi; ""quote""
Zażółć gęślą jaźń";"2233.2105"
"1810";"10/05/2026 00:00:00";"semi; ""quote""
Zażółć gęślą jaźń";"2234.4450"
"1811";"10/05/2026 00:00:00";"semi; ""quote""
Zażółć gęślą jaźń";"2235.6795"
"1812";"10/05/2026 00:00:00";"semi; ""quote""
Zażółć gęślą jaźń";"2236.9140"
"1813";"10/05/2026 00:00:00";"";"2238.1485"
"1814";"10/05/2026 00:00:00";"semi; ""quote""
Zażółć gęślą jaźń";"2239.3830"
"1815";"10/05/2026 00:00:00";"semi; ""quote""
Zażółć gęślą jaźń";"2240.6175"
"1816";"10/05/2026 00:00:00";"semi; ""quote""
Zażółć gęślą jaźń";"2241.8520"
"1817";"10/05/2026 00:00:00";"semi; ""quote""
Zażółć gęślą jaźń";"2243.0865"
"1818";"10/05/2026 00:00:00";"semi; ""quote""
Zażółć gęślą jaźń";"2244.3210"
"1819";"10/05/2026 00:00:00";"semi; ""quote""
Zażółć gęślą jaźń";"2245.5555"
"1820";"10/05/2026 00:00:00";"";"2246.7900"
"1821";"10/05/2026 00:00:00";"semi; ""quote""
Zażółć gęślą jaźń";"2248.0245"
"1822";"10/05/2026 00:00:00";"semi; ""quote""
Zażółć gęślą jaźń";"2249.2590"
"1823";"10/05/2026 00:00:00";"semi; ""quote""
Zażółć gęślą jaźń";"2250.4935"
"1824";"10/05/2026 00:00:00";"semi; ""quote""
Zażółć gęślą jaźń";"2251.7280"
"1825";"10/05/2026 00:00:00";"semi; ""quote""
Zażółć gęślą jaźń";"2252.9625"
"1826";"10/05/2026 00:00:00";"semi; ""quote""
Zażółć gęślą jaźń";"2254.1970"
"1827";"10/05/2026 00:00:00";"";"2255.4315"
"1828";"10/05/2026 00:00:00";"semi; ""quote""
Zażółć gęślą jaźń";"2256.6660"
"1829";"10/05/2026 00:00:00";"semi; ""quote""
Zażółć gęślą jaźń";"2257.9005"
"1830";"10/05/2026 00:00:00";"semi; ""quote""
Zażółć gęślą jaźń";"2259.1350"
"1831";"10/05/2026 00:00:00";"semi; ""quote""
Zażółć gęślą jaźń";"2260.3695"
"1832";"10/05/2026 00:00:00";"semi; ""quote""
Zażółć gęślą jaźń";"2261.6040"
"1833";"10/05/2026 00:00:00";"semi; ""quote""
Zażółć gęślą jaźń";"2262.8385"
"1834";"10/05/2026 00:00:00";"";"2264.0730"
"1835";"10/05/2026 00:00:00";"semi; ""quote""
Zażółć gęślą jaźń";"2265.3075"
"1836";"10/05/2026 00:00:00";"semi; ""quote""
Zażółć gęślą jaźń";"2266.5420"
"1837";"10/05/2026 00:00:00";"semi; ""quote""
Zażółć gęślą jaźń";"2267.7765"
"1838";"10/05/2026 00:00:00";"semi; ""quote""
Zażółć gęślą jaźń";"2269.0110"
"1839";"10/05/2026 00:00:00";"semi; ""quote""
Zażółć gęślą jaźń";"2270.2455"
"1840";"10/05/2026 00:00:00";"semi; ""quote""
Zażółć gęślą jaźń";"2271.4800"
"1841";"10/05/2026 00:00:00";"";"2272.7145"
"1842";"10/05/2026 00:00:00";"semi; ""quote""
Zażółć gęślą jaźń";"2273.9490"
"1843";"10/05/2026 00:00:00";"semi; ""quote""
Zażółć gęślą jaźń";"2275.1835"
"1844";"10/05/2026 00:00:00";"semi; ""quote""
Zażółć gęślą jaźń";"2276.4180"
"1845";"10/05/2026 00:00:00";"semi; ""quote""
Zażółć gęślą jaźń";"2277.6525"
"1846";"10/05/2026 00:00:00";"semi; ""quote""
Zażółć gęślą jaźń";"2278.8870"
"1847";"10/05/2026 00:00:00";"semi; ""quote""
Zażółć gęślą jaźń";"2280.1215"
"1848";"10/05/2026 00:00:00";"";"2281.3560"
"1849";"10/05/2026 00:00:00";"semi; ""quote""
Zażółć gęślą jaźń";"2282.5905"
"1850";"10/05/2026 00:00:00";"semi; ""quote""
Zażółć gęślą jaźń";"2283.8250"
"1851";"10/05/2026 00:00:00";"semi; ""quote""
Zażółć gęślą jaźń";"2285.0595"
"1852";"10/05/2026 00:00:00";"semi; ""quote""
Zażółć gęślą jaźń";"2286.2940"
"1853";"10/05/2026 00:00:00";"semi; ""quote""
Zażółć gęślą jaźń";"2287.5285"
"1854";"10/05/2026 00:00:00";"semi; ""quote""
Zażółć gęślą jaźń";"2288.7630"
"1855";"10/05/2026 00:00:00";"";"2289.9975"
"1856";"10/05/2026 00:00:00";"semi; ""quote""
Zażółć gęślą jaźń";"2291.2320"
"1857";"10/05/2026 00:00:00";"semi; ""quote""
Zażółć gęślą jaźń";"2292.4665"
"1858";"10/05/2026 00:00:00";"semi; ""quote""
Zażółć gęślą jaźń";"2293.7010"
"1859";"10/05/2026 00:00:00";"semi; ""quote""
Zażółć gęślą jaźń";"2294.9355"
"1860";"10/05/2026 00:00:00";"semi; ""quote""
Zażółć gęślą jaźń";"2296.1700"
"1861";"10/05/2026 00:00:00";"semi; ""quote""
Zażółć gęślą jaźń";"2297.4045"
"1862";"10/05/2026 00:00:00";"";"2298.6390"
"1863";"10/05/2026 00:00:00";"semi; ""quote""
Zażółć gęślą jaźń";"2299.8735"
"1864";"10/05/2026 00:00:00";"semi; ""quote""
Zażółć gęślą jaźń";"2301.1080"
"1865";"10/05/2026 00:00:00";"semi; ""quote""
Zażółć gęślą jaźń";"2302.3425"
"1866";"10/05/2026 00:00:00";"semi; ""quote""
Zażółć gęślą jaźń";"2303.5770"
"1867";"10/05/2026 00:00:00";"semi; ""quote""
Zażółć gęślą jaźń";"2304.8115"
"1868";"10/05/2026 00:00:00";"semi; ""quote""
Zażółć gęślą jaźń";"2306.0460"
"1869";"10/05/2026 00:00:00";"";"2307.2805"
"1870";"10/05/2026 00:00:00";"semi; ""quote""
Zażółć gęślą jaźń";"2308.5150"
"1871";"10/05/2026 00:00:00";"semi; ""quote""
Zażółć gęślą jaźń";"2309.7495"
"1872";"10/05/2026 00:00:00";"semi; ""quote""
Zażółć gęślą jaźń";"2310.9840"
"1873";"10/05/2026 00:00:00";"semi; ""quote""
Zażółć gęślą jaźń";"2312.2185"
"1874";"10/05/2026 00:00:00";"semi; ""quote""
Zażółć gęślą jaźń";"2313.4530"
"1875";"10/05/2026 00:00:00";"semi; ""quote""
Zażółć gęślą jaźń";"2314.6875"
"1876";"10/05/2026 00:00:00";"";"2315.9220"
"1877";"10/05/2026 00:00:00";"semi; ""quote""
Zażółć gęślą jaźń";"2317.1565"
"1878";"10/05/2026 00:00:00";"semi; ""quote""
Zażółć gęślą jaźń";"2318.3910"
"1879";"10/05/2026 00:00:00";"semi; ""quote""
Zażółć gęślą jaźń";"2319.6255"
"1880";"10/05/2026 00:00:00";"semi; ""quote""
Zażółć gęślą jaźń";"2320.8600"
"1881";"10/05/2026 00:00:00";"semi; ""quote""
Zażółć gęślą jaźń";"2322.0945"
"1882";"10/05/2026 00:00:00";"semi; ""quote""
Zażółć gęślą jaźń";"2323.3290"
"1883";"10/05/2026 00:00:00";"";"2324.5635"
"1884";"10/05/2026 00:00:00";"semi; ""quote""
Zażółć gęślą jaźń";"2325.7980"
"1885";"10/05/2026 00:00:00";"semi; ""quote""
Zażółć gęślą jaźń";"2327.0325"
"1886";"10/05/2026 00:00:00";"semi; ""quote""
Zażółć gęślą jaźń";"2328.2670"
"1887";"10/05/2026 00:00:00";"semi; ""quote""
Zażółć gęślą jaźń";"2329.5015"
"1888";"10/05/2026 00:00:00";"semi; ""quote""
Zażółć gęślą jaźń";"2330.7360"
"1889";"10/05/2026 00:00:00";"semi; ""quote""
Zażółć gęślą jaźń";"2331.9705"
"1890";"10/05/2026 00:00:00";"";"2333.2050"
"1891";"10/05/2026 00:00:00";"semi; ""quote""
Zażółć gęślą jaźń";"2334.4395"
"1892";"10/05/2026 00:00:00";"semi; ""quote""
Zażółć gęślą jaźń";"2335.6740"
"1893";"10/05/2026 00:00:00";"semi; ""quote""
Zażółć gęślą jaźń";"2336.9085"
"1894";"10/05/2026 00:00:00";"semi; ""quote""
Zażółć gęślą jaźń";"2338.1430"
"1895";"10/05/2026 00:00:00";"semi; ""quote""
Zażółć gęślą jaźń";"2339.3775"
"1896";"10/05/2026 00:00:00";"semi; ""quote""
Zażółć gęślą jaźń";"2340.6120"
"1897";"10/05/2026 00:00:00";"";"2341.8465"
"1898";"10/05/2026 00:00:00";"semi; ""quote""
Zażółć gęślą jaźń";"2343.0810"
"1899";"10/05/2026 00:00:00";"semi; ""quote""
Zażółć gęślą jaźń";"2344.3155"
"1900";"10/05/2026 00:00:00";"semi; ""quote""
Zażółć gęślą jaźń";"2345.5500"
"1901";"10/05/2026 00:00:00";"semi; ""quote""
Zażółć gęślą jaźń";"2346.7845"
"1902";"10/05/2026 00:00:00";"semi; ""quote""
Zażółć gęślą jaźń";"2348.0190"
"1903";"10/05/2026 00:00:00";"semi; ""quote""
Zażółć gęślą jaźń";"2349.2535"
"1904";"10/05/2026 00:00:00";"";"2350.4880"
"1905";"10/05/2026 00:00:00";"semi; ""quote""
Zażółć gęślą jaźń";"2351.7225"
"1906";"10/05/2026 00:00:00";"semi; ""quote""
Zażółć gęślą jaźń";"2352.9570"
"1907";"10/05/2026 00:00:00";"semi; ""quote""
Zażółć gęślą jaźń";"2354.1915"
"1908";"10/05/2026 00:00:00";"semi; ""quote""
Zażółć gęślą jaźń";"2355.4260"
"1909";"10/05/2026 00:00:00";"semi; ""quote""
Zażółć gęślą jaźń";"2356.6605"
"1910";"10/05/2026 00:00:00";"semi; ""quote""
Zażółć gęślą jaźń";"2357.8950"
"1911";"10/05/2026 00:00:00";"";"2359.1295"
"1912";"10/05/2026 00:00:00";"semi; ""quote""
Zażółć gęślą jaźń";"2360.3640"
"1913";"10/05/2026 00:00:00";"semi; ""quote""
Zażółć gęślą jaźń";"2361.5985"
"1914";"10/05/2026 00:00:00";"semi; ""quote""
Zażółć gęślą jaźń";"2362.8330"
"1915";"10/05/2026 00:00:00";"semi; ""quote""
Zażółć gęślą jaźń";"2364.0675"
"1916";"10/05/2026 00:00:00";"semi; ""quote""
Zażółć gęślą jaźń";"2365.3020"
"1917";"10/05/2026 00:00:00";"semi; ""quote""
Zażółć gęślą jaźń";"2366.5365"
"1918";"10/05/2026 00:00:00";"";"2367.7710"
"1919";"10/05/2026 00:00:00";"semi; ""quote""
Zażółć gęślą jaźń";"2369.0055"
"1920";"10/05/2026 00:00:00";"semi; ""quote""
Zażółć gęślą jaźń";"2370.2400"
"1921";"10/05/2026 00:00:00";"semi; ""quote""
Zażółć gęślą jaźń";"2371.4745"
"1922";"10/05/2026 00:00:00";"semi; ""quote""
Zażółć gęślą jaźń";"2372.7090"
"1923";"10/05/2026 00:00:00";"semi; ""quote""
Zażółć gęślą jaźń";"2373.9435"
"1924";"10/05/2026 00:00:00";"semi; ""quote""
Zażółć gęślą jaźń";"2375.1780"
"1925";"10/05/2026 00:00:00";"";"2376.4125"
"1926";"10/05/2026 00:00:00";"semi; ""quote""
Zażółć gęślą jaźń";"2377.6470"
"1927";"10/05/2026 00:00:00";"semi; ""quote""
Zażółć gęślą jaźń";"2378.8815"
"1928";"10/05/2026 00:00:00";"semi; ""quote""
Zażółć gęślą jaźń";"2380.1160"
"1929";"10/05/2026 00:00:00";"semi; ""quote""
Zażółć gęślą jaźń";"2381.3505"
"1930";"10/05/2026 00:00:00";"semi; ""quote""
Zażółć gęślą jaźń";"2382.5850"
"1931";"10/05/2026 00:00:00";"semi; ""quote""
Zażółć gęślą jaźń";"2383.8195"
"1932";"10/05/2026 00:00:00";"";"2385.0540"
"1933";"10/05/2026 00:00:00";"semi; ""quote""
Zażółć gęślą jaźń";"2386.2885"
"1934";"10/05/2026 00:00:00";"semi; ""quote""
Zażółć gęślą jaźń";"2387.5230"
"1935";"10/05/2026 00:00:00";"semi; ""quote""
Zażółć gęślą jaźń";"2388.7575"
"1936";"10/05/2026 00:00:00";"semi; ""quote""
Zażółć gęślą jaźń";"2389.9920"
"1937";"10/05/2026 00:00:00";"semi; ""quote""
Zażółć gęślą jaźń";"2391.2265"
"1938";"10/05/2026 00:00:00";"semi; ""quote""
Zażółć gęślą jaźń";"2392.4610"
"1939";"10/05/2026 00:00:00";"";"2393.6955"
"1940";"10/05/2026 00:00:00";"semi; ""quote""
Zażółć gęślą jaźń";"2394.9300"
"1941";"10/05/2026 00:00:00";"semi; ""quote""
Zażółć gęślą jaźń";"2396.1645"
"1942";"10/05/2026 00:00:00";"semi; ""quote""
Zażółć gęślą jaźń";"2397.3990"
"1943";"10/05/2026 00:00:00";"semi; ""quote""
Zażółć gęślą jaźń";"2398.6335"
"1944";"10/05/2026 00:00:00";"semi; ""quote""
Zażółć gęślą jaźń";"2399.8680"
"1945";"10/05/2026 00:00:00";"semi; ""quote""
Zażółć gęślą jaźń";"2401.1025"
"1946";"10/05/2026 00:00:00";"";"2402.3370"
"1947";"10/05/2026 00:00:00";"semi; ""quote""
Zażółć gęślą jaźń";"2403.5715"
"1948";"10/05/2026 00:00:00";"semi; ""quote""
Zażółć gęślą jaźń";"2404.8060"
"1949";"10/05/2026 00:00:00";"semi; ""quote""
Zażółć gęślą jaźń";"2406.0405"
"1950";"10/05/2026 00:00:00";"semi; ""quote""
Zażółć gęślą jaźń";"2407.2750"
"1951";"10/05/2026 00:00:00";"semi; ""quote""
Zażółć gęślą jaźń";"2408.5095"
"1952";"10/05/2026 00:00:00";"semi; ""quote""
Zażółć gęślą jaźń";"2409.7440"
"1953";"10/05/2026 00:00:00";"";"2410.9785"
"1954";"10/05/2026 00:00:00";"semi; ""quote""
Zażółć gęślą jaźń";"2412.2130"
"1955";"10/05/2026 00:00:00";"semi; ""quote""
Zażółć gęślą jaźń";"2413.4475"
"1956";"10/05/2026 00:00:00";"semi; ""quote""
Zażółć gęślą jaźń";"2414.6820"
"1957";"10/05/2026 00:00:00";"semi; ""quote""
Zażółć gęślą jaźń";"2415.9165"
"1958";"10/05/2026 00:00:00";"semi; ""quote""
Zażółć gęślą jaźń";"2417.1510"
"1959";"10/05/2026 00:00:00";"semi; ""quote""
Zażółć gęślą jaźń";"2418.3855"
"1960";"10/05/2026 00:00:00";"";"2419.6200"
"1961";"10/05/2026 00:00:00";"semi; ""quote""
Zażółć gęślą jaźń";"2420.8545"
"1962";"10/05/2026 00:00:00";"semi; ""quote""
Zażółć gęślą jaźń";"2422.0890"
"1963";"10/05/2026 00:00:00";"semi; ""quote""
Zażółć gęślą jaźń";"2423.3235"
"1964";"10/05/2026 00:00:00";"semi; ""quote""
Zażółć gęślą jaźń";"2424.5580"
"1965";"10/05/2026 00:00:00";"semi; ""quote""
Zażółć gęślą jaźń";"2425.7925"
"1966";"10/05/2026 00:00:00";"semi; ""quote""
Zażółć gęślą jaźń";"2427.0270"
"1967";"10/05/2026 00:00:00";"";"2428.2615"
"1968";"10/05/2026 00:00:00";"semi; ""quote""
Zażółć gęślą jaźń";"2429.4960"
"1969";"10/05/2026 00:00:00";"semi; ""quote""
Zażółć gęślą jaźń";"2430.7305"
"1970";"10/05/2026 00:00:00";"semi; ""quote""
Zażółć gęślą jaźń";"2431.9650"
"1971";"10/05/2026 00:00:00";"semi; ""quote""
Zażółć gęślą jaźń";"2433.1995"
"1972";"10/05/2026 00:00:00";"semi; ""quote""
Zażółć gęślą jaźń";"2434.4340"
"1973";"10/05/2026 00:00:00";"semi; ""quote""
Zażółć gęślą jaźń";"2435.6685"
"1974";"10/05/2026 00:00:00";"";"2436.9030"
"1975";"10/05/2026 00:00:00";"semi; ""quote""
Zażółć gęślą jaźń";"2438.1375"
"1976";"10/05/2026 00:00:00";"semi; ""quote""
Zażółć gęślą jaźń";"2439.3720"
"1977";"10/05/2026 00:00:00";"semi; ""quote""
Zażółć gęślą jaźń";"2440.6065"
"1978";"10/05/2026 00:00:00";"semi; ""quote""
Zażółć gęślą jaźń";"2441.8410"
"1979";"10/05/2026 00:00:00";"semi; ""quote""
Zażółć gęślą jaźń";"2443.0755"
"1980";"10/05/2026 00:00:00";"semi; ""quote""
Zażółć gęślą jaźń";"2444.3100"
"1981";"10/05/2026 00:00:00";"";"2445.5445"
"1982";"10/05/2026 00:00:00";"semi; ""quote""
Zażółć gęślą jaźń";"2446.7790"
"1983";"10/05/2026 00:00:00";"semi; ""quote""
Zażółć gęślą jaźń";"2448.0135"
"1984";"10/05/2026 00:00:00";"semi; ""quote""
Zażółć gęślą jaźń";"2449.2480"
"1985";"10/05/2026 00:00:00";"semi; ""quote""
Zażółć gęślą jaźń";"2450.4825"
"1986";"10/05/2026 00:00:00";"semi; ""quote""
Zażółć gęślą jaźń";"2451.7170"
"1987";"10/05/2026 00:00:00";"semi; ""quote""
Zażółć gęślą jaźń";"2452.9515"
"1988";"10/05/2026 00:00:00";"";"2454.1860"
"1989";"10/05/2026 00:00:00";"semi; ""quote""
Zażółć gęślą jaźń";"2455.4205"
"1990";"10/05/2026 00:00:00";"semi; ""quote""
Zażółć gęślą jaźń";"2456.6550"
"1991";"10/05/2026 00:00:00";"semi; ""quote""
Zażółć gęślą jaźń";"2457.8895"
"1992";"10/05/2026 00:00:00";"semi; ""quote""
Zażółć gęślą jaźń";"2459.1240"
"1993";"10/05/2026 00:00:00";"semi; ""quote""
Zażółć gęślą jaźń";"2460.3585"
"1994";"10/05/2026 00:00:00";"semi; ""quote""
Zażółć gęślą jaźń";"2461.5930"
"1995";"10/05/2026 00:00:00";"";"2462.8275"
"1996";"10/05/2026 00:00:00";"semi; ""quote""
Zażółć gęślą jaźń";"2464.0620"
"1997";"10/05/2026 00:00:00";"semi; ""quote""
Zażółć gęślą jaźń";"2465.2965"
"1998";"10/05/2026 00:00:00";"semi; ""quote""
Zażółć gęślą jaźń";"2466.5310"
"1999";"10/05/2026 00:00:00";"semi; ""quote""
Zażółć gęślą jaźń";"2467.7655"
"2000";"10/05/2026 00:00:00";"semi; ""quote""
Zażółć gęślą jaźń";"2469.0000"
"2001";"10/05/2026 00:00:00";"semi; ""quote""
Zażółć gęślą jaźń";"2470.2345"
"2002";"10/05/2026 00:00:00";"";"2471.4690"
"2003";"10/05/2026 00:00:00";"semi; ""quote""
Zażółć gęślą jaźń";"2472.7035"
"2004";"10/05/2026 00:00:00";"semi; ""quote""
Zażółć gęślą jaźń";"2473.9380"
"2005";"10/05/2026 00:00:00";"semi; ""quote""
Zażółć gęślą jaźń";"2475.1725"
"2006";"10/05/2026 00:00:00";"semi; ""quote""
Zażółć gęślą jaźń";"2476.4070"
"2007";"10/05/2026 00:00:00";"semi; ""quote""
Zażółć gęślą jaźń";"2477.6415"
"2008";"10/05/2026 00:00:00";"semi; ""quote""
Zażółć gęślą jaźń";"2478.8760"
"2009";"10/05/2026 00:00:00";"";"2480.1105"
"2010";"10/05/2026 00:00:00";"semi; ""quote""
Zażółć gęślą jaźń";"2481.3450"
"2011";"10/05/2026 00:00:00";"semi; ""quote""
Zażółć gęślą jaźń";"2482.5795"
"2012";"10/05/2026 00:00:00";"semi; ""quote""
Zażółć gęślą jaźń";"2483.8140"
"2013";"10/05/2026 00:00:00";"semi; ""quote""
Zażółć gęślą jaźń";"2485.0485"
"2014";"10/05/2026 00:00:00";"semi; ""quote""
Zażółć gęślą jaźń";"2486.2830"
"2015";"10/05/2026 00:00:00";"semi; ""quote""
Zażółć gęślą jaźń";"2487.5175"
"2016";"10/05/2026 00:00:00";"";"2488.7520"
"2017";"10/05/2026 00:00:00";"semi; ""quote""
Zażółć gęślą jaźń";"2489.9865"
"2018";"10/05/2026 00:00:00";"semi; ""quote""
Zażółć gęślą jaźń";"2491.2210"
"2019";"10/05/2026 00:00:00";"semi; ""quote""
Zażółć gęślą jaźń";"2492.4555"
"2020";"10/05/2026 00:00:00";"semi; ""quote""
Zażółć gęślą jaźń";"2493.6900"
"2021";"10/05/2026 00:00:00";"semi; ""quote""
Zażółć gęślą jaźń";"2494.9245"
"2022";"10/05/2026 00:00:00";"semi; ""quote""
Zażółć gęślą jaźń";"2496.1590"
"2023";"10/05/2026 00:00:00";"";"2497.3935"
"2024";"10/05/2026 00:00:00";"semi; ""quote""
Zażółć gęślą jaźń";"2498.6280"
"2025";"10/05/2026 00:00:00";"semi; ""quote""
Zażółć gęślą jaźń";"2499.8625"
"2026";"10/05/2026 00:00:00";"semi; ""quote""
Zażółć gęślą jaźń";"2501.0970"
"2027";"10/05/2026 00:00:00";"semi; ""quote""
Zażółć gęślą jaźń";"2502.3315"
"2028";"10/05/2026 00:00:00";"semi; ""quote""
Zażółć gęślą jaźń";"2503.5660"
"2029";"10/05/2026 00:00:00";"semi; ""quote""
Zażółć gęślą jaźń";"2504.8005"
"2030";"10/05/2026 00:00:00";"";"2506.0350"
"2031";"10/05/2026 00:00:00";"semi; ""quote""
Zażółć gęślą jaźń";"2507.2695"
"2032";"10/05/2026 00:00:00";"semi; ""quote""
Zażółć gęślą jaźń";"2508.5040"
"2033";"10/05/2026 00:00:00";"semi; ""quote""
Zażółć gęślą jaźń";"2509.7385"
"2034";"10/05/2026 00:00:00";"semi; ""quote""
Zażółć gęślą jaźń";"2510.9730"
"2035";"10/05/2026 00:00:00";"semi; ""quote""
Zażółć gęślą jaźń";"2512.2075"
"2036";"10/05/2026 00:00:00";"semi; ""quote""
Zażółć gęślą jaźń";"2513.4420"
"2037";"10/05/2026 00:00:00";"";"2514.6765"
"2038";"10/05/2026 00:00:00";"semi; ""quote""
Zażółć gęślą jaźń";"2515.9110"
"2039";"10/05/2026 00:00:00";"semi; ""quote""
Zażółć gęślą jaźń";"2517.1455"
"2040";"10/05/2026 00:00:00";"semi; ""quote""
Zażółć gęślą jaźń";"2518.3800"
"2041";"10/05/2026 00:00:00";"semi; ""quote""
Zażółć gęślą jaźń";"2519.6145"
"2042";"10/05/2026 00:00:00";"semi; ""quote""
Zażółć gęślą jaźń";"2520.8490"
"2043";"10/05/2026 00:00:00";"semi; ""quote""
Zażółć gęślą jaźń";"2522.0835"
"2044";"10/05/2026 00:00:00";"";"2523.3180"
"2045";"10/05/2026 00:00:00";"semi; ""quote""
Zażółć gęślą jaźń";"2524.5525"
"2046";"10/05/2026 00:00:00";"semi; ""quote""
Zażółć gęślą jaźń";"2525.7870"
"2047";"10/05/2026 00:00:00";"semi; ""quote""
Zażółć gęślą jaźń";"2527.0215"
"2048";"10/05/2026 00:00:00";"semi; ""quote""
Zażółć gęślą jaźń";"2528.2560"
"2049";"10/05/2026 00:00:00";"semi; ""quote""
Zażółć gęślą jaźń";"2529.4905"
"2050";"10/05/2026 00:00:00";"semi; ""quote""
Zażółć gęślą jaźń";"2530.7250"
"2051";"10/05/2026 00:00:00";"";"2531.9595"
"2052";"10/05/2026 00:00:00";"semi; ""quote""
Zażółć gęślą jaźń";"2533.1940"
"2053";"10/05/2026 00:00:00";"semi; ""quote""
Zażółć gęślą jaźń";"2534.4285"
"2054";"10/05/2026 00:00:00";"semi; ""quote""
Zażółć gęślą jaźń";"2535.6630"
"2055";"10/05/2026 00:00:00";"semi; ""quote""
Zażółć gęślą jaźń";"2536.8975"
"2056";"10/05/2026 00:00:00";"semi; ""quote""
Zażółć gęślą jaźń";"2538.1320"
"2057";"10/05/2026 00:00:00";"semi; ""quote""
Zażółć gęślą jaźń";"2539.3665"
"2058";"10/05/2026 00:00:00";"";"2540.6010"
"2059";"10/05/2026 00:00:00";"semi; ""quote""
Zażółć gęślą jaźń";"2541.8355"
"2060";"10/05/2026 00:00:00";"semi; ""quote""
Zażółć gęślą jaźń";"2543.0700"
"2061";"10/05/2026 00:00:00";"semi; ""quote""
Zażółć gęślą jaźń";"2544.3045"
"2062";"10/05/2026 00:00:00";"semi; ""quote""
Zażółć gęślą jaźń";"2545.5390"
"2063";"10/05/2026 00:00:00";"semi; ""quote""
Zażółć gęślą jaźń";"2546.7735"
"2064";"10/05/2026 00:00:00";"semi; ""quote""
Zażółć gęślą jaźń";"2548.0080"
"2065";"10/05/2026 00:00:00";"";"2549.2425"
"2066";"10/05/2026 00:00:00";"semi; ""quote""
Zażółć gęślą jaźń";"2550.4770"
"2067";"10/05/2026 00:00:00";"semi; ""quote""
Zażółć gęślą jaźń";"2551.7115"
"2068";"10/05/2026 00:00:00";"semi; ""quote""
Zażółć gęślą jaźń";"2552.9460"
"2069";"10/05/2026 00:00:00";"semi; ""quote""
Zażółć gęślą jaźń";"2554.1805"
"2070";"10/05/2026 00:00:00";"semi; ""quote""
Zażółć gęślą jaźń";"2555.4150"
"2071";"10/05/2026 00:00:00";"semi; ""quote""
Zażółć gęślą jaźń";"2556.6495"
"2072";"10/05/2026 00:00:00";"";"2557.8840"
"2073";"10/05/2026 00:00:00";"semi; ""quote""
Zażółć gęślą jaźń";"2559.1185"
"2074";"10/05/2026 00:00:00";"semi; ""quote""
Zażółć gęślą jaźń";"2560.3530"
"2075";"10/05/2026 00:00:00";"semi; ""quote""
Zażółć gęślą jaźń";"2561.5875"
"2076";"10/05/2026 00:00:00";"semi; ""quote""
Zażółć gęślą jaźń";"2562.8220"
"2077";"10/05/2026 00:00:00";"semi; ""quote""
Zażółć gęślą jaźń";"2564.0565"
"2078";"10/05/2026 00:00:00";"semi; ""quote""
Zażółć gęślą jaźń";"2565.2910"
"2079";"10/05/2026 00:00:00";"";"2566.5255"
"2080";"10/05/2026 00:00:00";"semi; ""quote""
Zażółć gęślą jaźń";"2567.7600"
"2081";"10/05/2026 00:00:00";"semi; ""quote""
Zażółć gęślą jaźń";"2568.9945"
"2082";"10/05/2026 00:00:00";"semi; ""quote""
Zażółć gęślą jaźń";"2570.2290"
"2083";"10/05/2026 00:00:00";"semi; ""quote""
Zażółć gęślą jaźń";"2571.4635"
"2084";"10/05/2026 00:00:00";"semi; ""quote""
Zażółć gęślą jaźń";"2572.6980"
"2085";"10/05/2026 00:00:00";"semi; ""quote""
Zażółć gęślą jaźń";"2573.9325"
"2086";"10/05/2026 00:00:00";"";"2575.1670"
"2087";"10/05/2026 00:00:00";"semi; ""quote""
Zażółć gęślą jaźń";"2576.4015"
"2088";"10/05/2026 00:00:00";"semi; ""quote""
Zażółć gęślą jaźń";"2577.6360"
"2089";"10/05/2026 00:00:00";"semi; ""quote""
Zażółć gęślą jaźń";"2578.8705"
"2090";"10/05/2026 00:00:00";"semi; ""quote""
Zażółć gęślą jaźń";"2580.1050"
"2091";"10/05/2026 00:00:00";"semi; ""quote""
Zażółć gęślą jaźń";"2581.3395"
"2092";"10/05/2026 00:00:00";"semi; ""quote""
Zażółć gęślą jaźń";"2582.5740"
"2093";"10/05/2026 00:00:00";"";"2583.8085"
"2094";"10/05/2026 00:00:00";"semi; ""quote""
Zażółć gęślą jaźń";"2585.0430"
"2095";"10/05/2026 00:00:00";"semi; ""quote""
Zażółć gęślą jaźń";"2586.2775"
"2096";"10/05/2026 00:00:00";"semi; ""quote""
Zażółć gęślą jaźń";"2587.5120"
"2097";"10/05/2026 00:00:00";"semi; ""quote""
Zażółć gęślą jaźń";"2588.7465"
"2098";"10/05/2026 00:00:00";"semi; ""quote""
Zażółć gęślą jaźń";"2589.9810"
"2099";"10/05/2026 00:00:00";"semi; ""quote""
Zażółć gęślą jaźń";"2591.2155"
"2100";"10/05/2026 00:00:00";"";"2592.4500"
"2101";"10/05/2026 00:00:00";"semi; ""quote""
Zażółć gęślą jaźń";"2593.6845"
"2102";"10/05/2026 00:00:00";"semi; ""quote""
Zażółć gęślą jaźń";"2594.9190"
"2103";"10/05/2026 00:00:00";"semi; ""quote""
Zażółć gęślą jaźń";"2596.1535"
"2104";"10/05/2026 00:00:00";"semi; ""quote""
Zażółć gęślą jaźń";"2597.3880"
"2105";"10/05/2026 00:00:00";"semi; ""quote""
Zażółć gęślą jaźń";"2598.6225"
"2106";"10/05/2026 00:00:00";"semi; ""quote""
Zażółć gęślą jaźń";"2599.8570"
"2107";"10/05/2026 00:00:00";"";"2601.0915"
"2108";"10/05/2026 00:00:00";"semi; ""quote""
Zażółć gęślą jaźń";"2602.3260"
"2109";"10/05/2026 00:00:00";"semi; ""quote""
Zażółć gęślą jaźń";"2603.5605"
"2110";"10/05/2026 00:00:00";"semi; ""quote""
Zażółć gęślą jaźń";"2604.7950"
"2111";"10/05/2026 00:00:00";"semi; ""quote""
Zażółć gęślą jaźń";"2606.0295"
"2112";"10/05/2026 00:00:00";"semi; ""quote""
Zażółć gęślą jaźń";"2607.2640"
"2113";"10/05/2026 00:00:00";"semi; ""quote""
Zażółć gęślą jaźń";"2608.4985"
"2114";"10/05/2026 00:00:00";"";"2609.7330"
"2115";"10/05/2026 00:00:00";"semi; ""quote""
Zażółć gęślą jaźń";"2610.9675"
"2116";"10/05/2026 00:00:00";"semi; ""quote""
Zażółć gęślą jaźń";"2612.2020"
"2117";"10/05/2026 00:00:00";"semi; ""quote""
Zażółć gęślą jaźń";"2613.4365"
"2118";"10/05/2026 00:00:00";"semi; ""quote""
Zażółć gęślą jaźń";"2614.6710"
"2119";"10/05/2026 00:00:00";"semi; ""quote""
Zażółć gęślą jaźń";"2615.9055"
"2120";"10/05/2026 00:00:00";"semi; ""quote""
Zażółć gęślą jaźń";"2617.1400"
"2121";"10/05/2026 00:00:00";"";"2618.3745"
"2122";"10/05/2026 00:00:00";"semi; ""quote""
Zażółć gęślą jaźń";"2619.6090"
"2123";"10/05/2026 00:00:00";"semi; ""quote""
Zażółć gęślą jaźń";"2620.8435"
"2124";"10/05/2026 00:00:00";"semi; ""quote""
Zażółć gęślą jaźń";"2622.0780"
"2125";"10/05/2026 00:00:00";"semi; ""quote""
Zażółć gęślą jaźń";"2623.3125"
"2126";"10/05/2026 00:00:00";"semi; ""quote""
Zażółć gęślą jaźń";"2624.5470"
"2127";"10/05/2026 00:00:00";"semi; ""quote""
Zażółć gęślą jaźń";"2625.7815"
"2128";"10/05/2026 00:00:00";"";"2627.0160"
"2129";"10/05/2026 00:00:00";"semi; ""quote""
Zażółć gęślą jaźń";"2628.2505"
"2130";"10/05/2026 00:00:00";"semi; ""quote""
Zażółć gęślą jaźń";"2629.4850"
"2131";"10/05/2026 00:00:00";"semi; ""quote""
Zażółć gęślą jaźń";"2630.7195"
"2132";"10/05/2026 00:00:00";"semi; ""quote""
Zażółć gęślą jaźń";"2631.9540"
"2133";"10/05/2026 00:00:00";"semi; ""quote""
Zażółć gęślą jaźń";"2633.1885"
"2134";"10/05/2026 00:00:00";"semi; ""quote""
Zażółć gęślą jaźń";"2634.4230"
"2135";"10/05/2026 00:00:00";"";"2635.6575"
"2136";"10/05/2026 00:00:00";"semi; ""quote""
Zażółć gęślą jaźń";"2636.8920"
"2137";"10/05/2026 00:00:00";"semi; ""quote""
Zażółć gęślą jaźń";"2638.1265"
"2138";"10/05/2026 00:00:00";"semi; ""quote""
Zażółć gęślą jaźń";"2639.3610"
"2139";"10/05/2026 00:00:00";"semi; ""quote""
Zażółć gęślą jaźń";"2640.5955"
"2140";"10/05/2026 00:00:00";"semi; ""quote""
Zażółć gęślą jaźń";"2641.8300"
"2141";"10/05/2026 00:00:00";"semi; ""quote""
Zażółć gęślą jaźń";"2643.0645"
"2142";"10/05/2026 00:00:00";"";"2644.2990"
"2143";"10/05/2026 00:00:00";"semi; ""quote""
Zażółć gęślą jaźń";"2645.5335"
"2144";"10/05/2026 00:00:00";"semi; ""quote""
Zażółć gęślą jaźń";"2646.7680"
"2145";"10/05/2026 00:00:00";"semi; ""quote""
Zażółć gęślą jaźń";"2648.0025"
"2146";"10/05/2026 00:00:00";"semi; ""quote""
Zażółć gęślą jaźń";"2649.2370"
"2147";"10/05/2026 00:00:00";"semi; ""quote""
Zażółć gęślą jaźń";"2650.4715"
"2148";"10/05/2026 00:00:00";"semi; ""quote""
Zażółć gęślą jaźń";"2651.7060"
"2149";"10/05/2026 00:00:00";"";"2652.9405"
"2150";"10/05/2026 00:00:00";"semi; ""quote""
Zażółć gęślą jaźń";"2654.1750"
"2151";"10/05/2026 00:00:00";"semi; ""quote""
Zażółć gęślą jaźń";"2655.4095"
"2152";"10/05/2026 00:00:00";"semi; ""quote""
Zażółć gęślą jaźń";"2656.6440"
"2153";"10/05/2026 00:00:00";"semi; ""quote""
Zażółć gęślą jaźń";"2657.8785"
"2154";"10/05/2026 00:00:00";"semi; ""quote""
Zażółć gęślą jaźń";"2659.1130"
"2155";"10/05/2026 00:00:00";"semi; ""quote""
Zażółć gęślą jaźń";"2660.3475"
"2156";"10/05/2026 00:00:00";"";"2661.5820"
"2157";"10/05/2026 00:00:00";"semi; ""quote""
Zażółć gęślą jaźń";"2662.8165"
"2158";"10/05/2026 00:00:00";"semi; ""quote""
Zażółć gęślą jaźń";"2664.0510"
"2159";"10/05/2026 00:00:00";"semi; ""quote""
Zażółć gęślą jaźń";"2665.2855"
"2160";"10/05/2026 00:00:00";"semi; ""quote""
Zażółć gęślą jaźń";"2666.5200"
"2161";"10/05/2026 00:00:00";"semi; ""quote""
Zażółć gęślą jaźń";"2667.7545"
"2162";"10/05/2026 00:00:00";"semi; ""quote""
Zażółć gęślą jaźń";"2668.9890"
"2163";"10/05/2026 00:00:00";"";"2670.2235"
"2164";"10/05/2026 00:00:00";"semi; ""quote""
Zażółć gęślą jaźń";"2671.4580"
"2165";"10/05/2026 00:00:00";"semi; ""quote""
Zażółć gęślą jaźń";"2672.6925"
"2166";"10/05/2026 00:00:00";"semi; ""quote""
Zażółć gęślą jaźń";"2673.9270"
"2167";"10/05/2026 00:00:00";"semi; ""quote""
Zażółć gęślą jaźń";"2675.1615"
"2168";"10/05/2026 00:00:00";"semi; ""quote""
Zażółć gęślą jaźń";"2676.3960"
"2169";"10/05/2026 00:00:00";"semi; ""quote""
Zażółć gęślą jaźń";"2677.6305"
"2170";"10/05/2026 00:00:00";"";"2678.8650"
"2171";"10/05/2026 00:00:00";"semi; ""quote""
Zażółć gęślą jaźń";"2680.0995"
"2172";"10/05/2026 00:00:00";"semi; ""quote""
Zażółć gęślą jaźń";"2681.3340"
"2173";"10/05/2026 00:00:00";"semi; ""quote""
Zażółć gęślą jaźń";"2682.5685"
"2174";"10/05/2026 00:00:00";"semi; ""quote""
Zażółć gęślą jaźń";"2683.8030"
"2175";"10/05/2026 00:00:00";"semi; ""quote""
Zażółć gęślą jaźń";"2685.0375"
"2176";"10/05/2026 00:00:00";"semi; ""quote""
Zażółć gęślą jaźń";"2686.2720"
"2177";"10/05/2026 00:00:00";"";"2687.5065"
"2178";"10/05/2026 00:00:00";"semi; ""quote""
Zażółć gęślą jaźń";"2688.7410"
"2179";"10/05/2026 00:00:00";"semi; ""quote""
Zażółć gęślą jaźń";"2689.9755"
"2180";"10/05/2026 00:00:00";"semi; ""quote""
Zażółć gęślą jaźń";"2691.2100"
"2181";"10/05/2026 00:00:00";"semi; ""quote""
Zażółć gęślą jaźń";"2692.4445"
"2182";"10/05/2026 00:00:00";"semi; ""quote""
Zażółć gęślą jaźń";"2693.6790"
"2183";"10/05/2026 00:00:00";"semi; ""quote""
Zażółć gęślą jaźń";"2694.9135"
"2184";"10/05/2026 00:00:00";"";"2696.1480"
"2185";"10/05/2026 00:00:00";"semi; ""quote""
Zażółć gęślą jaźń";"2697.3825"
"2186";"10/05/2026 00:00:00";"semi; ""quote""
Zażółć gęślą jaźń";"2698.6170"
"2187";"10/05/2026 00:00:00";"semi; ""quote""
Zażółć gęślą jaźń";"2699.8515"
"2188";"10/05/2026 00:00:00";"semi; ""quote""
Zażółć gęślą jaźń";"2701.0860"
"2189";"10/05/2026 00:00:00";"semi; ""quote""
Zażółć gęślą jaźń";"2702.3205"
"2190";"10/05/2026 00:00:00";"semi; ""quote""
Zażółć gęślą jaźń";"2703.5550"
"2191";"10/05/2026 00:00:00";"";"2704.7895"
"2192";"10/05/2026 00:00:00";"semi; ""quote""
Zażółć gęślą jaźń";"2706.0240"
"2193";"10/05/2026 00:00:00";"semi; ""quote""
Zażółć gęślą jaźń";"2707.2585"
"2194";"10/05/2026 00:00:00";"semi; ""quote""
Zażółć gęślą jaźń";"2708.4930"
"2195";"10/05/2026 00:00:00";"semi; ""quote""
Zażółć gęślą jaźń";"2709.7275"
"2196";"10/05/2026 00:00:00";"semi; ""quote""
Zażółć gęślą jaźń";"2710.9620"
"2197";"10/05/2026 00:00:00";"semi; ""quote""
Zażółć gęślą jaźń";"2712.1965"
"2198";"10/05/2026 00:00:00";"";"2713.4310"
"2199";"10/05/2026 00:00:00";"semi; ""quote""
Zażółć gęślą jaźń";"2714.6655"
"2200";"10/05/2026 00:00:00";"semi; ""quote""
Zażółć gęślą jaźń";"2715.9000"
"2201";"10/05/2026 00:00:00";"semi; ""quote""
Zażółć gęślą jaźń";"2717.1345"
"2202";"10/05/2026 00:00:00";"semi; ""quote""
Zażółć gęślą jaźń";"2718.3690"
"2203";"10/05/2026 00:00:00";"semi; ""quote""
Zażółć gęślą jaźń";"2719.6035"
"2204";"10/05/2026 00:00:00";"semi; ""quote""
Zażółć gęślą jaźń";"2720.8380"
"2205";"10/05/2026 00:00:00";"";"2722.0725"
"2206";"10/05/2026 00:00:00";"semi; ""quote""
Zażółć gęślą jaźń";"2723.3070"
"2207";"10/05/2026 00:00:00";"semi; ""quote""
Zażółć gęślą jaźń";"2724.5415"
"2208";"10/05/2026 00:00:00";"semi; ""quote""
Zażółć gęślą jaźń";"2725.7760"
"2209";"10/05/2026 00:00:00";"semi; ""quote""
Zażółć gęślą jaźń";"2727.0105"
"2210";"10/05/2026 00:00:00";"semi; ""quote""
Zażółć gęślą jaźń";"2728.2450"
"2211";"10/05/2026 00:00:00";"semi; ""quote""
Zażółć gęślą jaźń";"2729.4795"
"2212";"10/05/2026 00:00:00";"";"2730.7140"
"2213";"10/05/2026 00:00:00";"semi; ""quote""
Zażółć gęślą jaźń";"2731.9485"
"2214";"10/05/2026 00:00:00";"semi; ""quote""
Zażółć gęślą jaźń";"2733.1830"
"2215";"10/05/2026 00:00:00";"semi; ""quote""
Zażółć gęślą jaźń";"2734.4175"
"2216";"10/05/2026 00:00:00";"semi; ""quote""
Zażółć gęślą jaźń";"2735.6520"
"2217";"10/05/2026 00:00:00";"semi; ""quote""
Zażółć gęślą jaźń";"2736.8865"
"2218";"10/05/2026 00:00:00";"semi; ""quote""
Zażółć gęślą jaźń";"2738.1210"
"2219";"10/05/2026 00:00:00";"";"2739.3555"
"2220";"10/05/2026 00:00:00";"semi; ""quote""
Zażółć gęślą jaźń";"2740.5900"
"2221";"10/05/2026 00:00:00";"semi; ""quote""
Zażółć gęślą jaźń";"2741.8245"
"2222";"10/05/2026 00:00:00";"semi; ""quote""
Zażółć gęślą jaźń";"2743.0590"
"2223";"10/05/2026 00:00:00";"semi; ""quote""
Zażółć gęślą jaźń";"2744.2935"
"2224";"10/05/2026 00:00:00";"semi; ""quote""
Zażółć gęślą jaźń";"2745.5280"
"2225";"10/05/2026 00:00:00";"semi; ""quote""
Zażółć gęślą jaźń";"2746.7625"
"2226";"10/05/2026 00:00:00";"";"2747.9970"
"2227";"10/05/2026 00:00:00";"semi; ""quote""
Zażółć gęślą jaźń";"2749.2315"
"2228";"10/05/2026 00:00:00";"semi; ""quote""
Zażółć gęślą jaźń";"2750.4660"
"2229";"10/05/2026 00:00:00";"semi; ""quote""
Zażółć gęślą jaźń";"2751.7005"
"2230";"10/05/2026 00:00:00";"semi; ""quote""
Zażółć gęślą jaźń";"2752.9350"
"2231";"10/05/2026 00:00:00";"semi; ""quote""
Zażółć gęślą jaźń";"2754.1695"
"2232";"10/05/2026 00:00:00";"semi; ""quote""
Zażółć gęślą jaźń";"2755.4040"
"2233";"10/05/2026 00:00:00";"";"2756.6385"
"2234";"10/05/2026 00:00:00";"semi; ""quote""
Zażółć gęślą jaźń";"2757.8730"
"2235";"10/05/2026 00:00:00";"semi; ""quote""
Zażółć gęślą jaźń";"2759.1075"
"2236";"10/05/2026 00:00:00";"semi; ""quote""
Zażółć gęślą jaźń";"2760.3420"
"2237";"10/05/2026 00:00:00";"semi; ""quote""
Zażółć gęślą jaźń";"2761.5765"
"2238";"10/05/2026 00:00:00";"semi; ""quote""
Zażółć gęślą jaźń";"2762.8110"
"2239";"10/05/2026 00:00:00";"semi; ""quote""
Zażółć gęślą jaźń";"2764.0455"
"2240";"10/05/2026 00:00:00";"";"2765.2800"
"2241";"10/05/2026 00:00:00";"semi; ""quote""
Zażółć gęślą jaźń";"2766.5145"
"2242";"10/05/2026 00:00:00";"semi; ""quote""
Zażółć gęślą jaźń";"2767.7490"
"2243";"10/05/2026 00:00:00";"semi; ""quote""
Zażółć gęślą jaźń";"2768.9835"
"2244";"10/05/2026 00:00:00";"semi; ""quote""
Zażółć gęślą jaźń";"2770.2180"
"2245";"10/05/2026 00:00:00";"semi; ""quote""
Zażółć gęślą jaźń";"2771.4525"
"2246";"10/05/2026 00:00:00";"semi; ""quote""
Zażółć gęślą jaźń";"2772.6870"
"2247";"10/05/2026 00:00:00";"";"2773.9215"
"2248";"10/05/2026 00:00:00";"semi; ""quote""
Zażółć gęślą jaźń";"2775.1560"
"2249";"10/05/2026 00:00:00";"semi; ""quote""
Zażółć gęślą jaźń";"2776.3905"
"2250";"10/05/2026 00:00:00";"semi; ""quote""
Zażółć gęślą jaźń";"2777.6250"
"2251";"10/05/2026 00:00:00";"semi; ""quote""
Zażółć gęślą jaźń";"2778.8595"
"2252";"10/05/2026 00:00:00";"semi; ""quote""
Zażółć gęślą jaźń";"2780.0940"
"2253";"10/05/2026 00:00:00";"semi; ""quote""
Zażółć gęślą jaźń";"2781.3285"
"2254";"10/05/2026 00:00:00";"";"2782.5630"
"2255";"10/05/2026 00:00:00";"semi; ""quote""
Zażółć gęślą jaźń";"2783.7975"
"2256";"10/05/2026 00:00:00";"semi; ""quote""
Zażółć gęślą jaźń";"2785.0320"
"2257";"10/05/2026 00:00:00";"semi; ""quote""
Zażółć gęślą jaźń";"2786.2665"
"2258";"10/05/2026 00:00:00";"semi; ""quote""
Zażółć gęślą jaźń";"2787.5010"
"2259";"10/05/2026 00:00:00";"semi; ""quote""
Zażółć gęślą jaźń";"2788.7355"
"2260";"10/05/2026 00:00:00";"semi; ""quote""
Zażółć gęślą jaźń";"2789.9700"
"2261";"10/05/2026 00:00:00";"";"2791.2045"
"2262";"10/05/2026 00:00:00";"semi; ""quote""
Zażółć gęślą jaźń";"2792.4390"
"2263";"10/05/2026 00:00:00";"semi; ""quote""
Zażółć gęślą jaźń";"2793.6735"
"2264";"10/05/2026 00:00:00";"semi; ""quote""
Zażółć gęślą jaźń";"2794.9080"
"2265";"10/05/2026 00:00:00";"semi; ""quote""
Zażółć gęślą jaźń";"2796.1425"
"2266";"10/05/2026 00:00:00";"semi; ""quote""
Zażółć gęślą jaźń";"2797.3770"
"2267";"10/05/2026 00:00:00";"semi; ""quote""
Zażółć gęślą jaźń";"2798.6115"
"2268";"10/05/2026 00:00:00";"";"2799.8460"
"2269";"10/05/2026 00:00:00";"semi; ""quote""
Zażółć gęślą jaźń";"2801.0805"
"2270";"10/05/2026 00:00:00";"semi; ""quote""
Zażółć gęślą jaźń";"2802.3150"
"2271";"10/05/2026 00:00:00";"semi; ""quote""
Zażółć gęślą jaźń";"2803.5495"
"2272";"10/05/2026 00:00:00";"semi; ""quote""
Zażółć gęślą jaźń";"2804.7840"
"2273";"10/05/2026 00:00:00";"semi; ""quote""
Zażółć gęślą jaźń";"2806.0185"
"2274";"10/05/2026 00:00:00";"semi; ""quote""
Zażółć gęślą jaźń";"2807.2530"
"2275";"10/05/2026 00:00:00";"";"2808.4875"
"2276";"10/05/2026 00:00:00";"semi; ""quote""
Zażółć gęślą jaźń";"2809.7220"
"2277";"10/05/2026 00:00:00";"semi; ""quote""
Zażółć gęślą jaźń";"2810.9565"
"2278";"10/05/2026 00:00:00";"semi; ""quote""
Zażółć gęślą jaźń";"2812.1910"
"2279";"10/05/2026 00:00:00";"semi; ""quote""
Zażółć gęślą jaźń";"2813.4255"
"2280";"10/05/2026 00:00:00";"semi; ""quote""
Zażółć gęślą jaźń";"2814.6600"
"2281";"10/05/2026 00:00:00";"semi; ""quote""
Zażółć gęślą jaźń";"2815.8945"
"2282";"10/05/2026 00:00:00";"";"2817.1290"
"2283";"10/05/2026 00:00:00";"semi; ""quote""
Zażółć gęślą jaźń";"2818.3635"
"2284";"10/05/2026 00:00:00";"semi; ""quote""
Zażółć gęślą jaźń";"2819.5980"
"2285";"10/05/2026 00:00:00";"semi; ""quote""
Zażółć gęślą jaźń";"2820.8325"
"2286";"10/05/2026 00:00:00";"semi; ""quote""
Zażółć gęślą jaźń";"2822.0670"
"2287";"10/05/2026 00:00:00";"semi; ""quote""
Zażółć gęślą jaźń";"2823.3015"
"2288";"10/05/2026 00:00:00";"semi; ""quote""
Zażółć gęślą jaźń";"2824.5360"
"2289";"10/05/2026 00:00:00";"";"2825.7705"
"2290";"10/05/2026 00:00:00";"semi; ""quote""
Zażółć gęślą jaźń";"2827.0050"
"2291";"10/05/2026 00:00:00";"semi; ""quote""
Zażółć gęślą jaźń";"2828.2395"
"2292";"10/05/2026 00:00:00";"semi; ""quote""
Zażółć gęślą jaźń";"2829.4740"
"2293";"10/05/2026 00:00:00";"semi; ""quote""
Zażółć gęślą jaźń";"2830.7085"
"2294";"10/05/2026 00:00:00";"semi; ""quote""
Zażółć gęślą jaźń";"2831.9430"
"2295";"10/05/2026 00:00:00";"semi; ""quote""
Zażółć gęślą jaźń";"2833.1775"
"2296";"10/05/2026 00:00:00";"";"2834.4120"
"2297";"10/05/2026 00:00:00";"semi; ""quote""
Zażółć gęślą jaźń";"2835.6465"
"2298";"10/05/2026 00:00:00";"semi; ""quote""
Zażółć gęślą jaźń";"2836.8810"
"2299";"10/05/2026 00:00:00";"semi; ""quote""
Zażółć gęślą jaźń";"2838.1155"
"2300";"10/05/2026 00:00:00";"semi; ""quote""
Zażółć gęślą jaźń";"2839.3500"
"2301";"10/05/2026 00:00:00";"semi; ""quote""
Zażółć gęślą jaźń";"2840.5845"
"2302";"10/05/2026 00:00:00";"semi; ""quote""
Zażółć gęślą jaźń";"2841.8190"
"2303";"10/05/2026 00:00:00";"";"2843.0535"
"2304";"10/05/2026 00:00:00";"semi; ""quote""
Zażółć gęślą jaźń";"2844.2880"
"2305";"10/05/2026 00:00:00";"semi; ""quote""
Zażółć gęślą jaźń";"2845.5225"
"2306";"10/05/2026 00:00:00";"semi; ""quote""
Zażółć gęślą jaźń";"2846.7570"
"2307";"10/05/2026 00:00:00";"semi; ""quote""
Zażółć gęślą jaźń";"2847.9915"
"2308";"10/05/2026 00:00:00";"semi; ""quote""
Zażółć gęślą jaźń";"2849.2260"
"2309";"10/05/2026 00:00:00";"semi; ""quote""
Zażółć gęślą jaźń";"2850.4605"
"2310";"10/05/2026 00:00:00";"";"2851.6950"
"2311";"10/05/2026 00:00:00";"semi; ""quote""
Zażółć gęślą jaźń";"2852.9295"
"2312";"10/05/2026 00:00:00";"semi; ""quote""
Zażółć gęślą jaźń";"2854.1640"
"2313";"10/05/2026 00:00:00";"semi; ""quote""
Zażółć gęślą jaźń";"2855.3985"
"2314";"10/05/2026 00:00:00";"semi; ""quote""
Zażółć gęślą jaźń";"2856.6330"
"2315";"10/05/2026 00:00:00";"semi; ""quote""
Zażółć gęślą jaźń";"2857.8675"
"2316";"10/05/2026 00:00:00";"semi; ""quote""
Zażółć gęślą jaźń";"2859.1020"
"2317";"10/05/2026 00:00:00";"";"2860.3365"
"2318";"10/05/2026 00:00:00";"semi; ""quote""
Zażółć gęślą jaźń";"2861.5710"
"2319";"10/05/2026 00:00:00";"semi; ""quote""
Zażółć gęślą jaźń";"2862.8055"
"2320";"10/05/2026 00:00:00";"semi; ""quote""
Zażółć gęślą jaźń";"2864.0400"
"2321";"10/05/2026 00:00:00";"semi; ""quote""
Zażółć gęślą jaźń";"2865.2745"
"2322";"10/05/2026 00:00:00";"semi; ""quote""
Zażółć gęślą jaźń";"2866.5090"
"2323";"10/05/2026 00:00:00";"semi; ""quote""
Zażółć gęślą jaźń";"2867.7435"
"2324";"10/05/2026 00:00:00";"";"2868.9780"
"2325";"10/05/2026 00:00:00";"semi; ""quote""
Zażółć gęślą jaźń";"2870.2125"
"2326";"10/05/2026 00:00:00";"semi; ""quote""
Zażółć gęślą jaźń";"2871.4470"
"2327";"10/05/2026 00:00:00";"semi; ""quote""
Zażółć gęślą jaźń";"2872.6815"
"2328";"10/05/2026 00:00:00";"semi; ""quote""
Zażółć gęślą jaźń";"2873.9160"
"2329";"10/05/2026 00:00:00";"semi; ""quote""
Zażółć gęślą jaźń";"2875.1505"
"2330";"10/05/2026 00:00:00";"semi; ""quote""
Zażółć gęślą jaźń";"2876.3850"
"2331";"10/05/2026 00:00:00";"";"2877.6195"
"2332";"10/05/2026 00:00:00";"semi; ""quote""
Zażółć gęślą jaźń";"2878.8540"
"2333";"10/05/2026 00:00:00";"semi; ""quote""
Zażółć gęślą jaźń";"2880.0885"
"2334";"10/05/2026 00:00:00";"semi; ""quote""
Zażółć gęślą jaźń";"2881.3230"
"2335";"10/05/2026 00:00:00";"semi; ""quote""
Zażółć gęślą jaźń";"2882.5575"
"2336";"10/05/2026 00:00:00";"semi; ""quote""
Zażółć gęślą jaźń";"2883.7920"
"2337";"10/05/2026 00:00:00";"semi; ""quote""
Zażółć gęślą jaźń";"2885.0265"
"2338";"10/05/2026 00:00:00";"";"2886.2610"
"2339";"10/05/2026 00:00:00";"semi; ""quote""
Zażółć gęślą jaźń";"2887.4955"
"2340";"10/05/2026 00:00:00";"semi; ""quote""
Zażółć gęślą jaźń";"2888.7300"
"2341";"10/05/2026 00:00:00";"semi; ""quote""
Zażółć gęślą jaźń";"2889.9645"
"2342";"10/05/2026 00:00:00";"semi; ""quote""
Zażółć gęślą jaźń";"2891.1990"
"2343";"10/05/2026 00:00:00";"semi; ""quote""
Zażółć gęślą jaźń";"2892.4335"
"2344";"10/05/2026 00:00:00";"semi; ""quote""
Zażółć gęślą jaźń";"2893.6680"
"2345";"10/05/2026 00:00:00";"";"2894.9025"
"2346";"10/05/2026 00:00:00";"semi; ""quote""
Zażółć gęślą jaźń";"2896.1370"
"2347";"10/05/2026 00:00:00";"semi; ""quote""
Zażółć gęślą jaźń";"2897.3715"
"2348";"10/05/2026 00:00:00";"semi; ""quote""
Zażółć gęślą jaźń";"2898.6060"
"2349";"10/05/2026 00:00:00";"semi; ""quote""
Zażółć gęślą jaźń";"2899.8405"
"2350";"10/05/2026 00:00:00";"semi; ""quote""
Zażółć gęślą jaźń";"2901.0750"
"2351";"10/05/2026 00:00:00";"semi; ""quote""
Zażółć gęślą jaźń";"2902.3095"
"2352";"10/05/2026 00:00:00";"";"2903.5440"
"2353";"10/05/2026 00:00:00";"semi; ""quote""
Zażółć gęślą jaźń";"2904.7785"
"2354";"10/05/2026 00:00:00";"semi; ""quote""
Zażółć gęślą jaźń";"2906.0130"
"2355";"10/05/2026 00:00:00";"semi; ""quote""
Zażółć gęślą jaźń";"2907.2475"
"2356";"10/05/2026 00:00:00";"semi; ""quote""
Zażółć gęślą jaźń";"2908.4820"
"2357";"10/05/2026 00:00:00";"semi; ""quote""
Zażółć gęślą jaźń";"2909.7165"
"2358";"10/05/2026 00:00:00";"semi; ""quote""
Zażółć gęślą jaźń";"2910.9510"
"2359";"10/05/2026 00:00:00";"";"2912.1855"
"2360";"10/05/2026 00:00:00";"semi; ""quote""
Zażółć gęślą jaźń";"2913.4200"
"2361";"10/05/2026 00:00:00";"semi; ""quote""
Zażółć gęślą jaźń";"2914.6545"
"2362";"10/05/2026 00:00:00";"semi; ""quote""
Zażółć gęślą jaźń";"2915.8890"
"2363";"10/05/2026 00:00:00";"semi; ""quote""
Zażółć gęślą jaźń";"2917.1235"
"2364";"10/05/2026 00:00:00";"semi; ""quote""
Zażółć gęślą jaźń";"2918.3580"
"2365";"10/05/2026 00:00:00";"semi; ""quote""
Zażółć gęślą jaźń";"2919.5925"
"2366";"10/05/2026 00:00:00";"";"2920.8270"
"2367";"10/05/2026 00:00:00";"semi; ""quote""
Zażółć gęślą jaźń";"2922.0615"
"2368";"10/05/2026 00:00:00";"semi; ""quote""
Zażółć gęślą jaźń";"2923.2960"
"2369";"10/05/2026 00:00:00";"semi; ""quote""
Zażółć gęślą jaźń";"2924.5305"
"2370";"10/05/2026 00:00:00";"semi; ""quote""
Zażółć gęślą jaźń";"2925.7650"
"2371";"10/05/2026 00:00:00";"semi; ""quote""
Zażółć gęślą jaźń";"2926.9995"
"2372";"10/05/2026 00:00:00";"semi; ""quote""
Zażółć gęślą jaźń";"2928.2340"
"2373";"10/05/2026 00:00:00";"";"2929.4685"
"2374";"10/05/2026 00:00:00";"semi; ""quote""
Zażółć gęślą jaźń";"2930.7030"
"2375";"10/05/2026 00:00:00";"semi; ""quote""
Zażółć gęślą jaźń";"2931.9375"
"2376";"10/05/2026 00:00:00";"semi; ""quote""
Zażółć gęślą jaźń";"2933.1720"
"2377";"10/05/2026 00:00:00";"semi; ""quote""
Zażółć gęślą jaźń";"2934.4065"
"2378";"10/05/2026 00:00:00";"semi; ""quote""
Zażółć gęślą jaźń";"2935.6410"
"2379";"10/05/2026 00:00:00";"semi; ""quote""
Zażółć gęślą jaźń";"2936.8755"
"2380";"10/05/2026 00:00:00";"";"2938.1100"
"2381";"10/05/2026 00:00:00";"semi; ""quote""
Zażółć gęślą jaźń";"2939.3445"
"2382";"10/05/2026 00:00:00";"semi; ""quote""
Zażółć gęślą jaźń";"2940.5790"
"2383";"10/05/2026 00:00:00";"semi; ""quote""
Zażółć gęślą jaźń";"2941.8135"
"2384";"10/05/2026 00:00:00";"semi; ""quote""
Zażółć gęślą jaźń";"2943.0480"
"2385";"10/05/2026 00:00:00";"semi; ""quote""
Zażółć gęślą jaźń";"2944.2825"
"2386";"10/05/2026 00:00:00";"semi; ""quote""
Zażółć gęślą jaźń";"2945.5170"
"2387";"10/05/2026 00:00:00";"";"2946.7515"
"2388";"10/05/2026 00:00:00";"semi; ""quote""
Zażółć gęślą jaźń";"2947.9860"
"2389";"10/05/2026 00:00:00";"semi; ""quote""
Zażółć gęślą jaźń";"2949.2205"
"2390";"10/05/2026 00:00:00";"semi; ""quote""
Zażółć gęślą jaźń";"2950.4550"
"2391";"10/05/2026 00:00:00";"semi; ""quote""
Zażółć gęślą jaźń";"2951.6895"
"2392";"10/05/2026 00:00:00";"semi; ""quote""
Zażółć gęślą jaźń";"2952.9240"
"2393";"10/05/2026 00:00:00";"semi; ""quote""
Zażółć gęślą jaźń";"2954.1585"
"2394";"10/05/2026 00:00:00";"";"2955.3930"
"2395";"10/05/2026 00:00:00";"semi; ""quote""
Zażółć gęślą jaźń";"2956.6275"
"2396";"10/05/2026 00:00:00";"semi; ""quote""
Zażółć gęślą jaźń";"2957.8620"
"2397";"10/05/2026 00:00:00";"semi; ""quote""
Zażółć gęślą jaźń";"2959.0965"
"2398";"10/05/2026 00:00:00";"semi; ""quote""
Zażółć gęślą jaźń";"2960.3310"
"2399";"10/05/2026 00:00:00";"semi; ""quote""
Zażółć gęślą jaźń";"2961.5655"
"2400";"10/05/2026 00:00:00";"semi; ""quote""
Zażółć gęślą jaźń";"2962.8000"
"2401";"10/05/2026 00:00:00";"";"2964.0345"
"2402";"10/05/2026 00:00:00";"semi; ""quote""
Zażółć gęślą jaźń";"2965.2690"
"2403";"10/05/2026 00:00:00";"semi; ""quote""
Zażółć gęślą jaźń";"2966.5035"
"2404";"10/05/2026 00:00:00";"semi; ""quote""
Zażółć gęślą jaźń";"2967.7380"
"2405";"10/05/2026 00:00:00";"semi; ""quote""
Zażółć gęślą jaźń";"2968.9725"
"2406";"10/05/2026 00:00:00";"semi; ""quote""
Zażółć gęślą jaźń";"2970.2070"
"2407";"10/05/2026 00:00:00";"semi; ""quote""
Zażółć gęślą jaźń";"2971.4415"
"2408";"10/05/2026 00:00:00";"";"2972.6760"
"2409";"10/05/2026 00:00:00";"semi; ""quote""
Zażółć gęślą jaźń";"2973.9105"
"2410";"10/05/2026 00:00:00";"semi; ""quote""
Zażółć gęślą jaźń";"2975.1450"
"2411";"10/05/2026 00:00:00";"semi; ""quote""
Zażółć gęślą jaźń";"2976.3795"
"2412";"10/05/2026 00:00:00";"semi; ""quote""
Zażółć gęślą jaźń";"2977.6140"
"2413";"10/05/2026 00:00:00";"semi; ""quote""
Zażółć gęślą jaźń";"2978.8485"
"2414";"10/05/2026 00:00:00";"semi; ""quote""
Zażółć gęślą jaźń";"2980.0830"
"2415";"10/05/2026 00:00:00";"";"2981.3175"
"2416";"10/05/2026 00:00:00";"semi; ""quote""
Zażółć gęślą jaźń";"2982.5520"
"2417";"10/05/2026 00:00:00";"semi; ""quote""
Zażółć gęślą jaźń";"2983.7865"
"2418";"10/05/2026 00:00:00";"semi; ""quote""
Zażółć gęślą jaźń";"2985.0210"
"2419";"10/05/2026 00:00:00";"semi; ""quote""
Zażółć gęślą jaźń";"2986.2555"
"2420";"10/05/2026 00:00:00";"semi; ""quote""
Zażółć gęślą jaźń";"2987.4900"
"2421";"10/05/2026 00:00:00";"semi; ""quote""
Zażółć gęślą jaźń";"2988.7245"
"2422";"10/05/2026 00:00:00";"";"2989.9590"
"2423";"10/05/2026 00:00:00";"semi; ""quote""
Zażółć gęślą jaźń";"2991.1935"
"2424";"10/05/2026 00:00:00";"semi; ""quote""
Zażółć gęślą jaźń";"2992.4280"
"2425";"10/05/2026 00:00:00";"semi; ""quote""
Zażółć gęślą jaźń";"2993.6625"
"2426";"10/05/2026 00:00:00";"semi; ""quote""
Zażółć gęślą jaźń";"2994.8970"
"2427";"10/05/2026 00:00:00";"semi; ""quote""
Zażółć gęślą jaźń";"2996.1315"
"2428";"10/05/2026 00:00:00";"semi; ""quote""
Zażółć gęślą jaźń";"2997.3660"
"2429";"10/05/2026 00:00:00";"";"2998.6005"
"2430";"10/05/2026 00:00:00";"semi; ""quote""
Zażółć gęślą jaźń";"2999.8350"
"2431";"10/05/2026 00:00:00";"semi; ""quote""
Zażółć gęślą jaźń";"3001.0695"
"2432";"10/05/2026 00:00:00";"semi; ""quote""
Zażółć gęślą jaźń";"3002.3040"
"2433";"10/05/2026 00:00:00";"semi; ""quote""
Zażółć gęślą jaźń";"3003.5385"
"2434";"10/05/2026 00:00:00";"semi; ""quote""
Zażółć gęślą jaźń";"3004.7730"
"2435";"10/05/2026 00:00:00";"semi; ""quote""
Zażółć gęślą jaźń";"3006.0075"
"2436";"10/05/2026 00:00:00";"";"3007.2420"
"2437";"10/05/2026 00:00:00";"semi; ""quote""
Zażółć gęślą jaźń";"3008.4765"
"2438";"10/05/2026 00:00:00";"semi; ""quote""
Zażółć gęślą jaźń";"3009.7110"
"2439";"10/05/2026 00:00:00";"semi; ""quote""
Zażółć gęślą jaźń";"3010.9455"
"2440";"10/05/2026 00:00:00";"semi; ""quote""
Zażółć gęślą jaźń";"3012.1800"
"2441";"10/05/2026 00:00:00";"semi; ""quote""
Zażółć gęślą jaźń";"3013.4145"
"2442";"10/05/2026 00:00:00";"semi; ""quote""
Zażółć gęślą jaźń";"3014.6490"
"2443";"10/05/2026 00:00:00";"";"3015.8835"
"2444";"10/05/2026 00:00:00";"semi; ""quote""
Zażółć gęślą jaźń";"3017.1180"
"2445";"10/05/2026 00:00:00";"semi; ""quote""
Zażółć gęślą jaźń";"3018.3525"
"2446";"10/05/2026 00:00:00";"semi; ""quote""
Zażółć gęślą jaźń";"3019.5870"
"2447";"10/05/2026 00:00:00";"semi; ""quote""
Zażółć gęślą jaźń";"3020.8215"
"2448";"10/05/2026 00:00:00";"semi; ""quote""
Zażółć gęślą jaźń";"3022.0560"
"2449";"10/05/2026 00:00:00";"semi; ""quote""
Zażółć gęślą jaźń";"3023.2905"
"2450";"10/05/2026 00:00:00";"";"3024.5250"
"2451";"10/05/2026 00:00:00";"semi; ""quote""
Zażółć gęślą jaźń";"3025.7595"
"2452";"10/05/2026 00:00:00";"semi; ""quote""
Zażółć gęślą jaźń";"3026.9940"
"2453";"10/05/2026 00:00:00";"semi; ""quote""
Zażółć gęślą jaźń";"3028.2285"
"2454";"10/05/2026 00:00:00";"semi; ""quote""
Zażółć gęślą jaźń";"3029.4630"
"2455";"10/05/2026 00:00:00";"semi; ""quote""
Zażółć gęślą jaźń";"3030.6975"
"2456";"10/05/2026 00:00:00";"semi; ""quote""
Zażółć gęślą jaźń";"3031.9320"
"2457";"10/05/2026 00:00:00";"";"3033.1665"
"2458";"10/05/2026 00:00:00";"semi; ""quote""
Zażółć gęślą jaźń";"3034.4010"
"2459";"10/05/2026 00:00:00";"semi; ""quote""
Zażółć gęślą jaźń";"3035.6355"
"2460";"10/05/2026 00:00:00";"semi; ""quote""
Zażółć gęślą jaźń";"3036.8700"
"2461";"10/05/2026 00:00:00";"semi; ""quote""
Zażółć gęślą jaźń";"3038.1045"
"2462";"10/05/2026 00:00:00";"semi; ""quote""
Zażółć gęślą jaźń";"3039.3390"
"2463";"10/05/2026 00:00:00";"semi; ""quote""
Zażółć gęślą jaźń";"3040.5735"
"2464";"10/05/2026 00:00:00";"";"3041.8080"
"2465";"10/05/2026 00:00:00";"semi; ""quote""
Zażółć gęślą jaźń";"3043.0425"
"2466";"10/05/2026 00:00:00";"semi; ""quote""
Zażółć gęślą jaźń";"3044.2770"
"2467";"10/05/2026 00:00:00";"semi; ""quote""
Zażółć gęślą jaźń";"3045.5115"
"2468";"10/05/2026 00:00:00";"semi; ""quote""
Zażółć gęślą jaźń";"3046.7460"
"2469";"10/05/2026 00:00:00";"semi; ""quote""
Zażółć gęślą jaźń";"3047.9805"
"2470";"10/05/2026 00:00:00";"semi; ""quote""
Zażółć gęślą jaźń";"3049.2150"
"2471";"10/05/2026 00:00:00";"";"3050.4495"
"2472";"10/05/2026 00:00:00";"semi; ""quote""
Zażółć gęślą jaźń";"3051.6840"
"2473";"10/05/2026 00:00:00";"semi; ""quote""
Zażółć gęślą jaźń";"3052.9185"
"2474";"10/05/2026 00:00:00";"semi; ""quote""
Zażółć gęślą jaźń";"3054.1530"
"2475";"10/05/2026 00:00:00";"semi; ""quote""
Zażółć gęślą jaźń";"3055.3875"
"2476";"10/05/2026 00:00:00";"semi; ""quote""
Zażółć gęślą jaźń";"3056.6220"
"2477";"10/05/2026 00:00:00";"semi; ""quote""
Zażółć gęślą jaźń";"3057.8565"
"2478";"10/05/2026 00:00:00";"";"3059.0910"
"2479";"10/05/2026 00:00:00";"semi; ""quote""
Zażółć gęślą jaźń";"3060.3255"
"2480";"10/05/2026 00:00:00";"semi; ""quote""
Zażółć gęślą jaźń";"3061.5600"
"2481";"10/05/2026 00:00:00";"semi; ""quote""
Zażółć gęślą jaźń";"3062.7945"
"2482";"10/05/2026 00:00:00";"semi; ""quote""
Zażółć gęślą jaźń";"3064.0290"
"2483";"10/05/2026 00:00:00";"semi; ""quote""
Zażółć gęślą jaźń";"3065.2635"
"2484";"10/05/2026 00:00:00";"semi; ""quote""
Zażółć gęślą jaźń";"3066.4980"
"2485";"10/05/2026 00:00:00";"";"3067.7325"
"2486";"10/05/2026 00:00:00";"semi; ""quote""
Zażółć gęślą jaźń";"3068.9670"
"2487";"10/05/2026 00:00:00";"semi; ""quote""
Zażółć gęślą jaźń";"3070.2015"
"2488";"10/05/2026 00:00:00";"semi; ""quote""
Zażółć gęślą jaźń";"3071.4360"
"2489";"10/05/2026 00:00:00";"semi; ""quote""
Zażółć gęślą jaźń";"3072.6705"
"2490";"10/05/2026 00:00:00";"semi; ""quote""
Zażółć gęślą jaźń";"3073.9050"
"2491";"10/05/2026 00:00:00";"semi; ""quote""
Zażółć gęślą jaźń";"3075.1395"
"2492";"10/05/2026 00:00:00";"";"3076.3740"
"2493";"10/05/2026 00:00:00";"semi; ""quote""
Zażółć gęślą jaźń";"3077.6085"
"2494";"10/05/2026 00:00:00";"semi; ""quote""
Zażółć gęślą jaźń";"3078.8430"
"2495";"10/05/2026 00:00:00";"semi; ""quote""
Zażółć gęślą jaźń";"3080.0775"
"2496";"10/05/2026 00:00:00";"semi; ""quote""
Zażółć gęślą jaźń";"3081.3120"
"2497";"10/05/2026 00:00:00";"semi; ""quote""
Zażółć gęślą jaźń";"3082.5465"
"2498";"10/05/2026 00:00:00";"semi; ""quote""
Zażółć gęślą jaźń";"3083.7810"
"2499";"10/05/2026 00:00:00";"";"3085.0155"
"2500";"10/05/2026 00:00:00";"semi; ""quote""
Zażółć gęślą jaźń";"3086.2500"
"2501";"10/05/2026 00:00:00";"semi; ""quote""
Zażółć gęślą jaźń";"3087.4845"
"2502";"10/05/2026 00:00:00";"semi; ""quote""
Zażółć gęślą jaźń";"3088.7190"
"2503";"10/05/2026 00:00:00";"semi; ""quote""
Zażółć gęślą jaźń";"3089.9535"
"2504";"10/05/2026 00:00:00";"semi; ""quote""
Zażółć gęślą jaźń";"3091.1880"
"2505";"10/05/2026 00:00:00";"semi; ""quote""
Zażółć gęślą jaźń";"3092.4225"
"3000";"10/06/2026 00:00:00";"last eligible day";"7.0000"
